CustomerID,Recency,Frequency,Monetary,AverageOrderValue,ChurnProbability,RiskTier
12821,214,1,92.72,92.72,1.0,High Risk
18250,310,1,349.27,349.27,1.0,High Risk
12852,295,1,311.55,311.55,1.0,High Risk
12829,337,2,293.0,146.5,1.0,High Risk
12834,283,1,312.38,312.38,1.0,High Risk
13682,187,1,59.5,59.5,1.0,High Risk
13684,286,1,65.13,65.13,1.0,High Risk
13512,261,1,251.21,251.21,1.0,High Risk
13513,127,1,205.1,205.1,1.0,High Risk
13699,155,1,308.58,308.58,1.0,High Risk
13703,318,1,99.5,99.5,1.0,High Risk
13706,303,1,330.79,330.79,1.0,High Risk
13708,271,1,285.33,285.33,1.0,High Risk
13712,247,1,228.84,228.84,1.0,High Risk
13715,281,5,1077.39,215.48,1.0,High Risk
13718,246,2,306.55,153.28,1.0,High Risk
13737,200,1,339.6,339.6,1.0,High Risk
13740,241,1,350.75,350.75,1.0,High Risk
13747,374,1,79.6,79.6,1.0,High Risk
13762,219,1,306.72,306.72,1.0,High Risk
12897,205,2,216.5,108.25,1.0,High Risk
18004,362,1,157.92,157.92,1.0,High Risk
18009,235,1,247.39,247.39,1.0,High Risk
18011,373,1,102.79,102.79,1.0,High Risk
18062,173,3,720.52,240.17,1.0,High Risk
18068,289,1,101.7,101.7,1.0,High Risk
18072,186,1,247.44,247.44,1.0,High Risk
18086,274,1,101.34,101.34,1.0,High Risk
18095,312,2,580.05,290.02,1.0,High Risk
18099,127,1,168.31,168.31,1.0,High Risk
18108,254,1,271.0,271.0,1.0,High Risk
18114,290,1,220.1,220.1,1.0,High Risk
12908,176,2,750.0,375.0,1.0,High Risk
17891,162,1,203.86,203.86,1.0,High Risk
17893,225,1,107.21,107.21,1.0,High Risk
17899,159,1,154.55,154.55,1.0,High Risk
17908,374,1,232.03,232.03,1.0,High Risk
17923,282,1,207.5,207.5,1.0,High Risk
17925,373,1,244.08,244.08,1.0,High Risk
17941,131,1,304.56,304.56,1.0,High Risk
17948,147,1,358.56,358.56,1.0,High Risk
17968,374,1,265.1,265.1,1.0,High Risk
17976,372,1,321.79,321.79,1.0,High Risk
17978,365,1,300.92,300.92,1.0,High Risk
17984,145,1,152.68,152.68,1.0,High Risk
17752,359,1,80.64,80.64,1.0,High Risk
17775,255,1,56.4,56.4,1.0,High Risk
17781,159,2,188.02,94.01,1.0,High Risk
17789,281,1,225.9,225.9,1.0,High Risk
17843,303,1,205.48,205.48,1.0,High Risk
17854,185,2,311.26,155.63,1.0,High Risk
17855,373,1,208.97,208.97,1.0,High Risk
17859,305,1,141.92,141.92,1.0,High Risk
17860,369,1,226.45,226.45,1.0,High Risk
17862,324,1,330.9,330.9,1.0,High Risk
17866,143,1,329.65,329.65,1.0,High Risk
17871,205,1,155.9,155.9,1.0,High Risk
17877,170,1,237.61,237.61,1.0,High Risk
17879,174,1,178.52,178.52,1.0,High Risk
17889,212,2,201.37,100.68,1.0,High Risk
17578,218,1,143.46,143.46,1.0,High Risk
17619,312,1,214.37,214.37,1.0,High Risk
17630,170,2,503.6,251.8,1.0,High Risk
17643,373,1,101.55,101.55,1.0,High Risk
17670,228,1,205.7,205.7,1.0,High Risk
17693,137,1,200.47,200.47,1.0,High Risk
17694,142,1,283.12,283.12,1.0,High Risk
17697,236,1,338.95,338.95,1.0,High Risk
17698,261,1,154.95,154.95,1.0,High Risk
17714,321,1,153.0,153.0,1.0,High Risk
17715,201,1,326.4,326.4,1.0,High Risk
17732,373,1,303.97,303.97,1.0,High Risk
17367,238,1,167.55,167.55,1.0,High Risk
17374,219,2,495.77,247.88,1.0,High Risk
17375,199,3,400.1,133.37,1.0,High Risk
17394,219,1,203.87,203.87,1.0,High Risk
17456,365,1,249.86,249.86,1.0,High Risk
17496,359,1,271.05,271.05,1.0,High Risk
17514,128,1,208.65,208.65,1.0,High Risk
17517,309,1,153.94,153.94,1.0,High Risk
17535,280,1,164.4,164.4,1.0,High Risk
17548,234,1,103.3,103.3,1.0,High Risk
17556,206,1,157.9,157.9,1.0,High Risk
17569,332,1,344.14,344.14,1.0,High Risk
13494,312,1,316.26,316.26,1.0,High Risk
13506,316,2,458.52,229.26,1.0,High Risk
13786,367,1,230.4,230.4,1.0,High Risk
13799,117,2,688.86,344.43,1.0,High Risk
13803,255,1,277.07,277.07,1.0,High Risk
13837,212,2,266.59,133.3,1.0,High Risk
13841,253,1,85.0,85.0,1.0,High Risk
13859,326,1,201.16,201.16,1.0,High Risk
13863,248,1,305.78,305.78,1.0,High Risk
13887,204,1,349.55,349.55,1.0,High Risk
13888,120,2,595.67,297.83,1.0,High Risk
13898,326,1,155.93,155.93,1.0,High Risk
17194,274,2,262.62,131.31,1.0,High Risk
17212,253,1,226.85,226.85,1.0,High Risk
13005,174,2,513.7,256.85,1.0,High Risk
13008,323,1,229.47,229.47,1.0,High Risk
17248,120,1,318.65,318.65,1.0,High Risk
17251,363,1,269.83,269.83,1.0,High Risk
17263,208,1,63.44,63.44,1.0,High Risk
17278,241,1,246.04,246.04,1.0,High Risk
17298,101,2,498.42,249.21,1.0,High Risk
17303,361,1,250.04,250.04,1.0,High Risk
17325,280,1,96.8,96.8,1.0,High Risk
17349,179,1,98.25,98.25,1.0,High Risk
17051,194,1,240.89,240.89,1.0,High Risk
17060,266,1,234.24,234.24,1.0,High Risk
17070,114,1,304.24,304.24,1.0,High Risk
17094,322,1,302.0,302.0,1.0,High Risk
17105,159,2,665.78,332.89,1.0,High Risk
17110,165,1,163.3,163.3,1.0,High Risk
17118,318,1,157.02,157.02,1.0,High Risk
17120,233,1,307.46,307.46,1.0,High Risk
17123,162,1,345.3,345.3,1.0,High Risk
17128,335,1,157.09,157.09,1.0,High Risk
17165,284,1,158.68,158.68,1.0,High Risk
17171,289,1,224.91,224.91,1.0,High Risk
17174,218,1,59.9,59.9,1.0,High Risk
17176,202,1,306.13,306.13,1.0,High Risk
17179,178,3,711.79,237.26,1.0,High Risk
17187,227,1,203.95,203.95,1.0,High Risk
13060,254,1,307.53,307.53,1.0,High Risk
13062,191,1,346.98,346.98,1.0,High Risk
13065,373,1,205.86,205.86,1.0,High Risk
16850,334,1,332.41,332.41,1.0,High Risk
16859,145,2,747.81,373.9,1.0,High Risk
16926,371,1,230.25,230.25,1.0,High Risk
16948,139,3,435.02,145.01,1.0,High Risk
16961,116,1,234.17,234.17,1.0,High Risk
16965,227,1,201.19,201.19,1.0,High Risk
16967,189,1,319.02,319.02,1.0,High Risk
16976,267,1,251.52,251.52,1.0,High Risk
16990,219,1,179.0,179.0,1.0,High Risk
17029,111,2,716.0,358.0,1.0,High Risk
17035,246,2,433.53,216.76,1.0,High Risk
13070,192,1,228.8,228.8,1.0,High Risk
13080,179,1,58.08,58.08,1.0,High Risk
16727,364,1,256.32,256.32,1.0,High Risk
16739,177,1,323.0,323.0,1.0,High Risk
16752,373,1,207.5,207.5,1.0,High Risk
16756,215,1,239.4,239.4,1.0,High Risk
16757,319,1,106.83,106.83,1.0,High Risk
16769,260,1,361.54,361.54,1.0,High Risk
16781,372,1,311.25,311.25,1.0,High Risk
16788,123,2,594.39,297.2,1.0,High Risk
16810,192,1,309.54,309.54,1.0,High Risk
16823,227,1,358.38,358.38,1.0,High Risk
16838,197,2,588.85,294.42,1.0,High Risk
13045,99,1,305.28,305.28,1.0,High Risk
13052,212,1,348.15,348.15,1.0,High Risk
13099,99,1,207.36,207.36,1.0,High Risk
13101,234,1,101.19,101.19,1.0,High Risk
13108,373,1,350.06,350.06,1.0,High Risk
16581,183,1,105.84,105.84,1.0,High Risk
16582,113,1,313.62,313.62,1.0,High Risk
16583,374,1,233.45,233.45,1.0,High Risk
16587,232,1,225.15,225.15,1.0,High Risk
16610,219,1,75.66,75.66,1.0,High Risk
16617,236,1,151.85,151.85,1.0,High Risk
16619,264,1,226.21,226.21,1.0,High Risk
16625,274,1,333.08,333.08,1.0,High Risk
16641,106,1,231.1,231.1,1.0,High Risk
16647,170,2,214.06,107.03,1.0,High Risk
13121,269,1,283.73,283.73,1.0,High Risk
16425,302,1,302.7,302.7,1.0,High Risk
16427,263,2,241.06,120.53,1.0,High Risk
16429,106,1,284.55,284.55,1.0,High Risk
16447,136,1,255.91,255.91,1.0,High Risk
16450,150,1,311.92,311.92,1.0,High Risk
16457,218,1,208.36,208.36,1.0,High Risk
16461,178,1,142.92,142.92,1.0,High Risk
16471,275,1,223.95,223.95,1.0,High Risk
16510,372,1,248.1,248.1,1.0,High Risk
16517,277,1,162.7,162.7,1.0,High Risk
16545,165,1,339.3,339.3,1.0,High Risk
16546,291,2,787.15,393.58,1.0,High Risk
13474,236,1,226.84,226.84,1.0,High Risk
13479,201,2,300.95,150.48,1.0,High Risk
13484,241,1,313.8,313.8,1.0,High Risk
13932,295,1,307.4,307.4,1.0,High Risk
13937,169,1,158.85,158.85,1.0,High Risk
13948,361,1,102.0,102.0,1.0,High Risk
13967,146,1,80.7,80.7,1.0,High Risk
13973,287,1,264.7,264.7,1.0,High Risk
13976,207,1,357.98,357.98,1.0,High Risk
13990,213,1,311.3,311.3,1.0,High Risk
14012,278,1,328.8,328.8,1.0,High Risk
14046,284,1,154.99,154.99,1.0,High Risk
14053,124,2,260.25,130.12,1.0,High Risk
16282,340,1,168.3,168.3,1.0,High Risk
16287,170,1,142.5,142.5,1.0,High Risk
16292,122,1,302.25,302.25,1.0,High Risk
16297,269,1,301.9,301.9,1.0,High Risk
16302,127,1,233.22,233.22,1.0,High Risk
16305,139,1,361.22,361.22,1.0,High Risk
16309,106,2,706.57,353.28,1.0,High Risk
16315,331,1,226.37,226.37,1.0,High Risk
16323,196,1,207.5,207.5,1.0,High Risk
16338,157,1,214.8,214.8,1.0,High Risk
16339,284,1,94.05,94.05,1.0,High Risk
16351,333,1,153.9,153.9,1.0,High Risk
16387,323,1,94.36,94.36,1.0,High Risk
16392,270,1,217.89,217.89,1.0,High Risk
16400,95,1,303.93,303.93,1.0,High Risk
16105,249,1,336.96,336.96,1.0,High Risk
16109,219,2,611.88,305.94,1.0,High Risk
16113,183,1,161.38,161.38,1.0,High Risk
16117,190,1,232.21,232.21,1.0,High Risk
16124,317,1,249.0,249.0,1.0,High Risk
16159,282,1,348.2,348.2,1.0,High Risk
16193,237,1,314.45,314.45,1.0,High Risk
16217,235,2,304.25,152.12,1.0,High Risk
16227,225,1,314.22,314.22,1.0,High Risk
16274,373,1,351.75,351.75,1.0,High Risk
13187,337,1,236.02,236.02,1.0,High Risk
13194,136,1,60.7,60.7,1.0,High Risk
15942,134,1,337.44,337.44,1.0,High Risk
15944,277,1,325.1,325.1,1.0,High Risk
15970,304,1,314.1,314.1,1.0,High Risk
15973,367,1,307.82,307.82,1.0,High Risk
16006,211,1,101.4,101.4,1.0,High Risk
16010,246,3,392.4,130.8,1.0,High Risk
16030,310,1,331.24,331.24,1.0,High Risk
16063,260,1,335.32,335.32,1.0,High Risk
16078,284,1,79.2,79.2,1.0,High Risk
16096,264,1,320.62,320.62,1.0,High Risk
13462,253,1,151.5,151.5,1.0,High Risk
13466,184,1,307.9,307.9,1.0,High Risk
14066,267,1,152.55,152.55,1.0,High Risk
14068,320,1,265.85,265.85,1.0,High Risk
14117,144,1,90.0,90.0,1.0,High Risk
14127,123,3,709.71,236.57,1.0,High Risk
14142,373,1,311.81,311.81,1.0,High Risk
14148,234,1,157.2,157.2,1.0,High Risk
14196,107,1,335.52,335.52,1.0,High Risk
14206,239,1,328.16,328.16,1.0,High Risk
14208,95,1,151.74,151.74,1.0,High Risk
14220,247,2,632.4,316.2,1.0,High Risk
14237,373,1,161.0,161.0,1.0,High Risk
13216,268,1,333.74,333.74,1.0,High Risk
15775,245,1,104.9,104.9,1.0,High Risk
15776,133,1,241.62,241.62,1.0,High Risk
15789,358,1,351.3,351.3,1.0,High Risk
15800,107,2,696.89,348.44,1.0,High Risk
15820,320,1,206.98,206.98,1.0,High Risk
15866,101,1,211.89,211.89,1.0,High Risk
15880,369,1,329.03,329.03,1.0,High Risk
15899,369,1,56.25,56.25,1.0,High Risk
15912,178,2,264.62,132.31,1.0,High Risk
15921,173,1,323.03,323.03,1.0,High Risk
15925,194,1,207.15,207.15,1.0,High Risk
13185,268,1,71.4,71.4,1.0,High Risk
13223,200,2,163.2,81.6,1.0,High Risk
13227,202,1,257.7,257.7,1.0,High Risk
13229,226,1,160.95,160.95,1.0,High Risk
13239,262,1,329.56,329.56,1.0,High Risk
15607,337,1,104.76,104.76,1.0,High Risk
15623,141,1,301.03,301.03,1.0,High Risk
15661,317,2,309.8,154.9,1.0,High Risk
15703,265,1,211.5,211.5,1.0,High Risk
15705,201,1,143.1,143.1,1.0,High Risk
15724,201,2,218.25,109.12,1.0,High Risk
15729,213,1,85.0,85.0,1.0,High Risk
15733,283,1,162.3,162.3,1.0,High Risk
15753,305,1,79.2,79.2,1.0,High Risk
13210,94,1,353.48,353.48,1.0,High Risk
13249,92,3,711.41,237.14,1.0,High Risk
13262,263,1,200.29,200.29,1.0,High Risk
15437,262,1,200.16,200.16,1.0,High Risk
15438,131,1,156.58,156.58,1.0,High Risk
15447,331,1,155.17,155.17,1.0,High Risk
15454,362,1,179.1,179.1,1.0,High Risk
15457,262,1,237.07,237.07,1.0,High Risk
15460,354,1,214.26,214.26,1.0,High Risk
15510,331,1,250.0,250.0,1.0,High Risk
15517,233,1,267.03,267.03,1.0,High Risk
15528,254,1,229.33,229.33,1.0,High Risk
15541,114,1,85.13,85.13,1.0,High Risk
15552,217,1,90.12,90.12,1.0,High Risk
15554,278,1,217.2,217.2,1.0,High Risk
15308,274,1,310.47,310.47,1.0,High Risk
15314,199,1,327.97,327.97,1.0,High Risk
15316,327,1,165.0,165.0,1.0,High Risk
15319,284,1,204.5,204.5,1.0,High Risk
15325,104,1,161.74,161.74,1.0,High Risk
15326,334,1,311.71,311.71,1.0,High Risk
15346,333,1,252.42,252.42,1.0,High Risk
15347,366,1,201.6,201.6,1.0,High Risk
15349,158,2,463.91,231.96,1.0,High Risk
15363,373,1,326.0,326.0,1.0,High Risk
15374,129,1,168.0,168.0,1.0,High Risk
15395,326,1,107.45,107.45,1.0,High Risk
15397,290,1,94.0,94.0,1.0,High Risk
15405,189,1,349.1,349.1,1.0,High Risk
15408,264,1,267.18,267.18,1.0,High Risk
13248,125,2,465.68,232.84,1.0,High Risk
13302,155,1,63.75,63.75,1.0,High Risk
13304,351,1,300.42,300.42,1.0,High Risk
15204,357,1,316.58,316.58,1.0,High Risk
15210,225,1,331.18,331.18,1.0,High Risk
15212,241,1,101.8,101.8,1.0,High Risk
15219,176,1,305.75,305.75,1.0,High Risk
15226,311,1,154.41,154.41,1.0,High Risk
15236,299,1,321.05,321.05,1.0,High Risk
15247,122,1,356.0,356.0,1.0,High Risk
15254,127,1,300.36,300.36,1.0,High Risk
15257,283,1,317.15,317.15,1.0,High Risk
15261,135,1,254.82,254.82,1.0,High Risk
15262,324,1,178.95,178.95,1.0,High Risk
15263,107,1,156.51,156.51,1.0,High Risk
15307,96,1,205.3,205.3,1.0,High Risk
15118,134,1,244.8,244.8,1.0,High Risk
15119,246,1,266.4,266.4,1.0,High Risk
15120,134,1,358.82,358.82,1.0,High Risk
15130,170,1,330.11,330.11,1.0,High Risk
15139,240,2,178.96,89.48,1.0,High Risk
15143,226,1,259.45,259.45,1.0,High Risk
15160,357,1,158.16,158.16,1.0,High Risk
15167,321,1,158.8,158.8,1.0,High Risk
15180,367,1,87.5,87.5,1.0,High Risk
15182,154,2,622.85,311.42,1.0,High Risk
13284,331,1,201.19,201.19,1.0,High Risk
13291,156,1,361.11,361.11,1.0,High Risk
13295,360,1,201.2,201.2,1.0,High Risk
13296,137,1,87.4,87.4,1.0,High Risk
13299,268,1,142.5,142.5,1.0,High Risk
14957,253,1,58.49,58.49,1.0,High Risk
14964,247,1,206.21,206.21,1.0,High Risk
13343,178,1,353.43,353.43,1.0,High Risk
14981,246,1,102.12,102.12,1.0,High Risk
14988,212,1,334.54,334.54,1.0,High Risk
15007,159,1,156.91,156.91,1.0,High Risk
15016,173,1,170.04,170.04,1.0,High Risk
15019,267,1,252.81,252.81,1.0,High Risk
15047,270,1,343.62,343.62,1.0,High Risk
15052,319,1,207.73,207.73,1.0,High Risk
15070,373,1,106.2,106.2,1.0,High Risk
15083,257,1,88.2,88.2,1.0,High Risk
15087,282,1,306.94,306.94,1.0,High Risk
15092,215,2,457.81,228.9,1.0,High Risk
14705,199,1,179.0,179.0,1.0,High Risk
14727,274,1,268.58,268.58,1.0,High Risk
14729,374,1,313.49,313.49,1.0,High Risk
14747,249,1,328.2,328.2,1.0,High Risk
14760,297,1,89.2,89.2,1.0,High Risk
14762,264,1,300.52,300.52,1.0,High Risk
14778,127,2,730.86,365.43,1.0,High Risk
14816,197,1,271.85,271.85,1.0,High Risk
14840,268,1,62.85,62.85,1.0,High Risk
14847,149,1,309.4,309.4,1.0,High Risk
14850,312,1,325.75,325.75,1.0,High Risk
14867,186,3,710.28,236.76,1.0,High Risk
14870,262,1,327.25,327.25,1.0,High Risk
14905,158,2,616.15,308.08,1.0,High Risk
14924,246,1,310.05,310.05,1.0,High Risk
13369,366,1,308.28,308.28,1.0,High Risk
13382,281,1,222.99,222.99,1.0,High Risk
13391,204,1,59.8,59.8,1.0,High Risk
14542,186,1,103.25,103.25,1.0,High Risk
14548,151,2,652.8,326.4,1.0,High Risk
14552,152,1,164.22,164.22,1.0,High Risk
14586,277,1,237.36,237.36,1.0,High Risk
14622,185,1,320.58,320.58,1.0,High Risk
14633,266,1,344.9,344.9,1.0,High Risk
14643,170,2,693.81,346.9,1.0,High Risk
14645,157,2,597.09,298.54,1.0,High Risk
14647,201,1,236.04,236.04,1.0,High Risk
13439,255,1,283.71,283.71,1.0,High Risk
14241,184,1,213.7,213.7,1.0,High Risk
14242,235,2,280.55,140.28,1.0,High Risk
14248,318,1,302.58,302.58,1.0,High Risk
14264,155,2,333.97,166.98,1.0,High Risk
14311,243,1,310.26,310.26,1.0,High Risk
14323,115,2,605.06,302.53,1.0,High Risk
14327,163,1,311.65,311.65,1.0,High Risk
14339,243,1,309.52,309.52,1.0,High Risk
14350,274,1,282.93,282.93,1.0,High Risk
14353,215,1,90.6,90.6,1.0,High Risk
13395,185,1,307.72,307.72,1.0,High Risk
13411,107,1,213.55,213.55,1.0,High Risk
14368,320,1,155.0,155.0,1.0,High Risk
14371,295,1,100.5,100.5,1.0,High Risk
14375,185,1,235.56,235.56,1.0,High Risk
14377,191,2,617.05,308.52,1.0,High Risk
14386,297,1,142.4,142.4,1.0,High Risk
14393,218,1,67.95,67.95,1.0,High Risk
14406,119,1,156.75,156.75,1.0,High Risk
14423,218,1,265.2,265.2,1.0,High Risk
14437,366,1,63.0,63.0,1.0,High Risk
14512,188,2,275.28,137.64,1.0,High Risk
14523,108,1,241.09,241.09,1.0,High Risk
13368,257,2,623.4,311.7,1.0,High Risk
18227,218,1,93.75,93.75,1.0,High Risk
12831,262,1,215.05,215.05,1.0,High Risk
18269,366,1,168.6,168.6,1.0,High Risk
18281,181,1,80.82,80.82,1.0,High Risk
13551,319,1,91.8,91.8,1.0,High Risk
13570,243,1,239.49,239.49,1.0,High Risk
13584,307,1,142.4,142.4,1.0,High Risk
13600,312,1,219.52,219.52,1.0,High Risk
13621,117,1,213.85,213.85,1.0,High Risk
13626,253,1,257.23,257.23,1.0,High Risk
13642,216,1,312.28,312.28,1.0,High Risk
13645,120,1,252.1,252.1,1.0,High Risk
13672,301,2,186.39,93.2,1.0,High Risk
13678,152,1,232.6,232.6,1.0,High Risk
18138,295,1,152.65,152.65,1.0,High Risk
18151,135,2,653.35,326.68,1.0,High Risk
18165,177,1,302.46,302.46,1.0,High Risk
18185,249,1,304.25,304.25,1.0,High Risk
18191,262,1,207.8,207.8,1.0,High Risk
18193,165,1,243.76,243.76,1.0,High Risk
18203,157,1,160.42,160.42,1.0,High Risk
18212,326,1,216.07,216.07,1.0,High Risk
18213,237,1,232.48,232.48,1.0,High Risk
18218,211,2,641.92,320.96,1.0,High Risk
18220,227,1,305.28,305.28,1.0,High Risk
18224,264,1,158.95,158.95,1.0,High Risk
14373,358,1,76.55,76.55,1.0,High Risk
13106,133,1,76.5,76.5,1.0,High Risk
17550,197,3,267.16,89.05,1.0,High Risk
18113,369,1,76.32,76.32,1.0,High Risk
17536,177,1,76.5,76.5,1.0,High Risk
16148,296,1,76.32,76.32,1.0,High Risk
13132,262,1,77.3,77.3,1.0,High Risk
15668,218,1,76.32,76.32,1.0,High Risk
17995,282,1,76.1,76.1,1.0,High Risk
14090,325,1,76.32,76.32,1.0,High Risk
14479,254,2,316.25,158.12,1.0,High Risk
13955,154,2,322.96,161.48,1.0,High Risk
15780,184,3,475.28,158.43,1.0,High Risk
13873,120,3,389.6,129.87,1.0,High Risk
17604,217,2,309.36,154.68,1.0,High Risk
17362,239,2,312.23,156.12,1.0,High Risk
14013,110,3,473.02,157.67,1.0,High Risk
16424,191,1,133.56,133.56,1.0,High Risk
16114,171,1,135.75,135.75,1.0,High Risk
15945,365,1,181.0,181.0,1.0,High Risk
16448,198,1,182.99,182.99,1.0,High Risk
18119,368,1,180.7,180.7,1.0,High Risk
12837,173,1,134.1,134.1,1.0,High Risk
17972,242,1,135.19,135.19,1.0,High Risk
16665,362,1,135.4,135.4,1.0,High Risk
14082,365,1,182.25,182.25,1.0,High Risk
15174,323,1,135.75,135.75,1.0,High Risk
15562,352,1,134.55,134.55,1.0,High Risk
16055,221,1,134.8,134.8,1.0,High Risk
14340,219,1,134.7,134.7,1.0,High Risk
18280,278,1,180.6,180.6,1.0,High Risk
14280,197,1,134.04,134.04,1.0,High Risk
15041,170,1,179.93,179.93,1.0,High Risk
14162,174,2,289.36,144.68,1.0,High Risk
17708,188,2,263.33,131.66,1.0,High Risk
18190,192,2,284.46,142.23,1.0,High Risk
13420,150,2,159.85,79.92,1.0,High Risk
17660,141,1,178.75,178.75,1.0,High Risk
17946,233,2,149.58,74.79,1.0,High Risk
13778,103,1,178.7,178.7,1.0,High Risk
15895,150,1,179.17,179.17,1.0,High Risk
18146,141,2,160.35,80.18,1.0,High Risk
14355,366,1,174.4,174.4,1.0,High Risk
16565,364,1,173.7,173.7,1.0,High Risk
17331,124,1,175.2,175.2,1.0,High Risk
17245,205,1,171.45,171.45,1.0,High Risk
17542,270,1,170.75,170.75,1.0,High Risk
17582,236,1,175.27,175.27,1.0,High Risk
14536,260,1,170.95,170.95,1.0,High Risk
16144,247,1,175.2,175.2,1.0,High Risk
13922,352,1,172.25,172.25,1.0,High Risk
14693,264,1,172.9,172.9,1.0,High Risk
15670,297,1,173.05,173.05,1.0,High Risk
16402,265,2,293.45,146.72,1.0,High Risk
16034,196,3,437.7,145.9,1.0,High Risk
18010,257,1,174.8,174.8,1.0,High Risk
16226,203,3,255.12,85.04,1.0,High Risk
13711,219,2,252.06,126.03,1.0,High Risk
15897,194,2,208.59,104.3,1.0,High Risk
14570,281,2,218.06,109.03,1.0,High Risk
16048,373,2,256.44,128.22,1.0,High Risk
13568,173,1,187.05,187.05,1.0,High Risk
14620,206,2,412.78,206.39,1.0,High Risk
17223,310,2,416.89,208.44,1.0,High Risk
16957,239,2,416.64,208.32,1.0,High Risk
14998,170,2,414.87,207.44,1.0,High Risk
17392,307,2,417.27,208.64,1.0,High Risk
18120,214,1,111.15,111.15,0.999,High Risk
18129,243,1,112.55,112.55,0.999,High Risk
14689,209,1,112.8,112.8,0.999,High Risk
14271,226,1,112.32,112.32,0.999,High Risk
15537,163,1,110.92,110.92,0.999,High Risk
15280,172,1,113.12,113.12,0.999,High Risk
13161,313,1,112.75,112.75,0.999,High Risk
13144,333,1,110.95,110.95,0.999,High Risk
16697,241,1,112.75,112.75,0.999,High Risk
16913,290,1,113.44,113.44,0.999,High Risk
13508,244,1,110.97,110.97,0.999,High Risk
13807,367,1,112.6,112.6,0.999,High Risk
17887,129,1,111.35,111.35,0.999,High Risk
17967,372,1,112.27,112.27,0.999,High Risk
14041,266,1,141.41,141.41,0.999,High Risk
15503,363,1,141.04,141.04,0.999,High Risk
15894,253,2,258.25,129.12,0.999,High Risk
13561,216,1,141.86,141.86,0.999,High Risk
17398,115,3,653.38,217.79,0.999,High Risk
14722,147,1,180.42,180.42,0.999,High Risk
14656,169,2,291.05,145.52,0.999,High Risk
17881,304,1,133.35,133.35,0.999,High Risk
14450,181,3,483.25,161.08,0.999,High Risk
14958,147,3,483.73,161.24,0.999,High Risk
14171,98,1,363.79,363.79,0.999,High Risk
15063,213,1,370.8,370.8,0.999,High Risk
16202,361,1,365.27,365.27,0.999,High Risk
14079,125,1,375.1,375.1,0.999,High Risk
18056,288,1,363.65,363.65,0.999,High Risk
16147,134,1,375.0,375.0,0.999,High Risk
16065,365,1,367.14,367.14,0.999,High Risk
17492,248,1,374.57,374.57,0.999,High Risk
15472,113,1,371.56,371.56,0.999,High Risk
12873,282,1,374.0,374.0,0.999,High Risk
14888,207,1,369.2,369.2,0.999,High Risk
14886,253,1,364.8,364.8,0.999,High Risk
16858,369,1,375.69,375.69,0.999,High Risk
15922,373,1,369.5,369.5,0.999,High Risk
13300,169,1,371.89,371.89,0.999,High Risk
16509,297,1,363.7,363.7,0.999,High Risk
17356,312,1,178.22,178.22,0.999,High Risk
13618,174,1,177.34,177.34,0.999,High Risk
13072,267,1,177.15,177.15,0.999,High Risk
16403,312,1,177.5,177.5,0.999,High Risk
15292,201,1,178.39,178.39,0.999,High Risk
17990,237,3,630.84,210.28,0.999,High Risk
15768,116,3,621.83,207.28,0.999,High Risk
14021,155,3,631.9,210.63,0.999,High Risk
17026,185,2,154.83,77.42,0.999,High Risk
18048,203,2,172.29,86.15,0.999,High Risk
18013,155,2,187.29,93.64,0.999,High Risk
15042,199,1,135.93,135.93,0.999,High Risk
12968,112,1,135.95,135.95,0.999,High Risk
14483,282,1,137.1,137.1,0.999,High Risk
14247,278,1,136.77,136.77,0.999,High Risk
15691,252,1,136.8,136.8,0.999,High Risk
14889,336,1,135.9,135.9,0.999,High Risk
14245,220,2,1693.45,846.72,0.999,High Risk
15577,151,3,258.88,86.29,0.999,High Risk
13731,219,2,610.59,305.3,0.999,High Risk
15381,214,2,596.85,298.42,0.999,High Risk
15232,113,2,612.06,306.03,0.999,High Risk
17890,323,2,586.89,293.44,0.999,High Risk
17507,262,2,605.58,302.79,0.999,High Risk
18183,227,2,632.07,316.04,0.999,High Risk
12872,327,2,599.97,299.98,0.999,High Risk
15258,169,2,623.16,311.58,0.999,High Risk
13933,109,2,608.79,304.4,0.999,High Risk
15829,99,2,636.14,318.07,0.999,High Risk
14338,161,2,588.22,294.11,0.999,High Risk
15402,149,2,626.77,313.38,0.999,High Risk
14476,257,1,193.0,193.0,0.999,High Risk
15909,174,1,191.94,191.94,0.999,High Risk
14100,138,1,191.95,191.95,0.999,High Risk
15869,277,2,149.64,74.82,0.999,High Risk
14813,370,2,152.88,76.44,0.999,High Risk
16952,109,2,167.61,83.8,0.999,High Risk
14259,142,1,120.0,120.0,0.999,High Risk
14165,276,1,120.44,120.44,0.999,High Risk
15049,274,1,121.17,121.17,0.999,High Risk
16073,297,1,122.4,122.4,0.999,High Risk
14453,190,1,119.93,119.93,0.999,High Risk
14413,362,1,121.05,121.05,0.999,High Risk
13002,318,1,120.95,120.95,0.999,High Risk
14314,107,1,120.0,120.0,0.999,High Risk
16883,187,2,272.48,136.24,0.999,High Risk
13754,152,2,282.6,141.3,0.999,High Risk
16808,99,2,288.42,144.21,0.999,High Risk
15759,218,3,253.04,84.35,0.999,High Risk
16214,171,3,1062.75,354.25,0.999,High Risk
14817,200,2,1110.34,555.17,0.999,High Risk
16572,127,3,1009.6,336.53,0.999,High Risk
18064,133,2,814.0,407.0,0.999,High Risk
18248,123,2,804.02,402.01,0.999,High Risk
14231,184,3,925.71,308.57,0.999,High Risk
13707,267,2,806.41,403.2,0.999,High Risk
17646,219,3,1008.39,336.13,0.999,High Risk
18032,334,1,73.5,73.5,0.999,High Risk
18050,359,1,74.4,74.4,0.999,High Risk
16805,174,2,460.59,230.3,0.999,High Risk
13686,183,1,72.0,72.0,0.999,High Risk
13085,158,2,416.08,208.04,0.999,High Risk
18071,258,2,453.0,226.5,0.999,High Risk
14896,205,2,468.77,234.39,0.999,High Risk
17960,171,1,73.78,73.78,0.999,High Risk
17906,247,1,72.9,72.9,0.999,High Risk
14697,218,2,188.61,94.3,0.999,High Risk
17707,185,2,152.4,76.2,0.999,High Risk
12999,196,3,455.88,151.96,0.999,High Risk
15456,283,3,434.59,144.86,0.999,High Risk
15589,256,3,478.53,159.51,0.999,High Risk
14779,281,3,386.15,128.72,0.999,High Risk
14616,243,3,406.08,135.36,0.999,High Risk
13533,183,3,269.09,89.7,0.998,High Risk
15334,157,3,350.82,116.94,0.998,High Risk
17438,254,1,388.45,388.45,0.998,High Risk
17431,313,1,403.3,403.3,0.998,High Risk
15225,234,1,409.4,409.4,0.998,High Risk
12982,243,1,390.54,390.54,0.998,High Risk
14600,306,1,393.33,393.33,0.998,High Risk
14304,223,1,383.45,383.45,0.998,High Risk
16947,236,1,406.48,406.48,0.998,High Risk
13833,159,1,383.85,383.85,0.998,High Risk
14420,99,1,387.52,387.52,0.998,High Risk
17138,276,1,380.5,380.5,0.998,High Risk
15221,366,1,403.25,403.25,0.998,High Risk
14348,260,1,409.57,409.57,0.998,High Risk
13936,180,1,376.58,376.58,0.998,High Risk
12922,161,1,405.38,405.38,0.998,High Risk
16917,277,1,391.52,391.52,0.998,High Risk
15090,308,1,381.32,381.32,0.998,High Risk
14048,305,1,409.93,409.93,0.998,High Risk
16319,218,1,404.4,404.4,0.998,High Risk
15342,130,1,406.09,406.09,0.998,High Risk
13345,288,1,389.5,389.5,0.998,High Risk
17239,313,1,382.5,382.5,0.998,High Risk
17226,309,1,393.49,393.49,0.998,High Risk
13482,232,1,184.64,184.64,0.998,High Risk
17574,243,1,185.65,185.65,0.998,High Risk
17747,113,1,71.4,71.4,0.998,High Risk
14326,242,1,183.85,183.85,0.998,High Risk
16097,240,1,185.05,185.05,0.998,High Risk
14199,218,1,185.4,185.4,0.998,High Risk
13497,283,2,348.05,174.02,0.998,High Risk
13059,250,1,183.4,183.4,0.998,High Risk
14059,267,1,183.6,183.6,0.998,High Risk
17795,180,2,342.83,171.42,0.998,High Risk
13218,127,1,62.64,62.64,0.998,High Risk
12929,312,1,117.85,117.85,0.998,High Risk
15266,338,1,119.3,119.3,0.998,High Risk
17654,277,1,117.55,117.55,0.998,High Risk
17601,239,1,116.01,116.01,0.998,High Risk
15350,373,1,115.65,115.65,0.998,High Risk
13581,309,1,118.0,118.0,0.998,High Risk
14972,128,1,114.77,114.77,0.998,High Risk
14076,129,1,118.67,118.67,0.998,High Risk
14143,134,1,115.8,115.8,0.998,High Risk
17117,288,1,116.2,116.2,0.998,High Risk
15843,304,1,118.95,118.95,0.998,High Risk
14155,266,1,118.75,118.75,0.998,High Risk
13663,179,1,189.47,189.47,0.998,High Risk
13826,176,1,189.5,189.5,0.998,High Risk
15723,365,1,190.7,190.7,0.998,High Risk
13033,357,1,190.55,190.55,0.998,High Risk
15412,171,1,190.53,190.53,0.998,High Risk
13856,169,3,388.5,129.5,0.998,High Risk
15732,212,2,294.12,147.06,0.998,High Risk
14985,198,2,292.01,146.0,0.998,High Risk
13951,176,3,674.45,224.82,0.998,High Risk
15643,192,3,664.0,221.33,0.998,High Risk
17472,191,3,697.54,232.51,0.998,High Risk
14457,311,1,113.64,113.64,0.998,High Risk
17217,234,1,113.5,113.5,0.998,High Risk
16247,170,1,114.56,114.56,0.998,High Risk
14632,263,1,114.56,114.56,0.998,High Risk
15445,264,1,113.5,113.5,0.998,High Risk
16344,158,1,101.1,101.1,0.998,High Risk
17962,142,1,102.41,102.41,0.998,High Risk
15256,149,1,98.45,98.45,0.998,High Risk
17787,153,4,1817.54,454.38,0.998,High Risk
17939,160,1,99.14,99.14,0.998,High Risk
17639,276,1,108.5,108.5,0.998,High Risk
13226,273,1,108.21,108.21,0.998,High Risk
12956,306,1,108.07,108.07,0.998,High Risk
17455,204,1,131.7,131.7,0.998,High Risk
15709,284,1,133.25,133.25,0.998,High Risk
14438,306,1,131.9,131.9,0.998,High Risk
16679,366,1,129.75,129.75,0.998,High Risk
14795,166,1,131.45,131.45,0.998,High Risk
16623,246,1,129.45,129.45,0.998,High Risk
16611,186,1,129.49,129.49,0.998,High Risk
15543,288,1,127.86,127.86,0.998,High Risk
13781,251,1,127.84,127.84,0.998,High Risk
14890,254,1,125.65,125.65,0.998,High Risk
16658,368,1,123.24,123.24,0.998,High Risk
14962,271,1,126.7,126.7,0.998,High Risk
15578,162,1,127.1,127.1,0.998,High Risk
16849,187,1,124.57,124.57,0.998,High Risk
15923,373,1,127.08,127.08,0.998,High Risk
15917,248,1,123.1,123.1,0.998,High Risk
18176,358,1,476.35,476.35,0.998,High Risk
18159,301,1,530.15,530.15,0.998,High Risk
14130,319,1,480.91,480.91,0.998,High Risk
15507,172,1,475.86,475.86,0.998,High Risk
16586,249,1,463.95,463.95,0.998,High Risk
14431,303,1,470.36,470.36,0.998,High Risk
15825,172,1,532.94,532.94,0.998,High Risk
16142,250,1,535.34,535.34,0.998,High Risk
16812,361,1,479.35,479.35,0.998,High Risk
12945,288,1,462.95,462.95,0.998,High Risk
14489,207,1,463.38,463.38,0.998,High Risk
13385,330,1,534.57,534.57,0.998,High Risk
16340,107,1,534.31,534.31,0.998,High Risk
13874,358,1,540.45,540.45,0.998,High Risk
14497,309,1,475.37,475.37,0.998,High Risk
17134,107,2,413.2,206.6,0.998,High Risk
13655,114,2,932.97,466.48,0.998,High Risk
16567,194,2,865.6,432.8,0.998,High Risk
13294,190,2,873.74,436.87,0.998,High Risk
15104,197,2,993.54,496.77,0.998,High Risk
16163,232,2,856.6,428.3,0.998,High Risk
14256,260,2,969.06,484.53,0.998,High Risk
13221,240,2,847.41,423.7,0.998,High Risk
14770,232,2,876.42,438.21,0.998,High Risk
16178,138,1,197.9,197.9,0.998,High Risk
16829,157,1,197.22,197.22,0.998,High Risk
15234,277,1,197.0,197.0,0.998,High Risk
14185,331,1,197.65,197.65,0.998,High Risk
15746,134,1,196.88,196.88,0.998,High Risk
17343,355,1,193.64,193.64,0.998,High Risk
15683,117,1,193.75,193.75,0.998,High Risk
17142,239,1,579.0,579.0,0.997,High Risk
15222,319,1,585.0,585.0,0.997,High Risk
14400,149,1,574.7,574.7,0.997,High Risk
16072,288,1,584.32,584.32,0.997,High Risk
13270,366,1,590.0,590.0,0.997,High Risk
15303,290,1,574.02,574.02,0.997,High Risk
13243,203,1,585.12,585.12,0.997,High Risk
16037,270,3,855.02,285.01,0.997,High Risk
13037,138,3,881.07,293.69,0.997,High Risk
15777,241,4,1047.11,261.78,0.997,High Risk
14532,236,4,932.85,233.21,0.997,High Risk
14352,157,4,1078.96,269.74,0.997,High Risk
16943,212,3,816.73,272.24,0.997,High Risk
17770,199,5,1143.27,228.65,0.997,High Risk
17931,134,2,408.36,204.18,0.997,High Risk
17501,221,2,288.6,144.3,0.997,High Risk
14549,311,1,289.24,289.24,0.997,High Risk
17124,185,1,294.24,294.24,0.997,High Risk
15279,355,1,290.51,290.51,0.997,High Risk
16526,172,1,290.36,290.36,0.997,High Risk
17551,359,1,290.34,290.34,0.997,High Risk
17464,158,1,289.96,289.96,0.997,High Risk
13751,288,1,296.25,296.25,0.997,High Risk
16125,367,1,289.35,289.35,0.997,High Risk
16721,262,1,292.47,292.47,0.997,High Risk
15396,113,1,288.18,288.18,0.997,High Risk
14000,211,1,635.66,635.66,0.997,High Risk
16520,186,3,1046.57,348.86,0.997,High Risk
15133,128,3,982.42,327.47,0.997,High Risk
16484,174,2,404.3,202.15,0.997,High Risk
17409,185,2,771.85,385.92,0.997,High Risk
16449,198,2,707.69,353.84,0.997,High Risk
14672,235,2,765.55,382.78,0.997,High Risk
17695,132,2,765.34,382.67,0.997,High Risk
15223,226,2,755.75,377.88,0.997,High Risk
15045,152,2,735.66,367.83,0.997,High Risk
15353,255,2,770.12,385.06,0.997,High Risk
16659,189,1,39.12,39.12,0.997,High Risk
12855,373,1,38.1,38.1,0.997,High Risk
12977,156,1,39.24,39.24,0.997,High Risk
15178,260,1,40.5,40.5,0.997,High Risk
16162,252,1,37.4,37.4,0.997,High Risk
14589,372,1,39.75,39.75,0.997,High Risk
15940,311,1,35.8,35.8,0.997,High Risk
17525,360,1,422.7,422.7,0.997,High Risk
13166,283,1,417.2,417.2,0.997,High Risk
15361,362,1,418.92,418.92,0.997,High Risk
13615,319,1,417.69,417.69,0.997,High Risk
15639,134,1,425.32,425.32,0.997,High Risk
12833,145,1,417.38,417.38,0.997,High Risk
18106,330,1,421.9,421.9,0.997,High Risk
17701,253,1,417.95,417.95,0.997,High Risk
13800,310,1,558.32,558.32,0.997,High Risk
17291,308,1,550.8,550.8,0.997,High Risk
14496,312,2,538.81,269.41,0.997,High Risk
16230,190,2,542.03,271.02,0.997,High Risk
14002,134,2,529.73,264.86,0.997,High Risk
15433,214,2,533.3,266.65,0.997,High Risk
17265,139,2,550.01,275.0,0.997,High Risk
14891,148,2,554.38,277.19,0.997,High Risk
14513,101,3,455.59,151.86,0.997,High Risk
14918,116,2,1610.15,805.08,0.997,High Risk
13675,151,2,486.82,243.41,0.997,High Risk
14104,154,2,216.21,108.1,0.997,High Risk
15852,187,2,160.71,80.36,0.997,High Risk
13531,205,2,483.8,241.9,0.997,High Risk
15246,238,2,514.15,257.08,0.997,High Risk
16378,247,3,362.95,120.98,0.997,High Risk
16897,299,2,289.78,144.89,0.997,High Risk
14320,207,2,477.79,238.9,0.997,High Risk
17691,358,2,290.4,145.2,0.997,High Risk
18142,157,2,1019.52,509.76,0.997,High Risk
14195,202,2,1012.0,506.0,0.997,High Risk
17242,108,2,1135.04,567.52,0.997,High Risk
17505,161,2,1145.84,572.92,0.997,High Risk
13649,257,2,346.6,173.3,0.997,High Risk
13217,122,3,533.98,177.99,0.997,High Risk
15057,275,2,1489.5,744.75,0.997,High Risk
13791,128,2,1516.0,758.0,0.997,High Risk
15364,96,2,913.19,456.6,0.997,High Risk
14625,196,2,899.63,449.82,0.997,High Risk
13929,169,2,842.65,421.32,0.997,High Risk
16092,115,3,817.86,272.62,0.997,High Risk
14803,162,3,845.55,281.85,0.997,High Risk
13301,104,4,618.09,154.52,0.997,High Risk
13044,291,1,560.47,560.47,0.997,High Risk
17970,211,1,562.79,562.79,0.997,High Risk
16275,197,1,559.87,559.87,0.997,High Risk
15415,313,1,559.61,559.61,0.997,High Risk
15655,243,1,560.67,560.67,0.997,High Risk
16278,100,1,566.38,566.38,0.997,High Risk
13122,94,2,922.39,461.2,0.997,High Risk
13192,95,2,911.94,455.97,0.997,High Risk
14351,165,1,51.0,51.0,0.997,High Risk
14782,320,1,200.1,200.1,0.997,High Risk
13011,372,1,50.55,50.55,0.997,High Risk
16349,291,1,53.5,53.5,0.997,High Risk
13723,217,1,199.85,199.85,0.997,High Risk
17987,185,1,198.57,198.57,0.997,High Risk
17580,253,3,215.72,71.91,0.997,High Risk
17046,157,1,642.02,642.02,0.996,High Risk
14301,117,1,640.14,640.14,0.996,High Risk
15649,336,2,816.0,408.0,0.996,High Risk
15976,165,2,427.64,213.82,0.996,High Risk
14161,216,3,1097.62,365.87,0.996,High Risk
15384,170,2,642.41,321.2,0.996,High Risk
14481,165,2,636.51,318.26,0.996,High Risk
16135,263,1,517.55,517.55,0.996,High Risk
15149,134,1,520.8,520.8,0.996,High Risk
13043,273,1,516.42,516.42,0.996,High Risk
14873,210,1,519.68,519.68,0.996,High Risk
17718,232,1,139.35,139.35,0.996,High Risk
14772,112,1,139.26,139.26,0.996,High Risk
16483,192,1,139.35,139.35,0.996,High Risk
12881,276,1,298.0,298.0,0.996,High Risk
13441,92,1,296.64,296.64,0.996,High Risk
17678,264,1,298.11,298.11,0.996,High Risk
13745,162,1,300.04,300.04,0.996,High Risk
13667,149,1,299.05,299.05,0.996,High Risk
15609,184,1,298.48,298.48,0.996,High Risk
17531,190,1,296.7,296.7,0.996,High Risk
14699,214,1,109.13,109.13,0.996,High Risk
16963,187,1,110.55,110.55,0.996,High Risk
17746,240,1,110.25,110.25,0.996,High Risk
17277,228,2,1065.35,532.68,0.996,High Risk
13730,136,2,752.6,376.3,0.996,High Risk
16780,100,2,422.24,211.12,0.996,High Risk
17980,166,3,811.45,270.48,0.996,High Risk
17045,113,3,339.44,113.15,0.996,High Risk
16324,128,3,408.59,136.2,0.996,High Risk
16893,367,1,145.93,145.93,0.996,High Risk
16598,286,1,145.05,145.05,0.996,High Risk
12974,198,1,144.8,144.8,0.996,High Risk
14238,326,1,146.85,146.85,0.996,High Risk
17524,361,1,145.0,145.0,0.996,High Risk
17312,139,3,644.3,214.77,0.996,High Risk
16801,163,4,1594.23,398.56,0.996,High Risk
16091,155,2,315.06,157.53,0.996,High Risk
15918,191,2,334.23,167.12,0.996,High Risk
13453,166,2,356.98,178.49,0.996,High Risk
13242,112,3,270.4,90.13,0.996,High Risk
13355,122,1,674.7,674.7,0.996,High Risk
14222,177,1,683.17,683.17,0.996,High Risk
15074,105,1,735.67,735.67,0.996,High Risk
12976,212,1,738.6,738.6,0.996,High Risk
16377,267,1,676.2,676.2,0.996,High Risk
14055,106,1,725.64,725.64,0.996,High Risk
17267,127,2,317.2,158.6,0.996,High Risk
14745,113,5,1220.26,244.05,0.996,High Risk
16172,95,5,1140.21,228.04,0.996,High Risk
14246,111,3,1474.06,491.35,0.996,High Risk
13158,95,4,1201.06,300.26,0.996,High Risk
13253,157,2,1030.4,515.2,0.996,High Risk
14346,121,2,1021.58,510.79,0.996,High Risk
13338,158,1,487.02,487.02,0.996,High Risk
15109,246,1,484.95,484.95,0.996,High Risk
15100,334,3,876.0,292.0,0.996,High Risk
13821,145,2,385.64,192.82,0.996,High Risk
16250,261,2,389.44,194.72,0.996,High Risk
14501,184,2,251.21,125.6,0.996,High Risk
16317,120,3,1341.65,447.22,0.996,High Risk
16951,135,3,1277.75,425.92,0.996,High Risk
13376,99,3,1019.76,339.92,0.995,High Risk
17849,218,4,605.8,151.45,0.995,High Risk
16644,178,2,833.78,416.89,0.995,High Risk
12878,236,2,854.99,427.5,0.995,High Risk
17880,365,1,458.92,458.92,0.995,High Risk
16643,246,1,487.51,487.51,0.995,High Risk
15165,373,1,487.75,487.75,0.995,High Risk
18074,374,1,489.6,489.6,0.995,High Risk
17140,247,1,454.12,454.12,0.995,High Risk
13485,233,1,454.24,454.24,0.995,High Risk
15585,177,1,455.3,455.3,0.995,High Risk
13398,192,1,457.34,457.34,0.995,High Risk
16529,190,1,455.25,455.25,0.995,High Risk
16175,94,4,1037.59,259.4,0.995,High Risk
14758,145,4,1484.06,371.02,0.995,High Risk
14403,130,4,1475.81,368.95,0.995,High Risk
17926,133,2,397.29,198.64,0.995,High Risk
16834,228,1,413.46,413.46,0.995,High Risk
16272,117,1,411.7,411.7,0.995,High Risk
16795,365,1,414.88,414.88,0.995,High Risk
15813,208,2,1303.91,651.95,0.995,High Risk
16356,198,3,211.77,70.59,0.995,High Risk
16473,165,3,316.11,105.37,0.995,High Risk
15313,110,1,52.0,52.0,0.995,High Risk
16634,223,2,217.9,108.95,0.995,High Risk
16431,213,3,623.28,207.76,0.995,High Risk
13470,99,2,165.0,82.5,0.995,High Risk
17309,95,1,82.75,82.75,0.995,High Risk
13900,183,3,740.95,246.98,0.995,High Risk
14436,99,1,89.06,89.06,0.995,High Risk
15648,204,2,639.5,319.75,0.995,High Risk
16761,97,1,316.62,316.62,0.995,High Risk
17749,178,2,674.52,337.26,0.995,High Risk
13548,96,2,678.16,339.08,0.995,High Risk
17083,109,3,1405.78,468.59,0.995,High Risk
14603,275,1,660.0,660.0,0.995,High Risk
16832,184,3,199.15,66.38,0.995,High Risk
14463,98,3,529.62,176.54,0.995,High Risk
18168,176,6,1160.04,193.34,0.995,High Risk
18143,117,2,1000.16,500.08,0.995,High Risk
16980,255,2,1028.46,514.23,0.995,High Risk
13307,120,1,15.0,15.0,0.995,High Risk
17956,249,1,12.75,12.75,0.995,High Risk
17763,263,1,15.0,15.0,0.995,High Risk
15823,372,1,15.0,15.0,0.995,High Risk
16738,298,1,3.75,3.75,0.995,High Risk
13162,122,4,1688.29,422.07,0.995,High Risk
12891,186,3,331.0,110.33,0.995,High Risk
16398,154,2,1705.8,852.9,0.995,High Risk
17204,175,4,1564.56,391.14,0.995,High Risk
18268,134,1,25.5,25.5,0.995,High Risk
17102,262,1,25.5,25.5,0.995,High Risk
16093,107,1,17.0,17.0,0.995,High Risk
12845,267,4,354.09,88.52,0.994,High Risk
17353,129,2,1740.0,870.0,0.994,High Risk
13414,134,3,1390.5,463.5,0.994,High Risk
17615,130,3,329.6,109.87,0.994,High Risk
14176,297,4,576.9,144.23,0.994,High Risk
17429,128,3,524.92,174.97,0.994,High Risk
14045,109,4,1659.75,414.94,0.994,High Risk
14276,99,3,1119.74,373.25,0.994,High Risk
14823,180,3,321.43,107.14,0.994,High Risk
14669,242,3,1259.24,419.75,0.994,High Risk
14973,107,3,1314.45,438.15,0.994,High Risk
18202,200,3,1396.99,465.66,0.994,High Risk
14006,116,3,962.19,320.73,0.994,High Risk
14491,175,2,340.93,170.46,0.994,High Risk
17588,100,3,1240.2,413.4,0.994,High Risk
13244,93,1,121.74,121.74,0.994,High Risk
13583,156,1,781.03,781.03,0.994,High Risk
16054,145,1,783.9,783.9,0.994,High Risk
13572,206,1,1384.25,1384.25,0.994,High Risk
15442,249,1,594.0,594.0,0.993,High Risk
12917,128,1,594.0,594.0,0.993,High Risk
15135,239,1,139.05,139.05,0.993,High Risk
13273,113,1,138.98,138.98,0.993,High Risk
13120,239,1,30.6,30.6,0.993,High Risk
16765,294,1,34.0,34.0,0.993,High Risk
17408,163,1,32.65,32.65,0.993,High Risk
14576,372,1,35.4,35.4,0.993,High Risk
13330,93,3,1140.93,380.31,0.993,High Risk
17616,174,3,571.2,190.4,0.993,High Risk
14022,225,1,440.0,440.0,0.993,High Risk
16084,299,1,436.18,436.18,0.993,High Risk
13358,269,1,439.03,439.03,0.993,High Risk
14149,221,1,446.62,446.62,0.993,High Risk
17040,138,1,449.73,449.73,0.993,High Risk
18233,326,1,440.0,440.0,0.993,High Risk
14288,213,1,426.6,426.6,0.993,High Risk
15802,143,1,451.42,451.42,0.993,High Risk
16536,110,1,548.12,548.12,0.993,High Risk
14855,119,2,645.65,322.82,0.993,High Risk
13130,94,1,64.0,64.0,0.993,High Risk
18027,99,1,115.31,115.31,0.993,High Risk
16696,135,4,657.9,164.48,0.993,High Risk
12902,265,1,138.68,138.68,0.993,High Risk
16050,174,1,137.9,137.9,0.993,High Risk
13716,269,1,138.28,138.28,0.993,High Risk
17122,119,1,138.32,138.32,0.993,High Risk
15663,106,1,138.14,138.14,0.993,High Risk
17709,170,1,137.45,137.45,0.993,High Risk
17062,314,4,533.33,133.33,0.993,High Risk
15071,94,2,982.07,491.04,0.993,High Risk
17053,131,1,498.48,498.48,0.993,High Risk
16889,195,3,1578.67,526.22,0.993,High Risk
17152,195,3,1689.5,563.17,0.993,High Risk
12851,97,1,131.81,131.81,0.993,High Risk
17391,164,2,508.8,254.4,0.993,High Risk
17994,122,4,674.89,168.72,0.993,High Risk
16792,282,2,110.38,55.19,0.993,High Risk
17900,190,2,112.2,56.1,0.993,High Risk
16498,161,2,100.97,50.48,0.993,High Risk
13328,316,1,1308.48,1308.48,0.993,High Risk
14105,239,1,1266.23,1266.23,0.993,High Risk
13151,296,1,1257.87,1257.87,0.993,High Risk
15171,331,1,1289.5,1289.5,0.993,High Risk
13261,269,2,944.1,472.05,0.993,High Risk
14114,274,2,386.53,193.26,0.993,High Risk
18239,219,5,1561.61,312.32,0.993,High Risk
14081,302,2,921.62,460.81,0.993,High Risk
17704,169,2,885.19,442.6,0.993,High Risk
15389,172,1,500.0,500.0,0.993,High Risk
13116,138,1,501.14,501.14,0.993,High Risk
12857,211,2,1106.4,553.2,0.992,High Risk
12864,138,1,147.12,147.12,0.992,High Risk
18262,140,1,149.48,149.48,0.992,High Risk
17234,183,1,149.89,149.89,0.992,High Risk
15574,178,4,675.64,168.91,0.992,High Risk
15644,166,4,803.54,200.88,0.992,High Risk
15095,104,4,1370.6,342.65,0.992,High Risk
13475,191,4,1431.78,357.94,0.992,High Risk
14687,107,1,628.38,628.38,0.992,High Risk
14036,285,1,626.65,626.65,0.992,High Risk
14223,92,3,991.13,330.38,0.992,High Risk
17642,120,2,712.29,356.14,0.992,High Risk
17334,302,2,307.02,153.51,0.992,High Risk
15224,358,2,322.08,161.04,0.992,High Risk
16405,302,2,167.25,83.62,0.992,High Risk
14331,124,2,462.66,231.33,0.992,High Risk
14133,130,3,605.64,201.88,0.992,High Risk
16552,243,2,379.73,189.86,0.992,High Risk
15079,213,4,895.61,223.9,0.992,High Risk
15625,104,4,1534.26,383.56,0.992,High Risk
15695,267,2,409.98,204.99,0.992,High Risk
17969,166,2,228.2,114.1,0.992,High Risk
18078,217,2,336.13,168.06,0.992,High Risk
15002,116,4,1641.76,410.44,0.992,High Risk
18178,129,4,1590.81,397.7,0.992,High Risk
18231,192,5,2071.77,414.35,0.991,High Risk
14267,163,3,1516.24,505.41,0.991,High Risk
14740,197,3,1448.21,482.74,0.991,High Risk
14037,176,2,147.2,73.6,0.991,High Risk
17446,177,2,120.9,60.45,0.991,High Risk
14460,110,3,434.34,144.78,0.991,High Risk
12967,358,2,1660.9,830.45,0.991,High Risk
14270,332,1,492.65,492.65,0.991,High Risk
15448,313,1,494.64,494.64,0.991,High Risk
13425,108,3,1624.21,541.4,0.991,High Risk
17282,130,3,1685.46,561.82,0.991,High Risk
15122,114,3,1633.78,544.59,0.991,High Risk
16998,150,4,295.0,73.75,0.991,High Risk
15881,312,5,501.39,100.28,0.991,High Risk
15713,143,2,356.7,178.35,0.991,High Risk
14692,137,4,591.55,147.89,0.991,High Risk
15985,123,2,1142.42,571.21,0.991,High Risk
16222,318,1,773.55,773.55,0.991,High Risk
13341,261,1,775.85,775.85,0.991,High Risk
16256,267,1,752.43,752.43,0.991,High Risk
13370,372,1,754.87,754.87,0.991,High Risk
14885,132,1,765.32,765.32,0.991,High Risk
13753,288,1,741.26,741.26,0.991,High Risk
13452,259,2,590.0,295.0,0.991,High Risk
13850,129,1,1595.48,1595.48,0.991,High Risk
15716,146,4,1101.11,275.28,0.991,High Risk
13885,189,2,506.8,253.4,0.991,High Risk
14465,247,3,1038.44,346.15,0.991,High Risk
16866,141,3,207.74,69.25,0.991,High Risk
15146,165,2,1327.16,663.58,0.99,High Risk
16270,353,1,1141.24,1141.24,0.99,High Risk
16806,103,4,762.16,190.54,0.99,High Risk
17268,108,4,763.64,190.91,0.99,High Risk
15653,93,2,877.44,438.72,0.99,High Risk
16716,267,2,901.2,450.6,0.99,High Risk
17897,173,3,541.81,180.6,0.99,High Risk
17742,113,2,355.11,177.56,0.99,High Risk
14965,96,2,596.09,298.04,0.99,High Risk
16766,273,2,1145.6,572.8,0.99,High Risk
16692,256,2,1276.0,638.0,0.99,High Risk
16494,297,1,826.53,826.53,0.99,High Risk
15832,254,1,836.79,836.79,0.99,High Risk
13893,298,1,821.1,821.1,0.99,High Risk
13934,264,1,922.1,922.1,0.99,High Risk
18133,212,1,931.5,931.5,0.99,High Risk
16216,267,1,914.93,914.93,0.99,High Risk
16276,177,1,810.6,810.6,0.99,High Risk
17649,138,1,868.49,868.49,0.99,High Risk
13075,130,1,919.61,919.61,0.99,High Risk
15076,173,1,880.85,880.85,0.99,High Risk
13339,201,1,860.12,860.12,0.99,High Risk
16146,157,3,734.13,244.71,0.99,High Risk
13752,124,6,1175.38,195.9,0.99,High Risk
18085,330,2,689.95,344.98,0.99,High Risk
14024,122,2,327.7,163.85,0.99,High Risk
12888,214,2,354.12,177.06,0.99,High Risk
17252,117,2,348.91,174.46,0.99,High Risk
17765,159,3,367.63,122.54,0.99,High Risk
15882,199,4,516.36,129.09,0.99,High Risk
17457,127,5,1737.7,347.54,0.99,High Risk
13476,179,2,1238.47,619.24,0.99,High Risk
16714,219,3,1129.06,376.35,0.99,High Risk
17955,199,4,557.3,139.32,0.99,High Risk
17440,157,3,186.42,62.14,0.99,High Risk
17553,130,1,1487.6,1487.6,0.989,High Risk
16807,143,3,1121.59,373.86,0.989,High Risk
15464,338,1,1044.65,1044.65,0.989,High Risk
16902,116,1,1706.88,1706.88,0.989,High Risk
16116,212,1,612.78,612.78,0.989,High Risk
16997,288,3,702.0,234.0,0.989,High Risk
16763,199,1,611.85,611.85,0.989,High Risk
15795,150,1,610.01,610.01,0.989,High Risk
13357,257,1,609.4,609.4,0.989,High Risk
15646,158,3,447.64,149.21,0.989,High Risk
13963,308,4,664.54,166.14,0.989,High Risk
15704,140,4,2293.62,573.4,0.989,High Risk
16306,214,6,632.27,105.38,0.989,High Risk
14920,213,2,977.77,488.88,0.989,High Risk
15658,190,5,1024.1,204.82,0.989,High Risk
16503,107,4,1431.93,357.98,0.988,High Risk
16174,126,3,1009.55,336.52,0.988,High Risk
15147,240,1,623.5,623.5,0.988,High Risk
17499,290,1,622.88,622.88,0.988,High Risk
15935,239,2,416.86,208.43,0.988,High Risk
13722,132,3,2375.41,791.8,0.988,High Risk
15333,208,1,1028.56,1028.56,0.988,High Risk
13235,212,1,1031.07,1031.07,0.988,High Risk
13388,131,2,677.1,338.55,0.988,High Risk
18018,108,2,122.14,61.07,0.988,High Risk
17454,192,4,517.53,129.38,0.988,High Risk
16955,185,4,518.67,129.67,0.988,High Risk
15488,93,1,91.32,91.32,0.988,High Risk
15107,311,6,319.5,53.25,0.988,High Risk
13720,117,4,799.9,199.98,0.988,High Risk
15422,323,2,97.7,48.85,0.988,High Risk
15213,319,2,328.35,164.18,0.988,High Risk
14821,367,1,48.8,48.8,0.988,High Risk
14619,246,1,394.44,394.44,0.988,High Risk
15386,186,1,394.14,394.14,0.988,High Risk
17585,109,4,1116.68,279.17,0.988,High Risk
15717,234,1,150.3,150.3,0.988,High Risk
18200,106,1,150.35,150.35,0.988,High Risk
12988,292,1,505.82,505.82,0.988,High Risk
15891,227,1,511.68,511.68,0.988,High Risk
16614,183,1,506.19,506.19,0.988,High Risk
17958,117,1,508.46,508.46,0.988,High Risk
18196,95,2,686.63,343.32,0.987,High Risk
15624,117,4,588.13,147.03,0.987,High Risk
13656,165,2,379.65,189.82,0.987,High Risk
15004,147,1,1220.77,1220.77,0.987,High Risk
15483,161,4,225.26,56.32,0.987,High Risk
12868,186,6,1607.06,267.84,0.987,High Risk
15265,151,2,1506.12,753.06,0.987,High Risk
16031,92,2,547.9,273.95,0.987,High Risk
15400,92,5,716.2,143.24,0.987,High Risk
15230,239,2,429.6,214.8,0.987,High Risk
17935,138,2,145.79,72.9,0.986,High Risk
16045,120,4,1340.7,335.18,0.986,High Risk
13000,107,3,534.85,178.28,0.986,High Risk
15855,137,5,712.24,142.45,0.986,High Risk
15734,115,2,1339.45,669.72,0.986,High Risk
14670,280,2,392.86,196.43,0.986,High Risk
17229,96,2,318.76,159.38,0.986,High Risk
16257,177,1,46.95,46.95,0.986,High Risk
13133,274,2,109.8,54.9,0.986,High Risk
17912,310,5,310.06,62.01,0.986,High Risk
17048,118,3,925.35,308.45,0.986,High Risk
17504,206,9,2997.03,333.0,0.986,High Risk
17723,127,6,3276.4,546.07,0.986,High Risk
17230,264,8,3638.41,454.8,0.985,High Risk
14364,109,8,3717.35,464.67,0.985,High Risk
15069,179,1,1109.53,1109.53,0.985,High Risk
17486,261,1,396.87,396.87,0.985,High Risk
16718,369,1,606.05,606.05,0.985,High Risk
16022,260,1,602.63,602.63,0.985,High Risk
17774,97,4,1213.73,303.43,0.985,High Risk
15535,173,4,502.9,125.72,0.985,High Risk
17874,185,6,683.46,113.91,0.985,High Risk
17085,123,5,1562.4,312.48,0.984,High Risk
14411,311,1,1063.0,1063.0,0.984,High Risk
15596,101,5,1406.59,281.32,0.984,High Risk
13744,95,2,1080.52,540.26,0.984,High Risk
13659,206,2,1563.0,781.5,0.984,High Risk
17358,303,2,360.81,180.4,0.984,High Risk
13925,93,4,678.25,169.56,0.984,High Risk
14154,239,2,1345.62,672.81,0.984,High Risk
15245,134,3,2515.84,838.61,0.984,High Risk
15797,113,4,2207.4,551.85,0.983,High Risk
15938,112,5,404.58,80.92,0.983,High Risk
13003,106,3,149.05,49.68,0.983,High Risk
16820,96,1,497.61,497.61,0.983,High Risk
18024,153,2,389.78,194.89,0.983,High Risk
15424,254,2,383.34,191.67,0.983,High Risk
15569,104,5,1375.71,275.14,0.983,High Risk
16152,269,1,1829.04,1829.04,0.983,High Risk
17320,100,3,1200.62,400.21,0.983,High Risk
15920,154,4,167.5,41.88,0.982,High Risk
13931,96,2,1237.53,618.76,0.982,High Risk
16842,101,3,1264.19,421.4,0.982,High Risk
12875,143,2,343.23,171.62,0.982,High Risk
13593,108,5,2011.88,402.38,0.982,High Risk
15700,172,2,696.68,348.34,0.981,High Risk
15812,107,5,1801.14,360.23,0.981,High Risk
14224,110,4,1009.73,252.43,0.981,High Risk
17406,333,3,2184.42,728.14,0.981,High Risk
13140,108,3,422.47,140.82,0.981,High Risk
12853,135,6,1957.1,326.18,0.981,High Risk
14875,108,2,1465.32,732.66,0.981,High Risk
16927,116,3,543.05,181.02,0.981,High Risk
16244,212,2,1522.75,761.38,0.981,High Risk
17692,127,4,740.94,185.24,0.98,High Risk
12915,149,2,363.65,181.82,0.98,High Risk
13802,139,3,4599.42,1533.14,0.98,High Risk
13819,302,3,1140.35,380.12,0.98,High Risk
16551,96,3,922.12,307.37,0.98,High Risk
17126,152,5,989.45,197.89,0.98,High Risk
16816,103,4,417.06,104.26,0.979,High Risk
15032,256,3,4959.1,1653.03,0.979,High Risk
14407,107,6,2157.73,359.62,0.979,High Risk
14584,169,4,1033.06,258.26,0.979,High Risk
16755,114,3,1475.43,491.81,0.979,High Risk
14459,155,1,1837.92,1837.92,0.979,High Risk
18222,93,1,443.0,443.0,0.978,High Risk
15885,93,3,379.35,126.45,0.978,High Risk
16112,143,4,195.74,48.94,0.978,High Risk
17337,151,4,1981.06,495.26,0.978,High Risk
14461,148,3,2103.06,701.02,0.978,High Risk
15192,120,3,1044.32,348.11,0.978,High Risk
14009,198,2,695.61,347.8,0.978,High Risk
17256,107,2,240.0,120.0,0.978,High Risk
15889,157,2,420.07,210.04,0.978,High Risk
13280,122,3,798.46,266.15,0.977,High Risk
13889,93,1,416.9,416.9,0.977,High Risk
16419,113,6,958.71,159.78,0.977,High Risk
13631,100,11,3070.42,279.13,0.977,High Risk
13240,96,4,663.65,165.91,0.977,High Risk
18121,149,2,653.3,326.65,0.977,High Risk
17560,95,5,854.95,170.99,0.977,High Risk
14828,197,3,2139.76,713.25,0.976,High Risk
15512,156,2,121.0,60.5,0.976,High Risk
15098,182,3,39916.5,13305.5,0.976,High Risk
17991,225,2,93.35,46.68,0.976,High Risk
12840,144,4,2726.77,681.69,0.976,High Risk
13489,105,4,449.52,112.38,0.976,High Risk
13093,276,8,7832.47,979.06,0.976,High Risk
17400,126,5,2097.84,419.57,0.975,High Risk
18260,173,6,2628.35,438.06,0.975,High Risk
16754,372,1,2002.4,2002.4,0.975,High Risk
12947,144,6,1603.99,267.33,0.975,High Risk
15198,92,2,193.64,96.82,0.975,High Risk
16698,227,2,1998.0,999.0,0.975,High Risk
17341,157,3,682.29,227.43,0.975,High Risk
17869,107,5,428.18,85.64,0.974,High Risk
17259,148,2,581.23,290.62,0.974,High Risk
15641,105,4,1887.2,471.8,0.973,High Risk
15749,235,3,44534.3,14844.77,0.973,High Risk
16828,93,2,128.5,64.25,0.973,High Risk
18093,93,4,2106.52,526.63,0.973,High Risk
12916,139,4,2944.95,736.24,0.972,High Risk
18073,114,12,3859.82,321.65,0.972,High Risk
18037,154,6,70.02,11.67,0.972,High Risk
14573,180,9,1639.82,182.2,0.971,High Risk
15665,168,2,2222.21,1111.1,0.971,High Risk
17597,214,1,2044.37,2044.37,0.971,High Risk
13851,96,3,2651.46,883.82,0.971,High Risk
16499,360,2,365.45,182.72,0.97,High Risk
15462,94,3,234.6,78.2,0.97,High Risk
15235,218,12,2247.51,187.29,0.97,High Risk
12346,326,1,77183.6,77183.6,0.97,High Risk
17146,106,3,749.78,249.93,0.969,High Risk
13135,197,1,3096.0,3096.0,0.968,High Risk
16835,128,2,180.85,90.42,0.968,High Risk
15372,137,1,2007.4,2007.4,0.967,High Risk
15508,189,6,1000.27,166.71,0.967,High Risk
14682,188,2,52.0,26.0,0.967,High Risk
12980,158,9,7374.9,819.43,0.967,High Risk
17050,96,6,3185.64,530.94,0.967,High Risk
17850,372,34,5391.21,158.56,0.967,High Risk
16654,141,4,601.27,150.32,0.966,High Risk
12942,131,3,675.6,225.2,0.966,High Risk
14210,106,6,1905.84,317.64,0.966,High Risk
13952,218,2,3251.07,1625.54,0.965,High Risk
16027,92,6,934.62,155.77,0.964,High Risk
15379,169,7,3703.29,529.04,0.964,High Risk
15689,120,2,254.1,127.05,0.963,High Risk
15808,306,4,3651.27,912.82,0.963,High Risk
15491,95,6,3100.09,516.68,0.962,High Risk
13402,127,2,621.23,310.62,0.962,High Risk
16919,156,11,2592.25,235.66,0.962,High Risk
16180,100,8,10254.18,1281.77,0.962,High Risk
13564,144,3,1724.67,574.89,0.961,High Risk
13082,126,9,3613.63,401.51,0.961,High Risk
16725,302,7,758.27,108.32,0.96,High Risk
16553,163,12,5719.82,476.65,0.959,High Risk
17189,106,2,383.75,191.88,0.958,High Risk
16550,109,5,2298.97,459.79,0.957,High Risk
17339,94,2,243.36,121.68,0.954,High Risk
18087,98,2,4055.72,2027.86,0.948,High Risk
16083,101,2,1317.62,658.81,0.945,High Risk
14472,104,8,1852.67,231.58,0.943,High Risk
13869,123,4,3083.65,770.91,0.943,High Risk
17722,96,4,2424.04,606.01,0.938,High Risk
14078,102,6,1049.37,174.9,0.936,High Risk
14410,92,9,1100.27,122.25,0.935,High Risk
14344,127,8,889.93,111.24,0.933,High Risk
13027,114,6,6912.0,1152.0,0.931,High Risk
14565,96,4,3099.12,774.78,0.929,High Risk
13848,92,3,1255.0,418.33,0.924,High Risk
14414,92,7,1496.98,213.85,0.91,High Risk
15581,121,13,3675.77,282.75,0.909,High Risk
14915,91,2,307.48,153.74,0.908,High Risk
16456,99,5,2158.18,431.64,0.889,High Risk
14628,91,2,671.96,335.98,0.885,High Risk
16723,91,2,576.4,288.2,0.876,High Risk
15652,91,1,337.74,337.74,0.875,High Risk
13748,96,5,948.25,189.65,0.874,High Risk
15260,100,7,1810.77,258.68,0.856,High Risk
17460,94,6,622.43,103.74,0.847,High Risk
15035,90,1,252.73,252.73,0.105,Medium Risk
14837,90,4,1649.5,412.38,0.079,Medium Risk
13372,90,1,378.64,378.64,0.078,Medium Risk
15939,90,15,6115.01,407.67,0.067,Medium Risk
16384,90,2,584.5,292.25,0.06,Medium Risk
13124,90,3,3756.33,1252.11,0.049,Medium Risk
15636,90,2,724.76,362.38,0.047,Medium Risk
17786,85,2,266.85,133.43,0.039,Medium Risk
16984,88,2,4459.52,2229.76,0.039,Medium Risk
15980,89,3,2398.86,799.62,0.035,Medium Risk
18251,87,1,4314.72,4314.72,0.035,Medium Risk
15516,45,3,62.43,20.81,0.032,Medium Risk
15060,8,4,294.25,73.56,0.032,Medium Risk
17846,85,1,2033.1,2033.1,0.032,Medium Risk
13079,4,5,220.1,44.02,0.031,Medium Risk
16652,59,7,6773.97,967.71,0.03,Medium Risk
16258,45,5,5203.51,1040.7,0.029,Medium Risk
12830,38,6,6814.64,1135.77,0.029,Medium Risk
13277,16,4,258.4,64.6,0.029,Medium Risk
14096,4,17,65164.79,3833.22,0.029,Medium Risk
16745,87,17,7180.7,422.39,0.029,Medium Risk
12749,4,5,4090.88,818.18,0.028,Medium Risk
13555,74,4,4098.88,1024.72,0.028,Medium Risk
14287,8,3,176.63,58.88,0.027,Medium Risk
15673,88,4,2726.23,681.56,0.027,Medium Risk
17509,58,8,6083.64,760.46,0.027,Medium Risk
18139,18,6,8438.34,1406.39,0.027,Medium Risk
14145,47,4,3742.2,935.55,0.027,Medium Risk
16892,1,5,518.19,103.64,0.027,Medium Risk
15195,3,1,3861.0,3861.0,0.026,Medium Risk
18036,32,3,403.12,134.37,0.026,Medium Risk
16000,3,3,12393.7,4131.23,0.026,Medium Risk
13422,64,1,2626.3,2626.3,0.026,Medium Risk
13334,82,3,3502.32,1167.44,0.026,Medium Risk
15947,83,1,1708.24,1708.24,0.026,Medium Risk
13611,89,3,1154.4,384.8,0.025,Medium Risk
17173,5,8,3766.6,470.82,0.025,Medium Risk
18236,30,6,882.24,147.04,0.025,Medium Risk
17084,35,2,2747.99,1374.0,0.025,Medium Risk
17061,74,11,5232.23,475.66,0.025,Medium Risk
17354,51,1,1393.06,1393.06,0.024,Medium Risk
17313,31,1,2328.84,2328.84,0.024,Medium Risk
14212,90,1,1070.48,1070.48,0.024,Medium Risk
16462,74,3,136.0,45.33,0.024,Medium Risk
18008,70,9,2116.19,235.13,0.024,Medium Risk
16281,72,1,2062.06,2062.06,0.024,Medium Risk
15341,81,1,2020.52,2020.52,0.024,Medium Risk
14547,4,8,3974.75,496.84,0.024,Medium Risk
16475,88,4,544.3,136.07,0.024,Medium Risk
16342,75,4,322.41,80.6,0.024,Medium Risk
14836,10,3,102.45,34.15,0.024,Medium Risk
16253,67,2,3683.86,1841.93,0.024,Medium Risk
17919,88,1,1304.04,1304.04,0.024,Medium Risk
16101,71,1,1290.7,1290.7,0.024,Medium Risk
17037,88,1,1267.32,1267.32,0.024,Medium Risk
13878,55,1,1271.57,1271.57,0.024,Medium Risk
14385,9,3,202.11,67.37,0.023,Medium Risk
15152,10,13,4745.69,365.05,0.023,Medium Risk
16446,1,2,168472.5,84236.25,0.022,Medium Risk
13344,68,3,2511.69,837.23,0.022,Medium Risk
15786,46,3,4919.0,1639.67,0.022,Medium Risk
15804,1,13,4206.39,323.57,0.022,Medium Risk
17852,12,2,114.34,57.17,0.022,Medium Risk
14887,79,1,1862.0,1862.0,0.022,Medium Risk
14164,71,2,1631.77,815.88,0.022,Medium Risk
17651,12,10,3945.0,394.5,0.021,Medium Risk
13365,34,2,2225.37,1112.68,0.021,Medium Risk
16800,11,1,1162.65,1162.65,0.021,Medium Risk
17848,81,9,901.2,100.13,0.021,Medium Risk
13038,80,3,908.46,302.82,0.021,Medium Risk
16751,31,1,1764.72,1764.72,0.021,Medium Risk
16380,61,1,1743.15,1743.15,0.021,Medium Risk
14910,3,4,434.35,108.59,0.021,Medium Risk
15996,88,6,1032.58,172.1,0.021,Medium Risk
16986,30,2,1873.2,936.6,0.021,Medium Risk
15241,67,8,1756.44,219.56,0.021,Medium Risk
17311,78,2,1384.85,692.42,0.021,Medium Risk
14307,89,6,2995.72,499.29,0.02,Medium Risk
15764,88,6,3279.97,546.66,0.02,Medium Risk
17027,79,6,877.56,146.26,0.02,Medium Risk
13435,5,7,3809.89,544.27,0.02,Medium Risk
17376,71,2,203.2,101.6,0.02,Medium Risk
18155,75,3,371.62,123.87,0.02,Medium Risk
13384,31,7,4151.93,593.13,0.02,Medium Risk
15206,10,4,420.3,105.08,0.019,Medium Risk
17033,86,3,1030.14,343.38,0.019,Medium Risk
18045,45,1,178.34,178.34,0.019,Medium Risk
16053,33,2,1511.95,755.98,0.019,Medium Risk
15791,44,2,1612.69,806.34,0.019,Medium Risk
16240,24,2,3718.8,1859.4,0.019,Medium Risk
16414,22,2,126.25,63.12,0.019,Medium Risk
16620,4,2,178.96,89.48,0.019,Medium Risk
15526,33,2,148.44,74.22,0.019,Medium Risk
14342,21,4,668.56,167.14,0.019,Medium Risk
16906,82,4,559.59,139.9,0.019,Medium Risk
16372,33,2,355.73,177.86,0.019,Medium Risk
16535,5,1,593.75,593.75,0.018,Medium Risk
16774,68,4,661.52,165.38,0.018,Medium Risk
13666,60,3,84.65,28.22,0.018,Medium Risk
18034,22,2,418.68,209.34,0.018,Medium Risk
16098,88,7,2005.63,286.52,0.018,Medium Risk
16729,38,21,7205.33,343.11,0.018,Medium Risk
15830,38,1,576.0,576.0,0.017,Medium Risk
13539,86,3,631.34,210.45,0.017,Medium Risk
15187,2,16,4777.18,298.57,0.017,Medium Risk
14541,59,8,1453.35,181.67,0.017,Medium Risk
14808,40,8,2718.6,339.82,0.017,Medium Risk
12871,84,2,380.64,190.32,0.017,Medium Risk
16440,8,5,3640.67,728.13,0.017,Medium Risk
13141,85,5,2388.75,477.75,0.017,Medium Risk
14798,53,3,173.74,57.91,0.017,Medium Risk
17528,1,8,3628.5,453.56,0.017,Medium Risk
16261,17,4,728.54,182.14,0.016,Medium Risk
15675,81,3,323.69,107.9,0.016,Medium Risk
14177,86,4,549.46,137.36,0.016,Medium Risk
16229,87,2,1010.6,505.3,0.016,Medium Risk
14753,87,1,563.15,563.15,0.016,Medium Risk
16345,44,1,565.46,565.46,0.016,Medium Risk
16573,85,2,663.61,331.8,0.016,Medium Risk
14623,32,5,886.7,177.34,0.016,Medium Risk
13868,7,2,3192.54,1596.27,0.016,Medium Risk
13763,63,1,1714.96,1714.96,0.016,Medium Risk
15872,15,2,316.25,158.12,0.016,Medium Risk
16960,39,3,507.05,169.02,0.016,Medium Risk
16764,4,13,2790.95,214.69,0.015,Medium Risk
14567,57,2,1530.36,765.18,0.015,Medium Risk
13224,60,2,2155.95,1077.97,0.015,Medium Risk
14820,21,4,507.29,126.82,0.015,Medium Risk
17024,45,3,95.85,31.95,0.015,Medium Risk
17370,73,4,446.18,111.54,0.015,Medium Risk
15521,40,8,3000.2,375.02,0.015,Medium Risk
17345,15,4,519.69,129.92,0.015,Medium Risk
15756,61,4,528.01,132.0,0.015,Medium Risk
13364,71,1,134.96,134.96,0.015,Medium Risk
14174,33,1,134.46,134.46,0.015,Medium Risk
15113,10,3,3509.43,1169.81,0.015,Medium Risk
18059,23,3,306.46,102.15,0.015,Medium Risk
15329,39,3,1049.7,349.9,0.014,Medium Risk
14995,39,2,231.98,115.99,0.014,Medium Risk
17979,36,4,732.41,183.1,0.014,Medium Risk
18040,19,2,357.2,178.6,0.014,Medium Risk
12842,70,2,1118.99,559.5,0.014,Medium Risk
18189,78,2,1090.24,545.12,0.014,Medium Risk
15410,84,8,3450.84,431.36,0.014,Medium Risk
17357,24,2,384.39,192.2,0.014,Medium Risk
16884,38,2,429.84,214.92,0.014,Medium Risk
17253,18,1,178.26,178.26,0.014,Medium Risk
17384,19,2,336.4,168.2,0.014,Medium Risk
15145,4,4,1194.73,298.68,0.014,Medium Risk
14071,4,8,1437.57,179.7,0.014,Medium Risk
17772,11,2,173.45,86.72,0.014,Medium Risk
16412,54,1,135.99,135.99,0.014,Medium Risk
15419,25,1,135.86,135.86,0.014,Medium Risk
13643,31,3,519.44,173.15,0.014,Medium Risk
18094,82,7,3017.3,431.04,0.014,Medium Risk
16934,55,2,931.03,465.52,0.014,Medium Risk
17100,18,2,971.74,485.87,0.014,Medium Risk
17608,33,2,191.99,96.0,0.014,Medium Risk
18273,2,3,204.0,68.0,0.014,Medium Risk
17898,85,2,152.06,76.03,0.014,Medium Risk
17771,57,2,245.81,122.9,0.013,Medium Risk
15393,16,2,231.86,115.93,0.013,Medium Risk
14474,46,1,547.66,547.66,0.013,Medium Risk
17523,11,4,652.74,163.18,0.013,Medium Risk
13366,50,1,56.16,56.16,0.013,Medium Risk
16182,72,4,6617.65,1654.41,0.013,Medium Risk
16818,11,11,3349.57,304.51,0.013,Medium Risk
13247,18,4,501.12,125.28,0.013,Medium Risk
16266,74,7,861.89,123.13,0.013,Medium Risk
18105,38,1,113.48,113.48,0.013,Medium Risk
14236,81,2,490.86,245.43,0.013,Medium Risk
16209,89,5,2262.62,452.52,0.013,Medium Risk
13849,52,2,1537.95,768.98,0.013,Medium Risk
16809,23,5,914.69,182.94,0.013,Medium Risk
16804,23,3,536.99,179.0,0.013,Medium Risk
15978,77,1,1098.78,1098.78,0.013,Medium Risk
15216,88,1,96.6,96.6,0.013,Medium Risk
17078,36,2,378.2,189.1,0.013,Medium Risk
17109,29,6,881.29,146.88,0.013,Medium Risk
17679,53,2,1992.11,996.06,0.013,Medium Risk
18232,82,4,592.97,148.24,0.013,Medium Risk
15468,51,2,467.51,233.76,0.013,Medium Risk
13792,66,2,195.55,97.78,0.013,Medium Risk
16399,19,2,408.02,204.01,0.013,Medium Risk
16942,13,9,1904.99,211.67,0.013,Medium Risk
15228,66,4,3386.71,846.68,0.013,Medium Risk
12909,40,5,2178.67,435.73,0.013,Medium Risk
14644,68,2,830.76,415.38,0.013,Medium Risk
15782,10,3,2614.74,871.58,0.012,Medium Risk
17317,46,3,2600.34,866.78,0.012,Medium Risk
13928,11,4,464.57,116.14,0.012,Medium Risk
14132,2,11,3586.03,326.0,0.012,Medium Risk
15068,46,2,553.36,276.68,0.012,Medium Risk
14173,11,4,450.84,112.71,0.012,Medium Risk
15436,12,3,1067.75,355.92,0.012,Medium Risk
16354,63,2,395.8,197.9,0.012,Medium Risk
14456,5,9,3017.28,335.25,0.012,Medium Risk
14921,30,2,1316.07,658.04,0.012,Medium Risk
15339,66,2,574.07,287.04,0.012,Medium Risk
13260,61,1,557.62,557.62,0.012,Medium Risk
16330,18,3,251.91,83.97,0.012,Medium Risk
17892,56,3,244.1,81.37,0.012,Medium Risk
14535,60,3,2854.84,951.61,0.012,Medium Risk
15847,38,2,389.27,194.64,0.012,Medium Risk
13232,13,7,1328.35,189.76,0.012,Medium Risk
13989,66,2,1266.08,633.04,0.012,Medium Risk
13962,22,2,169.55,84.78,0.012,Medium Risk
17562,14,7,1122.38,160.34,0.012,Medium Risk
13220,78,4,819.29,204.82,0.012,Medium Risk
18112,12,2,352.69,176.34,0.012,Medium Risk
15819,49,4,1905.45,476.36,0.012,Medium Risk
16121,57,2,854.66,427.33,0.012,Medium Risk
16735,79,5,2247.41,449.48,0.012,Medium Risk
17169,58,2,835.78,417.89,0.012,Medium Risk
14862,26,2,841.2,420.6,0.012,Medium Risk
16362,32,5,709.99,142.0,0.012,Medium Risk
13899,16,2,388.52,194.26,0.012,Medium Risk
15073,10,3,1043.41,347.8,0.012,Medium Risk
13867,31,3,1005.09,335.03,0.012,Medium Risk
18170,33,3,980.31,326.77,0.012,Medium Risk
13592,36,4,247.96,61.99,0.012,Medium Risk
16778,74,2,245.94,122.97,0.011,Medium Risk
16875,67,5,2095.53,419.11,0.011,Medium Risk
14948,23,6,1101.97,183.66,0.011,Medium Risk
13725,50,8,1980.56,247.57,0.011,Medium Risk
16629,74,2,408.63,204.32,0.011,Medium Risk
16243,34,2,409.1,204.55,0.011,Medium Risk
14844,64,4,3189.81,797.45,0.011,Medium Risk
13340,45,7,10736.48,1533.78,0.011,Medium Risk
15506,23,3,972.08,324.03,0.011,Medium Risk
17405,1,3,1031.41,343.8,0.011,Medium Risk
15839,33,3,1048.49,349.5,0.011,Medium Risk
15416,65,4,3984.32,996.08,0.011,Medium Risk
14655,8,4,1932.23,483.06,0.011,Medium Risk
15251,9,11,10484.99,953.18,0.011,Medium Risk
13827,58,3,409.8,136.6,0.011,Medium Risk
14147,78,2,483.4,241.7,0.011,Medium Risk
13743,3,7,1341.6,191.66,0.011,Medium Risk
17835,3,3,342.24,114.08,0.011,Medium Risk
13320,78,4,1532.2,383.05,0.011,Medium Risk
15840,59,2,355.56,177.78,0.011,Medium Risk
14690,44,2,355.05,177.52,0.011,Medium Risk
16706,37,3,531.35,177.12,0.011,Medium Risk
15531,8,2,1972.39,986.2,0.011,Medium Risk
16685,61,2,324.24,162.12,0.011,Medium Risk
17388,78,4,1259.56,314.89,0.011,Medium Risk
17299,12,4,656.61,164.15,0.011,Medium Risk
15067,78,3,1744.76,581.59,0.011,Medium Risk
13058,25,3,271.4,90.47,0.011,Medium Risk
16933,1,2,563.23,281.62,0.011,Medium Risk
15579,69,2,327.6,163.8,0.011,Medium Risk
13308,23,3,1385.51,461.84,0.011,Medium Risk
17932,29,3,1331.57,443.86,0.011,Medium Risk
16667,68,2,567.18,283.59,0.011,Medium Risk
17232,3,2,417.77,208.88,0.011,Medium Risk
12886,68,2,1378.4,689.2,0.01,Medium Risk
13131,23,3,1073.3,357.77,0.01,Medium Risk
13544,40,2,276.06,138.03,0.01,Medium Risk
14101,74,6,5976.79,996.13,0.01,Medium Risk
16441,67,2,381.2,190.6,0.01,Medium Risk
16882,67,3,705.12,235.04,0.01,Medium Risk
17002,86,3,1493.73,497.91,0.01,Medium Risk
13571,13,12,2088.94,174.08,0.01,Medium Risk
15522,33,2,397.99,199.0,0.01,Medium Risk
18154,3,2,399.19,199.6,0.01,Medium Risk
15429,27,2,397.35,198.68,0.01,Medium Risk
15883,2,2,396.48,198.24,0.01,Medium Risk
17864,13,3,554.85,184.95,0.01,Medium Risk
14389,65,2,1043.46,521.73,0.01,Medium Risk
16668,15,6,306.72,51.12,0.01,Medium Risk
15367,57,4,1877.59,469.4,0.01,Medium Risk
13995,15,5,1393.69,278.74,0.01,Medium Risk
15123,7,2,2199.31,1099.66,0.01,Medium Risk
16018,39,2,408.9,204.45,0.01,Medium Risk
16239,57,2,414.2,207.1,0.01,Medium Risk
15186,14,2,411.41,205.7,0.01,Medium Risk
15184,29,2,402.2,201.1,0.01,Medium Risk
14675,16,1,596.36,596.36,0.01,Medium Risk
15720,24,1,598.73,598.73,0.01,Medium Risk
16732,32,1,603.75,603.75,0.01,Medium Risk
13536,1,7,3444.39,492.06,0.01,Medium Risk
16940,52,3,3049.88,1016.63,0.01,Medium Risk
15255,67,1,890.85,890.85,0.01,Medium Risk
12847,22,1,843.64,843.64,0.01,Medium Risk
15066,53,1,893.59,893.59,0.01,Medium Risk
16108,85,1,842.5,842.5,0.01,Medium Risk
13689,63,1,910.0,910.0,0.01,Medium Risk
15576,38,1,921.37,921.37,0.01,Medium Risk
14015,53,1,917.34,917.34,0.01,Medium Risk
13979,73,1,869.87,869.87,0.01,Medium Risk
16837,31,11,3170.98,288.27,0.01,Medium Risk
15205,85,2,653.24,326.62,0.01,Medium Risk
18255,89,1,103.3,103.3,0.01,Medium Risk
15494,21,2,1280.58,640.29,0.01,Medium Risk
14894,85,1,655.75,655.75,0.01,Medium Risk
16127,39,1,656.25,656.25,0.01,Medium Risk
15677,49,1,657.23,657.23,0.01,Medium Risk
14725,25,1,655.58,655.58,0.01,Medium Risk
16056,45,1,650.75,650.75,0.01,Medium Risk
16708,46,1,656.63,656.63,0.01,Medium Risk
15134,15,8,1387.99,173.5,0.01,Medium Risk
15737,15,8,1188.12,148.52,0.01,Medium Risk
13316,37,4,5732.93,1433.23,0.01,Medium Risk
15467,9,3,524.88,174.96,0.01,Medium Risk
18079,45,4,3613.15,903.29,0.01,Medium Risk
14792,64,1,6.2,6.2,0.01,Medium Risk
16878,84,1,13.3,13.3,0.01,Medium Risk
13256,14,1,0.0,0.0,0.01,Medium Risk
16478,25,3,331.0,110.33,0.01,Medium Risk
14035,29,5,1428.02,285.6,0.01,Medium Risk
15201,87,5,1236.54,247.31,0.01,Medium Risk
16953,30,1,20.8,20.8,0.01,Medium Risk
17986,56,1,20.8,20.8,0.01,Medium Risk
13208,59,6,1217.65,202.94,0.009,Medium Risk
15853,52,1,110.8,110.8,0.009,Medium Risk
17038,30,1,112.4,112.4,0.009,Medium Risk
17957,66,1,111.68,111.68,0.009,Medium Risk
15610,52,1,112.46,112.46,0.009,Medium Risk
13193,61,1,112.08,112.08,0.009,Medium Risk
18270,38,2,283.15,141.58,0.009,Medium Risk
13704,5,9,2308.06,256.45,0.009,Medium Risk
14893,10,2,1237.85,618.93,0.009,Medium Risk
16750,45,5,623.93,124.79,0.009,Medium Risk
15484,1,4,3590.41,897.6,0.009,Medium Risk
15886,60,1,181.09,181.09,0.009,Medium Risk
17904,21,1,181.07,181.07,0.009,Medium Risk
16594,75,1,181.09,181.09,0.009,Medium Risk
13710,32,1,180.48,180.48,0.009,Medium Risk
14488,68,1,1064.28,1064.28,0.009,Medium Risk
16563,54,1,1077.74,1077.74,0.009,Medium Risk
13635,68,1,1071.03,1071.03,0.009,Medium Risk
17727,15,1,1060.25,1060.25,0.009,Medium Risk
13853,57,1,1090.14,1090.14,0.009,Medium Risk
17160,31,6,3518.03,586.34,0.009,Medium Risk
13283,60,2,93.66,46.83,0.009,Medium Risk
13529,79,2,307.76,153.88,0.009,Medium Risk
14851,23,2,511.35,255.68,0.009,Medium Risk
15571,12,4,650.43,162.61,0.009,Medium Risk
14349,10,1,133.5,133.5,0.009,Medium Risk
15343,87,1,364.5,364.5,0.009,Medium Risk
17063,21,7,1461.14,208.73,0.009,Medium Risk
13292,39,2,578.94,289.47,0.009,Medium Risk
15489,23,3,1134.28,378.09,0.009,Medium Risk
13991,12,6,852.88,142.15,0.009,Medium Risk
15493,33,5,1953.41,390.68,0.009,Medium Risk
13930,58,2,337.34,168.67,0.009,Medium Risk
15645,19,1,612.01,612.01,0.009,Medium Risk
16454,45,2,6.9,3.45,0.009,Medium Risk
13278,41,1,542.73,542.73,0.009,Medium Risk
16211,89,1,547.02,547.02,0.009,Medium Risk
17806,11,1,546.04,546.04,0.009,Medium Risk
13390,75,1,544.08,544.08,0.009,Medium Risk
17520,54,1,546.81,546.81,0.009,Medium Risk
16841,37,6,1869.82,311.64,0.009,Medium Risk
14306,51,2,2093.32,1046.66,0.009,Medium Risk
13404,1,2,252.49,126.24,0.009,Medium Risk
12924,88,4,933.7,233.42,0.009,Medium Risk
15026,80,3,469.0,156.33,0.009,Medium Risk
13761,50,2,1070.65,535.33,0.009,Medium Risk
16200,4,2,1068.87,534.44,0.009,Medium Risk
13481,46,5,1804.56,360.91,0.009,Medium Risk
17921,64,4,820.23,205.06,0.009,Medium Risk
17594,85,2,993.18,496.59,0.009,Medium Risk
15754,51,3,458.57,152.86,0.009,Medium Risk
15518,64,8,1921.55,240.19,0.009,Medium Risk
16232,44,4,990.88,247.72,0.009,Medium Risk
13651,35,2,94.2,47.1,0.009,Medium Risk
15051,23,3,1383.36,461.12,0.009,Medium Risk
16479,10,2,300.83,150.42,0.009,Medium Risk
17064,59,3,855.45,285.15,0.009,Medium Risk
14765,29,3,254.11,84.7,0.009,Medium Risk
16379,4,4,2157.4,539.35,0.009,Medium Risk
16542,54,1,119.62,119.62,0.009,Medium Risk
18015,4,1,120.03,120.03,0.009,Medium Risk
13182,45,1,121.18,121.18,0.009,Medium Risk
16009,22,4,972.11,243.03,0.009,Medium Risk
16624,81,2,810.57,405.28,0.009,Medium Risk
13552,66,12,3740.07,311.67,0.009,Medium Risk
14976,57,7,790.86,112.98,0.009,Medium Risk
13657,11,2,382.14,191.07,0.009,Medium Risk
15863,26,2,68.84,34.42,0.009,Medium Risk
15214,2,8,1661.44,207.68,0.009,Medium Risk
14557,85,1,788.38,788.38,0.009,Medium Risk
13336,77,1,795.12,795.12,0.009,Medium Risk
14776,51,11,2538.3,230.75,0.009,Medium Risk
18180,5,6,1843.75,307.29,0.009,Medium Risk
18001,12,2,415.13,207.56,0.009,Medium Risk
12930,78,2,415.8,207.9,0.009,Medium Risk
12948,16,7,2064.95,294.99,0.008,Medium Risk
17831,33,1,35.4,35.4,0.008,Medium Risk
16856,15,1,35.4,35.4,0.008,Medium Risk
15657,23,1,30.0,30.0,0.008,Medium Risk
15744,78,1,34.8,34.8,0.008,Medium Risk
14023,7,2,584.07,292.04,0.008,Medium Risk
14636,36,2,609.85,304.92,0.008,Medium Risk
15440,55,3,383.68,127.89,0.008,Medium Risk
16404,70,1,443.05,443.05,0.008,Medium Risk
16236,78,1,432.2,432.2,0.008,Medium Risk
15930,67,1,426.63,426.63,0.008,Medium Risk
16881,67,1,432.0,432.0,0.008,Medium Risk
16574,71,1,451.44,451.44,0.008,Medium Risk
17537,30,2,887.67,443.84,0.008,Medium Risk
15681,25,5,1426.16,285.23,0.008,Medium Risk
16141,88,1,620.4,620.4,0.008,Medium Risk
17640,87,1,621.66,621.66,0.008,Medium Risk
13450,27,6,2043.72,340.62,0.008,Medium Risk
17382,65,1,65.4,65.4,0.008,Medium Risk
17022,31,1,71.0,71.0,0.008,Medium Risk
14916,71,4,1268.98,317.24,0.008,Medium Risk
13549,26,7,918.2,131.17,0.008,Medium Risk
13877,86,1,117.24,117.24,0.008,Medium Risk
16959,87,1,117.35,117.35,0.008,Medium Risk
17079,78,1,118.8,118.8,0.008,Medium Risk
16666,19,1,118.98,118.98,0.008,Medium Risk
13067,82,1,115.46,115.46,0.008,Medium Risk
17266,2,3,296.58,98.86,0.008,Medium Risk
13673,19,2,387.44,193.72,0.008,Medium Risk
18246,24,2,596.1,298.05,0.008,Medium Risk
13323,3,5,787.85,157.57,0.008,Medium Risk
16438,6,5,798.35,159.67,0.008,Medium Risk
18192,72,1,957.97,957.97,0.008,Medium Risk
18194,82,1,973.84,973.84,0.008,Medium Risk
13639,74,1,1033.34,1033.34,0.008,Medium Risk
17197,30,1,1013.01,1013.01,0.008,Medium Risk
17244,53,1,954.9,954.9,0.008,Medium Risk
16260,51,1,1035.45,1035.45,0.008,Medium Risk
17044,25,1,948.48,948.48,0.008,Medium Risk
15163,18,2,304.47,152.24,0.008,Medium Risk
17397,22,2,681.41,340.7,0.008,Medium Risk
16268,71,2,667.65,333.82,0.008,Medium Risk
14581,17,1,138.6,138.6,0.008,Medium Risk
13279,78,1,137.75,137.75,0.008,Medium Risk
15836,50,1,137.37,137.37,0.008,Medium Risk
13456,18,6,1766.72,294.45,0.008,Medium Risk
16225,45,5,1096.32,219.26,0.008,Medium Risk
13499,18,5,1159.11,231.82,0.008,Medium Risk
14597,11,2,866.24,433.12,0.008,Medium Risk
16584,80,2,936.08,468.04,0.008,Medium Risk
13035,74,2,921.88,460.94,0.008,Medium Risk
14240,30,2,890.34,445.17,0.008,Medium Risk
15321,71,3,2748.31,916.1,0.008,Medium Risk
16851,4,3,342.45,114.15,0.008,Medium Risk
16930,26,3,378.89,126.3,0.008,Medium Risk
17573,29,3,380.6,126.87,0.008,Medium Risk
16626,1,17,4413.1,259.59,0.008,Medium Risk
15701,2,4,1529.0,382.25,0.008,Medium Risk
16589,71,3,459.24,153.08,0.008,Medium Risk
17219,32,1,114.23,114.23,0.008,Medium Risk
14582,41,1,114.11,114.11,0.008,Medium Risk
12938,26,1,114.14,114.14,0.008,Medium Risk
13188,11,1,114.6,114.6,0.008,Medium Risk
14652,77,1,114.18,114.18,0.008,Medium Risk
13950,11,4,745.06,186.26,0.008,Medium Risk
14273,51,4,559.97,139.99,0.008,Medium Risk
13588,16,9,2478.95,275.44,0.008,Medium Risk
17667,66,5,2055.51,411.1,0.008,Medium Risk
14966,15,1,183.02,183.02,0.008,Medium Risk
14785,10,2,77.4,38.7,0.008,Medium Risk
16609,15,7,5493.46,784.78,0.008,Medium Risk
16650,72,1,518.42,518.42,0.008,Medium Risk
12863,52,1,521.2,521.2,0.008,Medium Risk
15747,13,3,946.64,315.55,0.008,Medium Risk
14421,57,2,813.11,406.56,0.008,Medium Risk
15376,40,3,1221.56,407.19,0.008,Medium Risk
17647,65,1,133.06,133.06,0.008,Medium Risk
17785,53,1,131.94,131.94,0.008,Medium Risk
15844,46,1,130.74,130.74,0.008,Medium Risk
14959,64,4,695.42,173.86,0.008,Medium Risk
13373,61,3,3312.25,1104.08,0.008,Medium Risk
15561,12,4,800.59,200.15,0.008,Medium Risk
15706,64,4,1060.56,265.14,0.008,Medium Risk
16395,60,5,1482.06,296.41,0.008,Medium Risk
13519,78,1,122.75,122.75,0.008,Medium Risk
15276,66,1,128.63,128.63,0.008,Medium Risk
13876,64,1,122.7,122.7,0.008,Medium Risk
13681,18,4,827.83,206.96,0.008,Medium Risk
15539,7,1,538.46,538.46,0.008,Medium Risk
15043,31,1,537.0,537.0,0.008,Medium Risk
16742,47,1,464.9,464.9,0.008,Medium Risk
15721,12,1,471.4,471.4,0.008,Medium Risk
15557,29,1,468.91,468.91,0.008,Medium Risk
16504,25,1,465.88,465.88,0.008,Medium Risk
14967,50,1,463.8,463.8,0.008,Medium Risk
15006,51,1,480.38,480.38,0.008,Medium Risk
15091,68,1,480.71,480.71,0.008,Medium Risk
17289,32,3,931.02,310.34,0.008,Medium Risk
18211,26,5,600.07,120.01,0.008,Medium Risk
12828,3,6,1018.71,169.78,0.008,Medium Risk
13735,25,4,2883.54,720.88,0.008,Medium Risk
14626,24,4,2791.27,697.82,0.008,Medium Risk
17603,78,1,394.72,394.72,0.008,Medium Risk
15264,64,1,393.74,393.74,0.008,Medium Risk
16207,25,1,394.38,394.38,0.008,Medium Risk
15345,46,1,393.54,393.54,0.008,Medium Risk
16376,9,2,974.96,487.48,0.008,Medium Risk
12822,71,2,948.88,474.44,0.008,Medium Risk
14157,20,2,424.89,212.45,0.008,Medium Risk
14211,53,9,2241.1,249.01,0.008,Medium Risk
17088,28,4,1991.01,497.75,0.008,Medium Risk
14681,71,3,498.95,166.32,0.008,Medium Risk
15128,60,4,1471.0,367.75,0.008,Medium Risk
13824,33,5,1698.94,339.79,0.008,Medium Risk
15712,9,5,1072.36,214.47,0.008,Medium Risk
17966,38,5,1098.43,219.69,0.008,Medium Risk
15140,52,7,2354.25,336.32,0.008,Medium Risk
14077,41,5,499.42,99.88,0.008,Medium Risk
15809,36,5,515.77,103.15,0.008,Medium Risk
16122,73,4,684.42,171.1,0.008,Medium Risk
17144,1,2,984.57,492.28,0.008,Medium Risk
13350,16,2,979.12,489.56,0.008,Medium Risk
13823,19,2,957.66,478.83,0.008,Medium Risk
14138,2,2,965.88,482.94,0.008,Medium Risk
13805,52,2,924.6,462.3,0.008,Medium Risk
17483,65,3,414.04,138.01,0.008,Medium Risk
15807,50,3,903.9,301.3,0.007,Medium Risk
14607,16,14,16209.5,1157.82,0.007,Medium Risk
17101,10,4,1621.73,405.43,0.007,Medium Risk
15211,60,2,894.41,447.21,0.007,Medium Risk
17115,8,3,837.5,279.17,0.007,Medium Risk
17886,32,3,869.28,289.76,0.007,Medium Risk
13982,39,4,1871.81,467.95,0.007,Medium Risk
16877,12,6,846.62,141.1,0.007,Medium Risk
16730,52,3,743.11,247.7,0.007,Medium Risk
16693,69,2,477.86,238.93,0.007,Medium Risk
14473,74,2,234.34,117.17,0.007,Medium Risk
13026,1,5,975.36,195.07,0.007,Medium Risk
17183,8,6,3347.31,557.88,0.007,Medium Risk
17644,1,11,2895.64,263.24,0.007,Medium Risk
14711,10,11,2839.62,258.15,0.007,Medium Risk
16008,24,3,478.78,159.59,0.007,Medium Risk
16038,8,3,471.78,157.26,0.007,Medium Risk
14583,6,5,986.96,197.39,0.007,Medium Risk
18241,10,17,2073.09,121.95,0.007,Medium Risk
17985,22,1,631.35,631.35,0.007,Medium Risk
13518,86,1,627.16,627.16,0.007,Medium Risk
15773,6,1,635.68,635.68,0.007,Medium Risk
17489,59,2,376.64,188.32,0.007,Medium Risk
15730,66,3,1120.88,373.63,0.007,Medium Risk
13563,84,2,777.53,388.76,0.007,Medium Risk
12882,9,2,1463.04,731.52,0.007,Medium Risk
18019,52,1,38.45,38.45,0.007,Medium Risk
15630,45,2,1186.35,593.17,0.007,Medium Risk
17873,80,5,1848.96,369.79,0.007,Medium Risk
14757,75,1,420.5,420.5,0.007,Medium Risk
16737,53,1,417.6,417.6,0.007,Medium Risk
18240,46,1,422.58,422.58,0.007,Medium Risk
14124,84,1,419.58,419.58,0.007,Medium Risk
14538,65,2,388.25,194.12,0.007,Medium Risk
16928,80,17,2814.7,165.57,0.007,Medium Risk
17997,74,8,1962.46,245.31,0.007,Medium Risk
16918,49,6,1068.82,178.14,0.007,Medium Risk
17928,45,2,212.54,106.27,0.007,Medium Risk
17579,5,3,448.9,149.63,0.007,Medium Risk
12843,66,8,1702.26,212.78,0.007,Medium Risk
18263,26,3,1213.16,404.39,0.007,Medium Risk
15121,50,2,457.72,228.86,0.007,Medium Risk
17436,2,2,216.3,108.15,0.007,Medium Risk
13662,86,3,881.26,293.75,0.007,Medium Risk
15865,41,3,895.13,298.38,0.007,Medium Risk
13575,23,5,732.07,146.41,0.007,Medium Risk
13557,28,2,584.06,292.03,0.007,Medium Risk
13695,31,15,2504.13,166.94,0.007,Medium Risk
14853,24,2,475.8,237.9,0.007,Medium Risk
17237,11,2,314.69,157.34,0.007,Medium Risk
14660,87,2,285.74,142.87,0.007,Medium Risk
14522,24,4,974.54,243.64,0.007,Medium Risk
15745,19,4,1094.59,273.65,0.007,Medium Risk
18017,81,3,523.0,174.33,0.007,Medium Risk
15156,1,3,961.49,320.5,0.007,Medium Risk
17724,71,3,1033.0,344.33,0.007,Medium Risk
16185,17,2,529.41,264.7,0.007,Medium Risk
16360,5,6,3450.41,575.07,0.007,Medium Risk
13016,73,3,789.89,263.3,0.007,Medium Risk
17527,54,4,939.37,234.84,0.007,Medium Risk
13118,20,5,1197.81,239.56,0.007,Medium Risk
13780,7,2,360.01,180.0,0.007,Medium Risk
12832,32,2,383.03,191.52,0.007,Medium Risk
16681,73,6,1770.34,295.06,0.007,Medium Risk
14286,24,3,4628.75,1542.92,0.007,Medium Risk
14515,18,6,2076.89,346.15,0.007,Medium Risk
16370,82,4,1301.91,325.48,0.007,Medium Risk
16140,66,2,725.18,362.59,0.007,Medium Risk
14978,72,5,1921.37,384.27,0.007,Medium Risk
13940,17,4,839.14,209.78,0.007,Medium Risk
14880,77,3,690.59,230.2,0.007,Medium Risk
17272,42,4,2148.63,537.16,0.007,Medium Risk
15106,18,5,1422.52,284.5,0.007,Medium Risk
17759,17,3,819.96,273.32,0.007,Medium Risk
13233,74,2,605.12,302.56,0.007,Medium Risk
15199,59,4,1268.7,317.18,0.007,Medium Risk
15841,73,4,1224.06,306.02,0.007,Medium Risk
17867,30,6,1157.87,192.98,0.007,Medium Risk
14332,23,3,840.21,280.07,0.007,Medium Risk
13895,28,4,2593.07,648.27,0.007,Medium Risk
13727,29,2,333.48,166.74,0.007,Medium Risk
18171,59,5,1231.31,246.26,0.007,Medium Risk
16992,11,5,1614.31,322.86,0.007,Medium Risk
17250,4,2,381.97,190.98,0.007,Medium Risk
13904,37,2,332.64,166.32,0.007,Medium Risk
14356,80,2,701.23,350.62,0.006,Medium Risk
17625,18,4,2020.4,505.1,0.006,Medium Risk
16343,16,2,328.58,164.29,0.006,Medium Risk
17522,2,5,1070.71,214.14,0.006,Medium Risk
17468,10,2,137.0,68.5,0.006,Medium Risk
14854,78,7,2740.03,391.43,0.006,Medium Risk
16201,3,4,1863.47,465.87,0.006,Medium Risk
13949,3,6,2427.32,404.55,0.006,Medium Risk
17131,5,5,2463.17,492.63,0.006,Medium Risk
15739,66,1,449.12,449.12,0.006,Medium Risk
16466,34,7,1595.96,227.99,0.006,Medium Risk
15238,29,3,1071.99,357.33,0.006,Medium Risk
17502,9,4,689.1,172.28,0.006,Medium Risk
15009,12,3,1259.43,419.81,0.006,Medium Risk
16374,66,2,466.73,233.36,0.006,Medium Risk
13577,25,4,1687.6,421.9,0.006,Medium Risk
14125,11,3,2720.63,906.88,0.006,Medium Risk
17728,4,3,2876.01,958.67,0.006,Medium Risk
16950,57,3,1178.56,392.85,0.006,Medium Risk
14038,78,3,1560.38,520.13,0.006,Medium Risk
16880,31,7,1491.43,213.06,0.006,Medium Risk
14700,32,3,2195.1,731.7,0.006,Medium Risk
17595,12,2,386.69,193.34,0.006,Medium Risk
14494,26,1,139.56,139.56,0.006,Medium Risk
13483,66,1,140.34,140.34,0.006,Medium Risk
13427,19,3,582.6,194.2,0.006,Medium Risk
13755,4,9,2108.06,234.23,0.006,Medium Risk
15906,20,7,1567.69,223.96,0.006,Medium Risk
16128,18,5,1880.22,376.04,0.006,Medium Risk
16768,48,3,478.09,159.36,0.006,Medium Risk
13732,28,1,491.86,491.86,0.006,Medium Risk
17333,86,1,494.25,494.25,0.006,Medium Risk
15300,64,1,496.44,496.44,0.006,Medium Risk
13515,73,4,891.12,222.78,0.006,Medium Risk
17836,47,1,110.21,110.21,0.006,Medium Risk
16363,53,1,109.36,109.36,0.006,Medium Risk
17901,29,1,110.38,110.38,0.006,Medium Risk
18277,58,1,110.38,110.38,0.006,Medium Risk
14641,22,1,110.46,110.46,0.006,Medium Risk
17004,46,2,1312.14,656.07,0.006,Medium Risk
17203,36,6,3560.08,593.35,0.006,Medium Risk
13055,78,3,1214.41,404.8,0.006,Medium Risk
14790,17,4,745.06,186.26,0.006,Medium Risk
15656,45,4,748.5,187.12,0.006,Medium Risk
14834,18,6,1720.3,286.72,0.006,Medium Risk
15220,52,6,1778.96,296.49,0.006,Medium Risk
16852,10,2,144.91,72.46,0.006,Medium Risk
16369,18,3,1545.41,515.14,0.006,Medium Risk
13959,79,3,594.04,198.01,0.006,Medium Risk
17802,82,3,1285.04,428.35,0.006,Medium Risk
14555,57,2,312.54,156.27,0.006,Medium Risk
16131,52,6,3506.54,584.42,0.006,Medium Risk
12827,6,3,430.15,143.38,0.006,Medium Risk
17624,15,2,843.48,421.74,0.006,Medium Risk
16188,45,4,981.86,245.46,0.006,Medium Risk
17648,61,4,1797.5,449.38,0.006,Medium Risk
13658,10,5,2639.17,527.83,0.006,Medium Risk
17434,2,7,2373.82,339.12,0.006,Medium Risk
14432,10,6,2248.5,374.75,0.006,Medium Risk
13431,67,2,1269.1,634.55,0.006,Medium Risk
16170,51,6,1885.05,314.18,0.006,Medium Risk
16136,60,3,709.38,236.46,0.006,Medium Risk
16571,27,3,1421.69,473.9,0.006,Medium Risk
15164,69,3,824.58,274.86,0.006,Medium Risk
14499,26,3,808.44,269.48,0.006,Medium Risk
17930,36,5,1740.48,348.1,0.006,Medium Risk
14397,3,19,2612.96,137.52,0.006,Medium Risk
13892,27,4,632.97,158.24,0.006,Medium Risk
16469,24,4,625.42,156.35,0.006,Medium Risk
18261,43,2,324.24,162.12,0.006,Medium Risk
17584,7,2,1242.3,621.15,0.006,Medium Risk
14857,60,2,1173.12,586.56,0.006,Medium Risk
17883,3,4,664.34,166.08,0.006,Medium Risk
14504,47,4,673.26,168.32,0.006,Medium Risk
13623,31,5,727.74,145.55,0.006,Medium Risk
14080,33,1,45.6,45.6,0.006,Medium Risk
14300,19,1,43.2,43.2,0.006,Medium Risk
15992,4,1,41.99,41.99,0.006,Medium Risk
15423,38,1,43.5,43.5,0.006,Medium Risk
15603,79,1,48.48,48.48,0.006,Medium Risk
14034,22,3,648.89,216.3,0.006,Medium Risk
17819,72,7,3704.87,529.27,0.006,Medium Risk
15075,78,1,773.03,773.03,0.006,Medium Risk
16505,32,1,777.6,777.6,0.006,Medium Risk
13587,64,1,712.4,712.4,0.006,Medium Risk
13464,58,1,674.68,674.68,0.006,Medium Risk
18104,37,1,754.64,754.64,0.006,Medium Risk
13325,82,1,675.3,675.3,0.006,Medium Risk
14756,15,1,738.96,738.96,0.006,Medium Risk
13356,80,1,768.24,768.24,0.006,Medium Risk
13354,71,1,743.53,743.53,0.006,Medium Risk
15322,86,1,679.68,679.68,0.006,Medium Risk
16491,47,1,731.5,731.5,0.006,Medium Risk
14923,51,1,749.1,749.1,0.006,Medium Risk
17761,33,1,712.78,712.78,0.006,Medium Risk
18082,26,1,680.84,680.84,0.006,Medium Risk
13375,89,1,778.65,778.65,0.006,Medium Risk
12965,89,1,769.81,769.81,0.006,Medium Risk
16480,76,1,769.29,769.29,0.006,Medium Risk
13607,40,1,675.51,675.51,0.006,Medium Risk
14341,45,8,2166.98,270.87,0.006,Medium Risk
16813,8,10,1652.18,165.22,0.006,Medium Risk
14205,17,2,466.7,233.35,0.006,Medium Risk
14882,27,2,589.7,294.85,0.006,Medium Risk
17107,33,6,10797.48,1799.58,0.006,Medium Risk
12854,79,3,1316.25,438.75,0.006,Medium Risk
13760,54,2,286.79,143.4,0.006,Medium Risk
13573,50,2,290.25,145.12,0.006,Medium Risk
13153,6,1,486.22,486.22,0.006,Medium Risk
18216,31,1,481.75,481.75,0.006,Medium Risk
13176,46,1,481.49,481.49,0.006,Medium Risk
13265,53,5,2092.66,418.53,0.006,Medium Risk
14232,43,5,2048.07,409.61,0.006,Medium Risk
14551,18,2,186.23,93.12,0.006,Medium Risk
12823,75,5,1759.5,351.9,0.006,Medium Risk
15296,51,6,3672.86,612.14,0.005,Medium Risk
16628,30,5,2188.05,437.61,0.005,Medium Risk
17410,16,5,1214.72,242.94,0.005,Medium Risk
15584,24,4,720.86,180.22,0.005,Medium Risk
14640,24,6,2107.38,351.23,0.005,Medium Risk
13455,25,2,1058.34,529.17,0.005,Medium Risk
16041,31,3,3166.4,1055.47,0.005,Medium Risk
13566,41,2,856.84,428.42,0.005,Medium Risk
17566,8,2,869.77,434.88,0.005,Medium Risk
15654,9,2,922.53,461.26,0.005,Medium Risk
13363,18,2,992.5,496.25,0.005,Medium Risk
14140,4,2,935.05,467.52,0.005,Medium Risk
16070,22,2,852.15,426.08,0.005,Medium Risk
12940,55,2,899.69,449.84,0.005,Medium Risk
16347,11,2,847.45,423.72,0.005,Medium Risk
15948,8,2,955.24,477.62,0.005,Medium Risk
16747,38,2,836.06,418.03,0.005,Medium Risk
14629,4,2,955.26,477.63,0.005,Medium Risk
13650,17,6,1836.34,306.06,0.005,Medium Risk
15000,48,1,490.52,490.52,0.005,Medium Risk
15475,77,1,454.11,454.11,0.005,Medium Risk
14184,67,1,452.89,452.89,0.005,Medium Risk
12904,18,2,496.06,248.03,0.005,Medium Risk
14462,66,11,1980.57,180.05,0.005,Medium Risk
18177,31,6,1340.87,223.48,0.005,Medium Risk
16005,12,4,578.71,144.68,0.005,Medium Risk
14529,60,3,578.61,192.87,0.005,Medium Risk
15289,29,3,939.78,313.26,0.005,Medium Risk
15622,43,9,3709.56,412.17,0.005,Medium Risk
16120,59,4,1309.14,327.29,0.005,Medium Risk
12883,25,4,703.47,175.87,0.005,Medium Risk
18237,3,5,987.1,197.42,0.005,Medium Risk
13410,24,5,1003.06,200.61,0.005,Medium Risk
13421,40,2,1833.71,916.86,0.005,Medium Risk
16566,15,5,614.66,122.93,0.005,Medium Risk
17934,52,2,704.25,352.12,0.005,Medium Risk
18122,8,6,1793.06,298.84,0.005,Medium Risk
17663,26,7,1802.91,257.56,0.005,Medium Risk
13594,53,1,396.97,396.97,0.005,Medium Risk
14333,68,1,415.2,415.2,0.005,Medium Risk
14139,46,1,415.82,415.82,0.005,Medium Risk
15803,51,1,415.82,415.82,0.005,Medium Risk
15725,15,1,415.25,415.25,0.005,Medium Risk
15523,84,1,412.01,412.01,0.005,Medium Risk
18067,40,1,396.33,396.33,0.005,Medium Risk
15994,55,1,414.27,414.27,0.005,Medium Risk
13974,49,1,413.59,413.59,0.005,Medium Risk
15267,22,5,1717.36,343.47,0.005,Medium Risk
13994,4,6,2274.14,379.02,0.005,Medium Risk
16249,53,5,1800.07,360.01,0.005,Medium Risk
17469,16,5,1870.97,374.19,0.005,Medium Risk
17554,1,5,1952.45,390.49,0.005,Medium Risk
13562,82,3,1799.33,599.78,0.005,Medium Risk
13525,15,2,628.78,314.39,0.005,Medium Risk
13046,31,2,629.31,314.65,0.005,Medium Risk
18116,68,8,1403.11,175.39,0.005,Medium Risk
13429,11,4,1006.8,251.7,0.005,Medium Risk
15626,75,2,675.8,337.9,0.005,Medium Risk
17058,82,3,1179.89,393.3,0.005,Medium Risk
14852,58,6,2836.69,472.78,0.005,Medium Risk
13832,19,1,52.2,52.2,0.005,Medium Risk
15504,81,1,52.83,52.83,0.005,Medium Risk
16322,1,2,326.75,163.38,0.005,Medium Risk
13947,65,1,90.6,90.6,0.005,Medium Risk
16597,4,1,90.04,90.04,0.005,Medium Risk
14089,57,1,158.75,158.75,0.005,Medium Risk
16789,8,1,80.8,80.8,0.005,Medium Risk
13006,56,1,81.57,81.57,0.005,Medium Risk
18084,16,1,90.48,90.48,0.005,Medium Risk
16674,55,2,304.24,152.12,0.005,Medium Risk
14974,37,1,89.94,89.94,0.005,Medium Risk
15348,72,1,158.04,158.04,0.005,Medium Risk
14219,4,1,89.94,89.94,0.005,Medium Risk
17620,60,1,81.44,81.44,0.005,Medium Risk
17193,36,7,1699.3,242.76,0.005,Medium Risk
17047,85,3,1100.9,366.97,0.005,Medium Risk
14561,76,3,1080.76,360.25,0.005,Medium Risk
16506,20,2,90.3,45.15,0.005,Medium Risk
14731,47,3,380.02,126.67,0.005,Medium Risk
17500,17,3,1138.0,379.33,0.005,Medium Risk
13636,37,5,949.12,189.82,0.005,Medium Risk
15834,70,4,2225.15,556.29,0.005,Medium Risk
13992,30,1,76.8,76.8,0.005,Medium Risk
17942,8,1,77.5,77.5,0.005,Medium Risk
16325,47,3,594.24,198.08,0.005,Medium Risk
15030,72,2,518.28,259.14,0.005,Medium Risk
18130,15,3,1059.39,353.13,0.005,Medium Risk
16416,26,3,1051.4,350.47,0.005,Medium Risk
17157,8,2,319.0,159.5,0.005,Medium Risk
13875,54,5,1786.79,357.36,0.005,Medium Risk
14665,61,5,1835.7,367.14,0.005,Medium Risk
14963,10,5,1472.34,294.47,0.005,Medium Risk
17288,9,7,1417.63,202.52,0.005,Medium Risk
12826,3,7,1474.72,210.67,0.005,Medium Risk
15987,12,7,1432.77,204.68,0.005,Medium Risk
13110,31,7,1488.67,212.67,0.005,Medium Risk
14517,33,2,330.45,165.22,0.005,Medium Risk
13787,76,2,309.04,154.52,0.005,Medium Risk
15366,75,2,602.51,301.26,0.005,Medium Risk
17674,74,2,551.04,275.52,0.005,Medium Risk
14819,64,2,272.07,136.04,0.005,Medium Risk
16557,24,2,281.85,140.93,0.005,Medium Risk
13917,50,2,272.04,136.02,0.005,Medium Risk
16149,5,2,280.52,140.26,0.005,Medium Risk
14518,64,1,174.37,174.37,0.005,Medium Risk
13690,59,1,172.25,172.25,0.005,Medium Risk
15432,23,1,171.19,171.19,0.005,Medium Risk
12923,64,1,172.82,172.82,0.005,Medium Risk
13560,7,1,171.42,171.42,0.005,Medium Risk
14716,43,2,307.51,153.76,0.005,Medium Risk
16773,57,1,171.59,171.59,0.005,Medium Risk
18274,30,1,175.92,175.92,0.005,Medium Risk
13083,4,2,303.75,151.88,0.005,Medium Risk
18278,74,1,173.9,173.9,0.005,Medium Risk
13170,27,1,108.81,108.81,0.005,Medium Risk
14345,39,1,108.98,108.98,0.005,Medium Risk
16434,29,7,1511.8,215.97,0.005,Medium Risk
17817,4,3,387.68,129.23,0.005,Medium Risk
18188,15,3,2001.04,667.01,0.005,Medium Risk
14470,12,2,461.19,230.6,0.005,Medium Risk
16107,18,7,3204.16,457.74,0.005,Medium Risk
18242,72,4,2232.49,558.12,0.005,Medium Risk
14830,53,1,188.88,188.88,0.005,Medium Risk
15567,19,1,186.01,186.01,0.005,Medium Risk
17279,58,1,187.83,187.83,0.005,Medium Risk
14801,61,1,189.34,189.34,0.005,Medium Risk
14624,57,2,225.85,112.92,0.005,Medium Risk
14193,68,2,853.39,426.7,0.005,Medium Risk
15707,35,4,916.98,229.24,0.005,Medium Risk
17656,73,5,1674.69,334.94,0.005,Medium Risk
12919,8,6,1335.19,222.53,0.005,Medium Risk
14235,75,5,3144.86,628.97,0.004,Medium Risk
15806,46,3,784.58,261.53,0.004,Medium Risk
18136,63,3,784.33,261.44,0.004,Medium Risk
17361,49,3,488.2,162.73,0.004,Medium Risk
13865,58,4,501.56,125.39,0.004,Medium Risk
17411,12,3,778.94,259.65,0.004,Medium Risk
15414,10,3,774.9,258.3,0.004,Medium Risk
15831,58,3,794.64,264.88,0.004,Medium Risk
15406,31,2,510.71,255.36,0.004,Medium Risk
14067,64,2,374.7,187.35,0.004,Medium Risk
14126,8,3,706.13,235.38,0.004,Medium Risk
13149,14,4,1676.06,419.02,0.004,Medium Risk
13918,50,2,1212.84,606.42,0.004,Medium Risk
16474,7,7,1810.65,258.66,0.004,Medium Risk
17738,19,4,1879.05,469.76,0.004,Medium Risk
18135,29,5,681.91,136.38,0.004,Medium Risk
15549,77,3,1681.46,560.49,0.004,Medium Risk
16513,5,4,874.59,218.65,0.004,Medium Risk
15022,12,4,852.39,213.1,0.004,Medium Risk
13835,25,4,834.57,208.64,0.004,Medium Risk
18022,36,1,612.72,612.72,0.004,Medium Risk
14507,24,6,1367.88,227.98,0.004,Medium Risk
17054,28,5,1356.33,271.27,0.004,Medium Risk
14234,22,4,754.12,188.53,0.004,Medium Risk
18181,24,1,366.85,366.85,0.004,Medium Risk
13351,66,1,373.94,373.94,0.004,Medium Risk
16485,77,1,363.65,363.65,0.004,Medium Risk
14528,37,1,364.22,364.22,0.004,Medium Risk
14950,19,1,371.2,371.2,0.004,Medium Risk
16758,65,1,369.34,369.34,0.004,Medium Risk
17911,9,1,366.23,366.23,0.004,Medium Risk
16776,60,1,371.54,371.54,0.004,Medium Risk
15975,84,1,371.01,371.01,0.004,Medium Risk
17947,37,1,176.68,176.68,0.004,Medium Risk
12893,31,1,176.55,176.55,0.004,Medium Risk
16110,45,3,1320.95,440.32,0.004,Medium Risk
16245,24,3,1413.66,471.22,0.004,Medium Risk
16709,85,5,3029.87,605.97,0.004,Medium Risk
13134,86,4,1793.58,448.4,0.004,Medium Risk
13884,7,5,787.6,157.52,0.004,Medium Risk
15193,61,1,499.32,499.32,0.004,Medium Risk
17415,79,1,507.84,507.84,0.004,Medium Risk
17513,72,1,513.2,513.2,0.004,Medium Risk
17480,78,1,511.82,511.82,0.004,Medium Risk
14158,40,1,507.66,507.66,0.004,Medium Risk
14014,77,1,505.18,505.18,0.004,Medium Risk
17805,74,1,512.31,512.31,0.004,Medium Risk
14317,65,1,508.58,508.58,0.004,Medium Risk
15417,85,1,508.8,508.8,0.004,Medium Risk
15142,46,1,498.74,498.74,0.004,Medium Risk
16348,32,7,1415.65,202.24,0.004,Medium Risk
16794,1,10,1196.5,119.65,0.004,Medium Risk
14360,32,4,2118.03,529.51,0.004,Medium Risk
16014,38,3,646.83,215.61,0.004,Medium Risk
14477,20,4,1309.6,327.4,0.004,Medium Risk
16612,33,4,1187.66,296.92,0.004,Medium Risk
16139,19,3,635.41,211.8,0.004,Medium Risk
13546,12,3,621.09,207.03,0.004,Medium Risk
16418,45,3,631.12,210.37,0.004,Medium Risk
13685,3,7,3119.44,445.63,0.004,Medium Risk
17668,1,2,347.75,173.88,0.004,Medium Risk
15027,31,4,1066.15,266.54,0.004,Medium Risk
15907,4,3,882.72,294.24,0.004,Medium Risk
16094,12,4,1078.23,269.56,0.004,Medium Risk
13477,38,6,1454.58,242.43,0.004,Medium Risk
14129,2,5,1123.86,224.77,0.004,Medium Risk
14447,19,5,1163.23,232.65,0.004,Medium Risk
14064,29,5,1334.34,266.87,0.004,Medium Risk
16079,17,3,1352.0,450.67,0.004,Medium Risk
18167,23,3,1384.86,461.62,0.004,Medium Risk
16669,24,3,1348.88,449.63,0.004,Medium Risk
14856,36,3,1290.53,430.18,0.004,Medium Risk
16811,5,2,547.07,273.54,0.004,Medium Risk
15065,38,4,3158.13,789.53,0.004,Medium Risk
16464,20,3,1298.66,432.89,0.004,Medium Risk
14383,38,3,1247.69,415.9,0.004,Medium Risk
14649,5,4,1402.59,350.65,0.004,Medium Risk
15048,65,4,381.0,95.25,0.004,Medium Risk
17516,15,5,764.88,152.98,0.004,Medium Risk
16076,3,10,2234.73,223.47,0.004,Medium Risk
13632,25,5,2118.93,423.79,0.004,Medium Risk
15215,47,3,734.94,244.98,0.004,Medium Risk
13389,11,3,797.96,265.99,0.004,Medium Risk
14609,72,4,601.56,150.39,0.004,Medium Risk
17119,3,2,606.91,303.46,0.004,Medium Risk
16311,18,2,616.26,308.13,0.004,Medium Risk
18217,29,2,621.75,310.88,0.004,Medium Risk
13276,64,2,590.93,295.47,0.004,Medium Risk
17545,43,3,642.32,214.11,0.004,Medium Risk
15573,32,2,591.19,295.59,0.004,Medium Risk
14284,31,2,595.25,297.62,0.004,Medium Risk
13822,6,2,632.0,316.0,0.004,Medium Risk
13914,12,2,626.45,313.23,0.004,Medium Risk
14761,59,2,255.9,127.95,0.004,Medium Risk
14971,35,3,1097.98,365.99,0.004,Medium Risk
13521,1,3,1071.73,357.24,0.004,Medium Risk
15692,28,1,191.04,191.04,0.004,Medium Risk
17233,35,1,190.88,190.88,0.004,Medium Risk
16887,35,1,192.33,192.33,0.004,Medium Risk
14087,3,1,191.47,191.47,0.004,Medium Risk
15114,30,10,2760.56,276.06,0.004,Medium Risk
14754,45,2,638.05,319.02,0.004,Medium Risk
15793,15,3,965.61,321.87,0.004,Medium Risk
14475,72,3,925.85,308.62,0.004,Medium Risk
16511,22,3,918.33,306.11,0.004,Medium Risk
15799,76,3,884.14,294.71,0.004,Medium Risk
14075,5,3,942.26,314.09,0.004,Medium Risk
18149,51,3,612.08,204.03,0.004,Medium Risk
16518,61,2,484.32,242.16,0.004,Medium Risk
15312,75,4,924.85,231.21,0.004,Medium Risk
13196,11,4,1797.78,449.44,0.004,Medium Risk
13157,49,4,1741.22,435.3,0.004,Medium Risk
13638,16,1,122.64,122.64,0.004,Medium Risk
16988,5,1,126.12,126.12,0.004,Medium Risk
13522,30,1,125.8,125.8,0.004,Medium Risk
17148,52,1,124.88,124.88,0.004,Medium Risk
17359,11,1,127.86,127.86,0.004,Medium Risk
14861,52,1,125.79,125.79,0.004,Medium Risk
15017,34,1,125.58,125.58,0.004,Medium Risk
16569,3,1,124.2,124.2,0.004,Medium Risk
17297,17,1,128.18,128.18,0.004,Medium Risk
15463,29,1,126.14,126.14,0.004,Medium Risk
16164,17,3,822.48,274.16,0.004,Medium Risk
16900,17,3,887.11,295.7,0.004,Medium Risk
17783,72,2,283.47,141.74,0.004,Medium Risk
15787,26,3,933.26,311.09,0.004,Medium Risk
16040,65,3,1313.55,437.85,0.004,Medium Risk
16639,31,3,1257.51,419.17,0.004,Medium Risk
14810,41,11,2085.33,189.58,0.004,Medium Risk
14710,14,4,599.48,149.87,0.004,Medium Risk
13558,6,4,594.52,148.63,0.004,Medium Risk
18265,72,2,801.51,400.76,0.004,Medium Risk
15801,46,3,1063.95,354.65,0.004,Medium Risk
16533,19,3,1082.81,360.94,0.004,Medium Risk
15933,21,3,1107.46,369.15,0.004,Medium Risk
13726,39,2,1079.66,539.83,0.004,Medium Risk
13405,74,3,572.45,190.82,0.004,Medium Risk
14379,44,2,348.1,174.05,0.004,Medium Risk
17255,41,2,291.48,145.74,0.004,Medium Risk
17080,22,2,287.62,143.81,0.004,Medium Risk
18080,19,2,1231.5,615.75,0.004,Medium Risk
17462,60,2,675.69,337.84,0.004,Medium Risk
17733,39,2,692.19,346.1,0.004,Medium Risk
17190,59,2,444.74,222.37,0.004,Medium Risk
17031,12,2,380.35,190.18,0.004,Medium Risk
14272,74,2,437.96,218.98,0.004,Medium Risk
16824,16,2,460.64,230.32,0.004,Medium Risk
13589,15,2,379.65,189.82,0.004,Medium Risk
15505,53,5,3610.96,722.19,0.004,Medium Risk
13644,16,4,2624.26,656.06,0.004,Medium Risk
13159,9,4,1429.35,357.34,0.004,Medium Risk
13095,71,1,74.4,74.4,0.004,Medium Risk
13938,35,1,71.66,71.66,0.004,Medium Risk
13808,6,5,1747.66,349.53,0.004,Medium Risk
17073,18,4,1446.09,361.52,0.004,Medium Risk
16468,74,1,74.9,74.9,0.004,Medium Risk
13403,18,1,75.0,75.0,0.004,Medium Risk
16171,59,1,73.2,73.2,0.004,Medium Risk
12952,6,4,1387.79,346.95,0.004,Medium Risk
17490,1,7,2092.32,298.9,0.004,Medium Risk
14482,18,6,2022.81,337.14,0.004,Medium Risk
16869,23,4,817.12,204.28,0.004,Medium Risk
13516,21,3,1389.41,463.14,0.004,Medium Risk
13473,61,2,422.64,211.32,0.004,Medium Risk
14233,49,4,1462.72,365.68,0.004,Medium Risk
15240,45,5,1706.57,341.31,0.004,Medium Risk
17564,24,3,454.01,151.34,0.004,Medium Risk
18209,29,1,139.1,139.1,0.003,Medium Risk
17669,43,7,3406.72,486.67,0.003,Medium Risk
13901,72,5,2867.2,573.44,0.003,Medium Risk
14824,10,4,1127.71,281.93,0.003,Medium Risk
16103,7,6,1429.64,238.27,0.003,Medium Risk
16208,45,2,664.26,332.13,0.003,Medium Risk
12849,31,2,1010.29,505.14,0.003,Medium Risk
15990,44,2,792.11,396.06,0.003,Medium Risk
16689,76,2,422.6,211.3,0.003,Medium Risk
18150,32,3,566.58,188.86,0.003,Medium Risk
17360,17,3,568.24,189.41,0.003,Medium Risk
13946,79,3,561.57,187.19,0.003,Medium Risk
18081,36,3,343.45,114.48,0.003,Medium Risk
14500,88,3,356.85,118.95,0.003,Medium Risk
13637,52,3,804.3,268.1,0.003,Medium Risk
17416,30,7,6893.42,984.77,0.003,Medium Risk
13447,23,3,1129.14,376.38,0.003,Medium Risk
14865,7,2,52.2,26.1,0.003,Medium Risk
17637,31,2,547.06,273.53,0.003,Medium Risk
15125,25,15,11528.48,768.57,0.003,Medium Risk
17878,44,1,379.45,379.45,0.003,Medium Risk
15471,2,1,454.48,454.48,0.003,Medium Risk
15524,25,1,440.0,440.0,0.003,Medium Risk
15957,32,1,428.89,428.89,0.003,Medium Risk
16982,61,1,384.06,384.06,0.003,Medium Risk
17623,33,1,527.05,527.05,0.003,Medium Risk
17614,57,1,386.32,386.32,0.003,Medium Risk
18164,37,1,399.65,399.65,0.003,Medium Risk
17936,5,1,380.13,380.13,0.003,Medium Risk
13721,36,1,524.14,524.14,0.003,Medium Risk
15837,65,1,391.98,391.98,0.003,Medium Risk
14752,44,1,389.64,389.64,0.003,Medium Risk
15368,21,1,446.94,446.94,0.003,Medium Risk
17205,54,1,384.08,384.08,0.003,Medium Risk
15551,37,1,436.06,436.06,0.003,Medium Risk
15592,47,1,388.58,388.58,0.003,Medium Risk
18006,23,1,444.68,444.68,0.003,Medium Risk
16204,23,1,384.18,384.18,0.003,Medium Risk
14638,51,1,443.6,443.6,0.003,Medium Risk
17052,28,1,399.09,399.09,0.003,Medium Risk
12824,60,1,397.12,397.12,0.003,Medium Risk
15269,24,1,408.8,408.8,0.003,Medium Risk
13359,64,1,439.56,439.56,0.003,Medium Risk
13352,60,1,397.98,397.98,0.003,Medium Risk
16198,75,1,400.68,400.68,0.003,Medium Risk
15275,38,1,615.14,615.14,0.003,Medium Risk
15158,45,1,401.4,401.4,0.003,Medium Risk
14382,26,1,615.49,615.49,0.003,Medium Risk
13602,65,1,428.89,428.89,0.003,Medium Risk
15553,60,1,428.93,428.93,0.003,Medium Risk
17712,45,1,522.91,522.91,0.003,Medium Risk
15099,84,1,410.48,410.48,0.003,Medium Risk
15127,66,1,406.53,406.53,0.003,Medium Risk
17379,11,1,389.72,389.72,0.003,Medium Risk
16025,30,1,439.66,439.66,0.003,Medium Risk
16613,70,1,618.59,618.59,0.003,Medium Risk
15664,51,1,386.43,386.43,0.003,Medium Risk
16602,36,1,528.08,528.08,0.003,Medium Risk
15450,30,1,429.84,429.84,0.003,Medium Risk
13245,51,1,430.5,430.5,0.003,Medium Risk
14093,12,1,433.86,433.86,0.003,Medium Risk
12890,24,1,376.72,376.72,0.003,Medium Risk
16909,72,1,379.14,379.14,0.003,Medium Risk
15360,40,1,427.93,427.93,0.003,Medium Risk
17180,56,4,783.97,195.99,0.003,Medium Risk
15330,32,2,714.96,357.48,0.003,Medium Risk
15274,4,2,716.57,358.28,0.003,Medium Risk
15272,57,2,721.94,360.97,0.003,Medium Risk
13486,78,3,1122.41,374.14,0.003,Medium Risk
13416,44,2,712.5,356.25,0.003,Medium Risk
17680,24,1,184.4,184.4,0.003,Medium Risk
16914,36,1,183.76,183.76,0.003,Medium Risk
16680,43,1,183.7,183.7,0.003,Medium Risk
16433,28,1,184.26,184.26,0.003,Medium Risk
16671,28,3,1692.27,564.09,0.003,Medium Risk
16210,2,18,21086.3,1171.46,0.003,Medium Risk
13426,1,10,3641.32,364.13,0.003,Medium Risk
16904,4,16,3653.75,228.36,0.003,Medium Risk
14298,8,44,51527.3,1171.08,0.003,Medium Risk
17238,3,17,3719.1,218.77,0.003,Medium Risk
17857,4,23,26879.04,1168.65,0.003,Medium Risk
14282,3,15,3701.44,246.76,0.003,Medium Risk
15845,18,8,3711.77,463.97,0.003,Medium Risk
13148,29,12,3683.26,306.94,0.003,Medium Risk
12993,23,4,414.76,103.69,0.003,Medium Risk
12990,31,3,409.5,136.5,0.003,Medium Risk
14198,18,4,701.4,175.35,0.003,Medium Risk
14111,14,4,692.85,173.21,0.003,Medium Risk
15669,40,4,684.34,171.08,0.003,Medium Risk
13771,64,4,2634.45,658.61,0.003,Medium Risk
14434,22,6,1372.8,228.8,0.003,Medium Risk
14495,51,2,123.8,61.9,0.003,Medium Risk
17186,47,2,144.0,72.0,0.003,Medium Risk
17633,31,4,1324.84,331.21,0.003,Medium Risk
14720,6,3,663.81,221.27,0.003,Medium Risk
15951,9,2,708.22,354.11,0.003,Medium Risk
15053,5,3,693.95,231.32,0.003,Medium Risk
13147,10,4,712.8,178.2,0.003,Medium Risk
16872,77,3,680.02,226.67,0.003,Medium Risk
16157,16,3,656.69,218.9,0.003,Medium Risk
13736,5,2,729.8,364.9,0.003,Medium Risk
16488,33,3,498.8,166.27,0.003,Medium Risk
16361,10,4,891.21,222.8,0.003,Medium Risk
12936,17,4,1063.9,265.98,0.003,Medium Risk
15288,43,5,2306.52,461.3,0.003,Medium Risk
13565,19,2,240.22,120.11,0.003,Medium Risk
12928,35,5,2062.7,412.54,0.003,Medium Risk
14498,43,5,1957.32,391.46,0.003,Medium Risk
16596,16,2,250.15,125.08,0.003,Medium Risk
16409,36,5,2022.98,404.6,0.003,Medium Risk
16150,43,5,2053.02,410.6,0.003,Medium Risk
16153,50,5,1824.23,364.85,0.003,Medium Risk
17181,57,2,239.92,119.96,0.003,Medium Risk
16633,17,6,2883.1,480.52,0.003,Medium Risk
18173,87,4,2106.84,526.71,0.003,Medium Risk
13015,53,5,3339.64,667.93,0.003,Medium Risk
14163,87,4,2445.91,611.48,0.003,Medium Risk
14005,10,5,2874.72,574.94,0.003,Medium Risk
14128,61,2,637.5,318.75,0.003,Medium Risk
13397,73,5,1544.13,308.83,0.003,Medium Risk
16394,57,5,1555.34,311.07,0.003,Medium Risk
13213,57,5,1520.58,304.12,0.003,Medium Risk
16637,32,4,1154.47,288.62,0.003,Medium Risk
14054,65,1,92.46,92.46,0.003,Medium Risk
18249,17,1,95.34,95.34,0.003,Medium Risk
14642,59,1,96.12,96.12,0.003,Medium Risk
17538,26,1,98.42,98.42,0.003,Medium Risk
18033,65,1,93.82,93.82,0.003,Medium Risk
17913,59,2,408.65,204.32,0.003,Medium Risk
15428,15,1,93.78,93.78,0.003,Medium Risk
12984,19,1,97.5,97.5,0.003,Medium Risk
17895,44,1,95.45,95.45,0.003,Medium Risk
13160,22,1,91.8,91.8,0.003,Medium Risk
14946,14,1,100.9,100.9,0.003,Medium Risk
17427,72,1,100.8,100.8,0.003,Medium Risk
16516,30,1,101.7,101.7,0.003,Medium Risk
14621,1,5,1788.36,357.67,0.003,Medium Risk
18235,72,3,1796.48,598.83,0.003,Medium Risk
13048,14,4,1819.41,454.85,0.003,Medium Risk
14608,4,4,1785.15,446.29,0.003,Medium Risk
17092,50,4,1774.03,443.51,0.003,Medium Risk
15594,16,5,1771.78,354.36,0.003,Medium Risk
15950,32,4,1744.71,436.18,0.003,Medium Risk
15116,18,4,1352.75,338.19,0.003,Medium Risk
16463,21,4,1422.4,355.6,0.003,Medium Risk
15411,26,4,1348.93,337.23,0.003,Medium Risk
14859,13,4,1353.74,338.44,0.003,Medium Risk
14179,41,2,701.57,350.78,0.003,Medium Risk
17274,35,1,107.82,107.82,0.003,Medium Risk
14661,27,1,107.95,107.95,0.003,Medium Risk
16106,66,1,108.38,108.38,0.003,Medium Risk
17750,5,9,1710.45,190.05,0.003,Medium Risk
13510,1,4,1791.56,447.89,0.003,Medium Risk
15815,64,5,2100.6,420.12,0.003,Medium Risk
16007,48,4,1693.81,423.45,0.003,Medium Risk
13908,80,4,2369.55,592.39,0.003,Medium Risk
16929,4,7,1295.39,185.06,0.003,Medium Risk
17386,8,6,2686.42,447.74,0.003,Medium Risk
14691,31,5,2114.33,422.87,0.003,Medium Risk
15089,10,6,2420.84,403.47,0.003,Medium Risk
16496,9,3,1599.52,533.17,0.003,Medium Risk
16169,8,4,1822.97,455.74,0.003,Medium Risk
16618,31,5,2647.59,529.52,0.003,Medium Risk
16126,29,4,6287.77,1571.94,0.003,Medium Risk
15111,29,3,1567.48,522.49,0.003,Medium Risk
14216,3,4,1839.3,459.82,0.003,Medium Risk
15814,17,4,1945.33,486.33,0.003,Medium Risk
14175,60,3,3222.3,1074.1,0.003,Medium Risk
13883,11,5,2674.48,534.9,0.003,Medium Risk
15993,9,7,2777.67,396.81,0.003,Medium Risk
13297,8,4,2089.85,522.46,0.003,Medium Risk
16224,57,4,1295.3,323.82,0.003,Medium Risk
17894,72,8,1118.96,139.87,0.003,Medium Risk
15827,73,14,1836.09,131.15,0.003,Medium Risk
14503,3,6,3543.26,590.54,0.003,Medium Risk
17034,16,3,745.52,248.51,0.003,Medium Risk
13417,5,2,640.83,320.42,0.003,Medium Risk
16279,21,3,1502.78,500.93,0.003,Medium Risk
13524,41,5,680.18,136.04,0.003,Medium Risk
14427,50,2,363.34,181.67,0.003,Medium Risk
14883,19,6,761.59,126.93,0.003,Medium Risk
14664,20,2,636.24,318.12,0.003,Medium Risk
14178,9,7,1600.26,228.61,0.003,Medium Risk
14554,10,4,2279.49,569.87,0.003,Medium Risk
16386,29,2,302.57,151.28,0.003,Medium Risk
13379,26,3,572.56,190.85,0.003,Medium Risk
17139,16,12,10650.77,887.56,0.003,Medium Risk
17049,3,9,5655.03,628.34,0.003,Medium Risk
17323,15,7,906.52,129.5,0.003,Medium Risk
15434,8,5,1041.48,208.3,0.003,Medium Risk
18221,22,5,1041.61,208.32,0.003,Medium Risk
16682,5,5,1028.0,205.6,0.003,Medium Risk
18184,15,1,49.8,49.8,0.003,Medium Risk
16932,53,1,150.23,150.23,0.003,Medium Risk
16337,37,1,151.05,151.05,0.003,Medium Risk
12939,64,8,11581.8,1447.72,0.003,Medium Risk
14204,2,1,150.61,150.61,0.003,Medium Risk
14073,32,1,151.04,151.04,0.003,Medium Risk
17286,22,1,151.37,151.37,0.003,Medium Risk
13697,39,1,151.3,151.3,0.003,Medium Risk
13266,11,12,3834.26,319.52,0.003,Medium Risk
17018,41,2,920.1,460.05,0.003,Medium Risk
14794,3,7,1319.91,188.56,0.003,Medium Risk
17371,17,3,418.4,139.47,0.003,Medium Risk
13165,46,2,1021.48,510.74,0.003,Medium Risk
16560,27,2,841.41,420.7,0.003,Medium Risk
16470,52,4,752.77,188.19,0.003,Medium Risk
16367,37,2,800.67,400.34,0.003,Medium Risk
17830,2,3,398.7,132.9,0.003,Medium Risk
15916,16,8,1502.86,187.86,0.003,Medium Risk
13890,1,10,1883.81,188.38,0.003,Medium Risk
13894,24,3,564.62,188.21,0.003,Medium Risk
12970,7,4,405.47,101.37,0.003,Medium Risk
13329,32,2,789.0,394.5,0.003,Medium Risk
13939,23,3,568.55,189.52,0.003,Medium Risk
13029,31,3,1247.5,415.83,0.003,Medium Risk
15822,3,2,885.47,442.74,0.003,Medium Risk
15227,37,5,1219.4,243.88,0.003,Medium Risk
17572,71,4,226.75,56.69,0.003,Medium Risk
14806,75,1,193.39,193.39,0.003,Medium Risk
17816,37,4,36.56,9.14,0.003,Medium Risk
16847,43,1,193.44,193.44,0.003,Medium Risk
17010,18,1,195.36,195.36,0.003,Medium Risk
14704,11,9,1493.96,166.0,0.003,Medium Risk
17475,79,1,194.37,194.37,0.003,Medium Risk
15036,72,3,429.56,143.19,0.003,Medium Risk
14789,29,1,197.64,197.64,0.003,Medium Risk
16500,5,6,400.86,66.81,0.003,Medium Risk
13436,2,1,196.89,196.89,0.003,Medium Risk
13092,71,5,477.83,95.57,0.003,Medium Risk
13606,29,3,276.75,92.25,0.003,Medium Risk
17383,4,1,193.39,193.39,0.003,Medium Risk
14666,24,1,195.25,195.25,0.003,Medium Risk
14098,37,1,147.35,147.35,0.002,Medium Risk
17030,64,1,146.87,146.87,0.002,Medium Risk
14968,30,1,147.59,147.59,0.002,Medium Risk
15435,22,1,149.29,149.29,0.002,Medium Risk
13200,19,4,870.09,217.52,0.002,Medium Risk
17703,35,3,798.74,266.25,0.002,Medium Risk
15608,28,4,1093.68,273.42,0.002,Medium Risk
18096,12,3,849.06,283.02,0.002,Medium Risk
15533,19,3,807.57,269.19,0.002,Medium Risk
14712,29,3,917.07,305.69,0.002,Medium Risk
16924,21,3,829.89,276.63,0.002,Medium Risk
14141,3,4,915.13,228.78,0.002,Medium Risk
15399,1,3,815.77,271.92,0.002,Medium Risk
16020,17,3,851.01,283.67,0.002,Medium Risk
16460,28,3,811.23,270.41,0.002,Medium Risk
14359,19,3,912.18,304.06,0.002,Medium Risk
13717,32,6,1445.01,240.84,0.002,Medium Risk
16187,32,15,6911.44,460.76,0.002,Medium Risk
17459,43,2,657.3,328.65,0.002,Medium Risk
13282,18,3,1132.14,377.38,0.002,Medium Risk
13772,34,3,1122.63,374.21,0.002,Medium Risk
13591,65,3,1117.13,372.38,0.002,Medium Risk
17653,37,4,1207.56,301.89,0.002,Medium Risk
16910,4,8,1508.96,188.62,0.002,Medium Risk
13860,1,5,1245.9,249.18,0.002,Medium Risk
16173,16,6,1418.32,236.39,0.002,Medium Risk
15132,18,5,977.93,195.59,0.002,Medium Risk
12933,24,3,607.53,202.51,0.002,Medium Risk
14214,31,5,1004.38,200.88,0.002,Medium Risk
16657,10,4,874.43,218.61,0.002,Medium Risk
13956,5,5,1019.27,203.85,0.002,Medium Risk
17042,3,5,1036.58,207.32,0.002,Medium Risk
17631,2,3,528.33,176.11,0.002,Medium Risk
14446,1,4,1010.35,252.59,0.002,Medium Risk
15421,59,4,950.36,237.59,0.002,Medium Risk
17351,36,3,587.15,195.72,0.002,Medium Risk
15452,30,3,528.48,176.16,0.002,Medium Risk
17096,15,4,1022.13,255.53,0.002,Medium Risk
13203,10,4,869.46,217.36,0.002,Medium Risk
14441,1,4,1712.89,428.22,0.002,Medium Risk
14297,18,4,1305.33,326.33,0.002,Medium Risk
15621,4,4,1293.03,323.26,0.002,Medium Risk
15478,40,2,1399.92,699.96,0.002,Medium Risk
15427,33,3,1430.54,476.85,0.002,Medium Risk
16648,43,1,290.66,290.66,0.002,Medium Risk
13449,24,1,291.88,291.88,0.002,Medium Risk
14954,12,1,294.85,294.85,0.002,Medium Risk
13504,64,1,295.93,295.93,0.002,Medium Risk
14953,25,1,285.67,285.67,0.002,Medium Risk
17977,29,1,288.14,288.14,0.002,Medium Risk
17636,19,1,285.56,285.56,0.002,Medium Risk
17201,54,1,289.78,289.78,0.002,Medium Risk
16432,64,1,287.4,287.4,0.002,Medium Risk
14191,2,13,4684.76,360.37,0.002,Medium Risk
15249,32,13,6688.46,514.5,0.002,Medium Risk
17719,38,15,5396.04,359.74,0.002,Medium Risk
16016,3,8,1465.51,183.19,0.002,Medium Risk
14878,13,9,1476.09,164.01,0.002,Medium Risk
14901,11,9,1421.29,157.92,0.002,Medium Risk
17666,4,2,728.16,364.08,0.002,Medium Risk
16036,87,2,758.92,379.46,0.002,Medium Risk
14869,9,2,721.45,360.72,0.002,Medium Risk
15103,31,2,703.36,351.68,0.002,Medium Risk
18172,15,20,7561.68,378.08,0.002,Medium Risk
17426,8,6,5037.26,839.54,0.002,Medium Risk
14292,8,9,4871.93,541.33,0.002,Medium Risk
15469,50,2,538.55,269.27,0.002,Medium Risk
18205,36,2,517.36,258.68,0.002,Medium Risk
17447,40,2,541.53,270.76,0.002,Medium Risk
17295,29,3,547.0,182.33,0.002,Medium Risk
18035,36,3,713.89,237.96,0.002,Medium Risk
13434,74,2,534.24,267.12,0.002,Medium Risk
14539,16,2,537.48,268.74,0.002,Medium Risk
17837,42,8,1541.23,192.65,0.002,Medium Risk
17557,14,3,541.46,180.49,0.002,Medium Risk
13318,1,3,640.76,213.59,0.002,Medium Risk
17461,23,3,735.82,245.27,0.002,Medium Risk
18257,39,8,2337.63,292.2,0.002,Medium Risk
16495,3,3,648.26,216.09,0.002,Medium Risk
16493,80,4,1351.63,337.91,0.002,Medium Risk
14239,43,11,2380.85,216.44,0.002,Medium Risk
13049,64,2,656.68,328.34,0.002,Medium Risk
14514,61,3,990.2,330.07,0.002,Medium Risk
12994,4,3,974.42,324.81,0.002,Medium Risk
16212,19,2,690.34,345.17,0.002,Medium Risk
14631,51,3,1006.98,335.66,0.002,Medium Risk
15449,26,3,974.52,324.84,0.002,Medium Risk
14759,5,3,1625.97,541.99,0.002,Medium Risk
17736,9,3,377.44,125.81,0.002,Medium Risk
14593,22,3,617.15,205.72,0.002,Medium Risk
16616,15,2,500.42,250.21,0.002,Medium Risk
17254,5,2,271.19,135.6,0.002,Medium Risk
15901,17,3,351.73,117.24,0.002,Medium Risk
18127,19,3,347.08,115.69,0.002,Medium Risk
16298,23,3,598.2,199.4,0.002,Medium Risk
16653,16,2,1212.66,606.33,0.002,Medium Risk
15088,21,2,1160.07,580.04,0.002,Medium Risk
17788,74,2,1117.9,558.95,0.002,Medium Risk
12985,1,2,1239.38,619.69,0.002,Medium Risk
14261,51,2,1163.45,581.72,0.002,Medium Risk
16332,28,7,1582.8,226.11,0.002,Medium Risk
14719,2,5,1581.84,316.37,0.002,Medium Risk
17612,53,6,2048.45,341.41,0.002,Medium Risk
16966,8,7,2154.97,307.85,0.002,Medium Risk
16426,2,10,1863.76,186.38,0.002,Medium Risk
15762,65,2,583.75,291.88,0.002,Medium Risk
18123,24,2,574.44,287.22,0.002,Medium Risk
13321,72,2,567.36,283.68,0.002,Medium Risk
16283,6,5,1570.81,314.16,0.002,Medium Risk
15952,34,4,781.91,195.48,0.002,Medium Risk
15117,15,5,1551.78,310.36,0.002,Medium Risk
16744,11,7,1291.91,184.56,0.002,Medium Risk
17589,60,4,2404.17,601.04,0.002,Medium Risk
13507,3,4,2479.16,619.79,0.002,Medium Risk
14285,21,4,1910.01,477.5,0.002,Medium Risk
13437,14,7,3408.06,486.87,0.002,Medium Risk
15674,73,5,2446.6,489.32,0.002,Medium Risk
14493,7,5,2383.24,476.65,0.002,Medium Risk
17702,30,4,1824.37,456.09,0.002,Medium Risk
13136,56,5,2607.61,521.52,0.002,Medium Risk
16341,25,4,1971.87,492.97,0.002,Medium Risk
16358,1,4,2027.5,506.88,0.002,Medium Risk
13115,12,4,2294.78,573.7,0.002,Medium Risk
16790,4,6,1545.62,257.6,0.002,Medium Risk
15473,14,7,1771.2,253.03,0.002,Medium Risk
13882,3,5,1191.13,238.23,0.002,Medium Risk
14698,2,5,1217.27,243.45,0.002,Medium Risk
14102,5,5,1105.88,221.18,0.002,Medium Risk
15031,4,4,653.19,163.3,0.002,Medium Risk
15105,18,7,2298.93,328.42,0.002,Medium Risk
13596,6,2,664.11,332.06,0.002,Medium Risk
16444,46,4,654.67,163.67,0.002,Medium Risk
15181,66,3,689.48,229.83,0.002,Medium Risk
16621,52,4,813.48,203.37,0.002,Medium Risk
16023,46,3,719.81,239.94,0.002,Medium Risk
15651,37,3,646.3,215.43,0.002,Medium Risk
13719,15,5,1041.68,208.34,0.002,Medium Risk
15582,25,3,682.91,227.64,0.002,Medium Risk
16728,46,4,1048.28,262.07,0.002,Medium Risk
17162,29,10,1715.46,171.55,0.002,Medium Risk
13509,9,7,979.72,139.96,0.002,Medium Risk
16915,9,6,621.68,103.61,0.002,Medium Risk
13184,15,10,1668.95,166.9,0.002,Medium Risk
15593,71,1,199.8,199.8,0.002,Medium Risk
18110,20,1,198.8,198.8,0.002,Medium Risk
13268,18,11,3174.75,288.61,0.002,Medium Risk
16987,3,7,1616.8,230.97,0.002,Medium Risk
13911,57,9,2580.91,286.77,0.002,Medium Risk
13980,60,1,200.14,200.14,0.002,Medium Risk
17950,72,3,482.2,160.73,0.002,Medium Risk
13322,17,1,199.48,199.48,0.002,Medium Risk
17549,24,2,148.86,74.43,0.002,Medium Risk
17442,37,6,2248.56,374.76,0.002,Medium Risk
14903,21,5,2795.33,559.07,0.002,Medium Risk
14257,64,5,3099.72,619.94,0.002,Medium Risk
15722,36,5,2211.21,442.24,0.002,Medium Risk
16080,82,2,217.16,108.58,0.002,Medium Risk
15714,12,2,330.03,165.02,0.002,Medium Risk
12895,42,2,372.8,186.4,0.002,Medium Risk
17330,23,2,363.9,181.95,0.002,Medium Risk
15949,17,2,364.72,182.36,0.002,Medium Risk
15281,59,9,2332.15,259.13,0.002,Medium Risk
14904,2,2,1025.44,512.72,0.001,Medium Risk
15977,17,2,1054.73,527.36,0.001,Medium Risk
16160,65,2,1025.44,512.72,0.001,Medium Risk
13032,52,2,1010.18,505.09,0.001,Medium Risk
13467,11,2,1071.91,535.96,0.001,Medium Risk
15763,32,2,1086.92,543.46,0.001,Medium Risk
16284,31,2,812.68,406.34,0.001,Medium Risk
16049,40,3,1074.81,358.27,0.001,Medium Risk
12879,45,3,573.22,191.07,0.001,Medium Risk
17512,29,10,2924.99,292.5,0.001,Medium Risk
14291,2,11,3883.25,353.02,0.001,Medium Risk
14592,35,3,557.94,185.98,0.001,Medium Risk
14530,26,6,2862.11,477.02,0.001,Medium Risk
16119,8,2,423.36,211.68,0.001,Medium Risk
15572,5,7,2533.42,361.92,0.001,Medium Risk
17014,8,3,583.43,194.48,0.001,Medium Risk
15306,64,3,1174.35,391.45,0.001,Medium Risk
13014,11,10,3466.28,346.63,0.001,Medium Risk
15344,1,3,563.94,187.98,0.001,Medium Risk
12885,63,3,1175.22,391.74,0.001,Medium Risk
14451,60,2,643.9,321.95,0.001,Medium Risk
16969,39,3,650.41,216.8,0.001,Medium Risk
14019,47,3,1421.61,473.87,0.001,Medium Risk
16762,20,3,1207.24,402.41,0.001,Medium Risk
18160,57,2,638.06,319.03,0.001,Medium Risk
16012,35,3,1415.29,471.76,0.001,Medium Risk
16383,75,2,643.76,321.88,0.001,Medium Risk
13461,39,3,1445.0,481.67,0.001,Medium Risk
13500,23,3,1166.77,388.92,0.001,Medium Risk
17779,21,3,650.32,216.77,0.001,Medium Risk
14315,45,6,2481.13,413.52,0.001,Medium Risk
18215,89,1,299.34,299.34,0.001,Medium Risk
12987,74,2,558.7,279.35,0.001,Medium Risk
15874,64,7,4405.88,629.41,0.001,Medium Risk
18252,51,2,518.27,259.14,0.001,Medium Risk
16104,62,1,298.21,298.21,0.001,Medium Risk
15821,44,2,570.96,285.48,0.001,Medium Risk
16308,38,4,2560.0,640.0,0.001,Medium Risk
15857,19,1,297.0,297.0,0.001,Medium Risk
13654,43,6,2707.33,451.22,0.001,Medium Risk
13362,9,4,3090.74,772.68,0.001,Medium Risk
13617,40,3,544.18,181.39,0.001,Medium Risk
13988,20,6,4147.96,691.33,0.001,Medium Risk
17824,51,1,298.4,298.4,0.001,Medium Risk
17793,25,1,300.34,300.34,0.001,Medium Risk
14997,46,3,546.2,182.07,0.001,Medium Risk
18053,71,1,300.02,300.02,0.001,Medium Risk
14511,11,5,1314.81,262.96,0.001,Medium Risk
13759,33,2,659.41,329.71,0.001,Medium Risk
13040,9,2,676.99,338.5,0.001,Medium Risk
16205,31,4,757.63,189.41,0.001,Medium Risk
13396,29,2,1360.99,680.5,0.001,Medium Risk
15253,16,5,918.2,183.64,0.001,Medium Risk
15500,8,4,1131.56,282.89,0.001,Medium Risk
17387,20,2,746.81,373.4,0.001,Medium Risk
16690,72,2,225.58,112.79,0.001,Medium Risk
18044,4,10,2088.6,208.86,0.001,Medium Risk
17155,18,2,251.7,125.85,0.001,Medium Risk
16556,67,7,3313.79,473.4,0.001,Medium Risk
16954,1,9,2085.08,231.68,0.001,Medium Risk
17191,28,7,2093.68,299.1,0.001,Medium Risk
15058,25,11,2102.54,191.14,0.001,Medium Risk
15850,19,2,234.88,117.44,0.001,Medium Risk
17396,39,8,7330.8,916.35,0.001,Medium Risk
17861,3,8,2097.88,262.24,0.001,Medium Risk
13207,15,2,250.26,125.13,0.001,Medium Risk
13126,5,8,2099.64,262.46,0.001,Medium Risk
17664,19,2,604.64,302.32,0.001,Medium Risk
17863,59,6,3160.0,526.67,0.001,Medium Risk
15398,16,2,1345.53,672.76,0.001,Medium Risk
15810,79,4,1391.98,348.0,0.001,Medium Risk
16029,39,63,80850.84,1283.35,0.001,Medium Risk
13028,23,2,661.32,330.66,0.001,Medium Risk
15299,67,7,4507.01,643.86,0.001,Medium Risk
16184,64,6,1158.79,193.13,0.001,Medium Risk
18061,22,10,2119.41,211.94,0.001,Medium Risk
14788,7,2,679.44,339.72,0.001,Medium Risk
17340,30,11,12353.29,1123.03,0.001,Medium Risk
14952,60,11,8099.49,736.32,0.001,Medium Risk
12844,29,2,325.96,162.98,0.001,Medium Risk
13866,74,1,145.67,145.67,0.001,Medium Risk
17716,23,11,5655.99,514.18,0.001,Medium Risk
12906,12,5,2919.81,583.96,0.001,Medium Risk
15129,50,11,3447.4,313.4,0.001,Medium Risk
15748,40,1,144.36,144.36,0.001,Medium Risk
16059,66,6,1453.16,242.19,0.001,Medium Risk
16989,7,6,1133.25,188.88,0.001,Medium Risk
14251,2,5,2879.7,575.94,0.001,Medium Risk
15937,64,1,145.35,145.35,0.001,Medium Risk
16411,19,2,211.7,105.85,0.001,Medium Risk
16519,25,2,215.08,107.54,0.001,Medium Risk
14730,1,8,1897.57,237.2,0.001,Medium Risk
17284,60,6,1647.48,274.58,0.001,Medium Risk
14226,29,5,2214.79,442.96,0.001,Medium Risk
17164,33,7,2467.35,352.48,0.001,Medium Risk
13924,2,6,1838.85,306.48,0.001,Medium Risk
15136,3,4,1286.7,321.68,0.001,Medium Risk
15453,2,7,1371.77,195.97,0.001,Medium Risk
17731,79,4,1240.11,310.03,0.001,Medium Risk
13985,4,15,7060.13,470.68,0.001,Medium Risk
17481,4,4,1255.59,313.9,0.001,Medium Risk
16672,2,20,8134.94,406.75,0.001,Medium Risk
16066,17,5,1521.04,304.21,0.001,Medium Risk
12901,9,28,17654.54,630.52,0.001,Medium Risk
14116,20,5,1382.74,276.55,0.001,Medium Risk
14591,15,4,1320.21,330.05,0.001,Medium Risk
14367,8,16,9227.82,576.74,0.001,Medium Risk
16593,51,3,330.03,110.01,0.001,Medium Risk
13171,22,3,468.41,156.14,0.001,Medium Risk
17221,7,2,334.48,167.24,0.001,Medium Risk
17432,18,2,365.76,182.88,0.001,Medium Risk
16855,24,2,328.4,164.2,0.001,Medium Risk
14970,68,4,1592.06,398.02,0.001,Medium Risk
16515,52,5,1624.14,324.83,0.001,Medium Risk
16389,53,4,1382.07,345.52,0.001,Medium Risk
16206,55,4,537.06,134.27,0.001,Medium Risk
17043,32,4,1735.18,433.8,0.001,Medium Risk
13764,71,3,1519.42,506.47,0.001,Medium Risk
17373,40,4,646.92,161.73,0.001,Medium Risk
14336,17,4,1614.91,403.73,0.001,Medium Risk
17754,1,5,1664.65,332.93,0.001,Medium Risk
15407,34,4,1046.74,261.68,0.001,Medium Risk
12937,15,4,1504.27,376.07,0.001,Medium Risk
17571,50,4,1425.67,356.42,0.001,Medium Risk
17175,44,4,1443.69,360.92,0.001,Medium Risk
13066,24,2,470.8,235.4,0.001,Medium Risk
17290,4,2,513.01,256.5,0.001,Medium Risk
14984,19,2,202.37,101.18,0.001,Medium Risk
13972,71,2,190.25,95.12,0.001,Medium Risk
17166,39,2,206.34,103.17,0.001,Medium Risk
16777,80,2,222.62,111.31,0.001,Medium Risk
14960,8,2,221.27,110.64,0.001,Medium Risk
18101,11,2,222.4,111.2,0.001,Medium Risk
15124,23,2,184.19,92.1,0.001,Medium Risk
14534,3,18,4397.3,244.29,0.0,Low Risk
17658,26,2,595.42,297.71,0.0,Low Risk
17655,11,7,2638.94,376.99,0.0,Low Risk
15218,11,11,5756.89,523.35,0.0,Low Risk
13381,32,6,3639.31,606.55,0.0,Low Risk
17671,16,4,1572.71,393.18,0.0,Low Risk
17659,17,12,2999.46,249.96,0.0,Low Risk
14537,58,1,355.56,355.56,0.0,Low Risk
14769,3,8,10416.98,1302.12,0.0,Low Risk
14784,26,2,289.99,145.0,0.0,Low Risk
15304,61,8,694.4,86.8,0.0,Low Risk
15197,11,3,1079.61,359.87,0.0,Low Risk
15203,26,6,1827.8,304.63,0.0,Low Risk
15301,51,12,5049.95,420.83,0.0,Low Risk
15208,1,5,870.12,174.02,0.0,Low Risk
17593,4,5,3923.86,784.77,0.0,Low Risk
13741,72,3,668.43,222.81,0.0,Low Risk
15297,10,3,641.94,213.98,0.0,Low Risk
12953,10,1,329.85,329.85,0.0,Low Risk
18161,15,5,1618.69,323.74,0.0,Low Risk
14780,55,2,447.68,223.84,0.0,Low Risk
12951,9,6,1064.07,177.34,0.0,Low Risk
15298,2,12,4799.9,399.99,0.0,Low Risk
17682,10,6,2474.33,412.39,0.0,Low Risk
17684,44,1,239.41,239.41,0.0,Low Risk
14775,58,3,1011.9,337.3,0.0,Low Risk
14540,10,3,952.66,317.55,0.0,Low Risk
12955,1,11,4757.16,432.47,0.0,Low Risk
15237,2,4,1412.32,353.08,0.0,Low Risk
15287,22,2,486.69,243.34,0.0,Low Risk
15239,10,2,780.59,390.3,0.0,Low Risk
15243,74,1,316.68,316.68,0.0,Low Risk
15286,50,1,240.55,240.55,0.0,Low Risk
15244,65,2,631.57,315.79,0.0,Low Risk
15277,47,1,255.9,255.9,0.0,Low Risk
15271,7,15,2493.34,166.22,0.0,Low Risk
14764,47,1,278.3,278.3,0.0,Low Risk
15270,16,7,2379.49,339.93,0.0,Low Risk
15311,1,91,60632.75,666.29,0.0,Low Risk
15252,36,2,740.78,370.39,0.0,Low Risk
13758,12,7,3190.55,455.79,0.0,Low Risk
18174,7,1,104.0,104.0,0.0,Low Risk
13756,2,14,5189.52,370.68,0.0,Low Risk
13750,54,5,1647.26,329.45,0.0,Low Risk
17650,21,1,166.08,166.08,0.0,Low Risk
17652,25,12,4867.72,405.64,0.0,Low Risk
13742,17,12,3107.87,258.99,0.0,Low Risk
12957,10,8,4017.54,502.19,0.0,Low Risk
12962,7,2,266.39,133.2,0.0,Low Risk
12963,8,8,1856.63,232.08,0.0,Low Risk
14543,29,16,3599.73,224.98,0.0,Low Risk
14544,24,2,2004.3,1002.15,0.0,Low Risk
12950,2,3,1843.0,614.33,0.0,Low Risk
17621,21,3,1379.9,459.97,0.0,Low Risk
14546,5,5,2573.93,514.79,0.0,Low Risk
14550,11,2,757.37,378.68,0.0,Low Risk
14553,19,5,859.27,171.85,0.0,Low Risk
14560,7,22,2237.77,101.72,0.0,Low Risk
17618,6,3,930.28,310.09,0.0,Low Risk
14562,4,18,5006.77,278.15,0.0,Low Risk
15290,5,18,7943.22,441.29,0.0,Low Risk
17613,23,14,4544.55,324.61,0.0,Low Risk
12966,10,1,160.18,160.18,0.0,Low Risk
12971,4,86,11189.91,130.12,0.0,Low Risk
17628,81,1,75.75,75.75,0.0,Low Risk
18169,61,1,202.65,202.65,0.0,Low Risk
17629,6,8,1814.12,226.76,0.0,Low Risk
17611,7,15,3961.12,264.07,0.0,Low Risk
15291,26,15,4668.3,311.22,0.0,Low Risk
14768,17,2,192.6,96.3,0.0,Low Risk
17634,36,9,2358.59,262.07,0.0,Low Risk
14766,8,6,2473.37,412.23,0.0,Low Risk
17672,50,2,3178.17,1589.08,0.0,Low Risk
17450,8,46,194390.79,4225.89,0.0,Low Risk
17449,2,7,2519.21,359.89,0.0,Low Risk
16333,8,22,26626.8,1210.31,0.0,Low Risk
17433,88,1,303.16,303.16,0.0,Low Risk
17430,33,2,265.76,132.88,0.0,Low Risk
18225,3,12,5504.96,458.75,0.0,Low Risk
17428,1,28,17256.85,616.32,0.0,Low Risk
18226,44,11,5228.05,475.28,0.0,Low Risk
17425,19,2,759.17,379.58,0.0,Low Risk
17423,46,2,698.41,349.2,0.0,Low Risk
17422,16,6,1979.37,329.9,0.0,Low Risk
17420,50,3,598.83,199.61,0.0,Low Risk
15392,5,4,1535.53,383.88,0.0,Low Risk
15385,40,1,316.88,316.88,0.0,Low Risk
15382,15,6,5955.71,992.62,0.0,Low Risk
17526,5,4,1195.9,298.97,0.0,Low Risk
15373,8,12,2415.91,201.33,0.0,Low Risk
15370,41,7,2386.05,340.86,0.0,Low Risk
15365,26,7,2314.32,330.62,0.0,Low Risk
15358,5,22,8347.2,379.42,0.0,Low Risk
15356,31,10,2718.03,271.8,0.0,Low Risk
13349,11,1,247.32,247.32,0.0,Low Risk
17470,45,5,1125.07,225.01,0.0,Low Risk
17466,10,2,763.28,381.64,0.0,Low Risk
17463,16,5,1875.86,375.17,0.0,Low Risk
18219,3,10,2069.77,206.98,0.0,Low Risk
17510,25,1,308.48,308.48,0.0,Low Risk
17506,76,1,302.2,302.2,0.0,Low Risk
17503,3,2,558.96,279.48,0.0,Low Risk
17498,76,1,272.22,272.22,0.0,Low Risk
17495,8,2,497.56,248.78,0.0,Low Risk
15380,9,5,1690.26,338.05,0.0,Low Risk
13246,18,6,1961.52,326.92,0.0,Low Risk
15426,19,5,1404.07,280.81,0.0,Low Risk
18204,71,3,1975.35,658.45,0.0,Low Risk
12836,59,4,2610.36,652.59,0.0,Low Risk
12838,34,2,671.95,335.98,0.0,Low Risk
13806,64,1,256.38,256.38,0.0,Low Risk
13804,31,7,2588.39,369.77,0.0,Low Risk
12839,3,14,5591.42,399.39,0.0,Low Risk
17385,15,1,256.11,256.11,0.0,Low Risk
12748,1,210,33053.19,157.4,0.0,Low Risk
17381,9,29,20275.61,699.16,0.0,Low Risk
12997,22,4,1226.89,306.72,0.0,Low Risk
17419,11,12,4226.57,352.21,0.0,Low Risk
17418,42,2,463.46,231.73,0.0,Low Risk
14508,22,2,268.05,134.02,0.0,Low Risk
17451,1,7,1721.4,245.91,0.0,Low Risk
14505,17,8,5859.43,732.43,0.0,Low Risk
14502,20,11,2429.83,220.89,0.0,Low Risk
16313,3,2,274.15,137.08,0.0,Low Risk
15394,10,4,2183.54,545.88,0.0,Low Risk
16316,64,8,2938.91,367.36,0.0,Low Risk
17414,44,2,778.0,389.0,0.0,Low Risk
17412,3,7,1258.06,179.72,0.0,Low Risk
17403,36,1,263.92,263.92,0.0,Low Risk
17402,5,13,2633.85,202.6,0.0,Low Risk
17389,1,34,31833.68,936.28,0.0,Low Risk
17458,15,1,316.5,316.5,0.0,Low Risk
16318,35,1,328.15,328.15,0.0,Low Risk
16326,6,14,3039.22,217.09,0.0,Low Risk
16327,14,6,3820.27,636.71,0.0,Low Risk
17453,18,2,486.72,243.36,0.0,Low Risk
14506,17,5,1960.65,392.13,0.0,Low Risk
17530,1,10,2367.12,236.71,0.0,Low Risk
15194,3,15,7616.53,507.77,0.0,Low Risk
17521,30,3,723.21,241.07,0.0,Low Risk
15335,53,1,170.22,170.22,0.0,Low Risk
15327,53,1,208.75,208.75,0.0,Low Risk
17591,73,7,2203.67,314.81,0.0,Low Risk
17590,2,3,1468.02,489.34,0.0,Low Risk
17581,1,25,11025.24,441.01,0.0,Low Risk
17576,8,19,3564.83,187.62,0.0,Low Risk
18259,25,3,2338.6,779.53,0.0,Low Risk
12747,2,11,4196.01,381.46,0.0,Low Risk
17567,7,8,4331.48,541.43,0.0,Low Risk
17561,19,1,165.12,165.12,0.0,Low Risk
13495,8,5,2044.87,408.97,0.0,Low Risk
13491,52,10,1215.82,121.58,0.0,Low Risk
17491,1,10,3558.87,355.89,0.0,Low Risk
13487,58,3,575.4,191.8,0.0,Low Risk
13782,13,6,908.86,151.48,0.0,Low Risk
12820,3,4,942.34,235.58,0.0,Low Risk
13777,1,33,25977.16,787.19,0.0,Low Risk
13774,82,1,345.0,345.0,0.0,Low Risk
17609,41,5,1105.78,221.16,0.0,Low Risk
17602,2,6,5054.42,842.4,0.0,Low Risk
17600,18,1,161.67,161.67,0.0,Low Risk
17596,23,7,2806.69,400.96,0.0,Low Risk
13272,31,2,276.56,138.28,0.0,Low Risk
13271,37,1,211.49,211.49,0.0,Low Risk
13269,1,15,5343.28,356.22,0.0,Low Risk
18245,7,7,2567.06,366.72,0.0,Low Risk
13267,3,19,4521.49,237.97,0.0,Low Risk
13263,1,35,7436.93,212.48,0.0,Low Risk
13488,17,13,8968.31,689.87,0.0,Low Risk
13801,67,1,324.8,324.8,0.0,Low Risk
13798,1,57,37153.85,651.82,0.0,Low Risk
13790,4,1,348.8,348.8,0.0,Low Risk
13784,10,11,2462.79,223.89,0.0,Low Risk
18223,5,14,6484.54,463.18,0.0,Low Risk
13503,71,1,216.85,216.85,0.0,Low Risk
18276,44,1,335.86,335.86,0.0,Low Risk
13502,17,3,292.0,97.33,0.0,Low Risk
13496,11,2,653.33,326.67,0.0,Low Risk
15320,44,1,267.13,267.13,0.0,Low Risk
15318,4,1,312.62,312.62,0.0,Low Risk
15315,64,2,570.5,285.25,0.0,Low Risk
18282,8,2,178.05,89.02,0.0,Low Risk
14533,25,7,1949.72,278.53,0.0,Low Risk
14527,3,55,8507.13,154.68,0.0,Low Risk
17534,54,1,223.36,223.36,0.0,Low Risk
17540,25,2,578.9,289.45,0.0,Low Risk
17552,60,4,930.41,232.6,0.0,Low Risk
17555,20,2,480.31,240.16,0.0,Low Risk
13538,43,7,1280.85,182.98,0.0,Low Risk
13534,2,25,5870.08,234.8,0.0,Low Risk
13532,34,1,210.31,210.31,0.0,Low Risk
13767,2,37,17220.36,465.42,0.0,Low Risk
14525,20,9,4215.9,468.43,0.0,Low Risk
18283,4,16,2045.53,127.85,0.0,Low Risk
17511,3,31,91062.38,2937.5,0.0,Low Risk
17515,31,4,639.02,159.76,0.0,Low Risk
17519,17,6,1844.02,307.34,0.0,Low Risk
15351,12,7,1934.66,276.38,0.0,Low Risk
15355,29,2,277.05,138.52,0.0,Low Risk
14520,2,2,270.6,135.3,0.0,Low Risk
14524,32,9,1843.83,204.87,0.0,Low Risk
13769,2,10,2796.51,279.65,0.0,Low Risk
13652,46,3,1095.08,365.03,0.0,Low Risk
15010,36,1,308.94,308.94,0.0,Low Risk
15005,16,28,6295.37,224.83,0.0,Low Risk
14987,16,2,326.4,163.2,0.0,Low Risk
14975,57,1,279.94,279.94,0.0,Low Risk
13347,70,1,341.36,341.36,0.0,Low Risk
17964,32,2,463.21,231.6,0.0,Low Risk
17961,21,39,1296.44,33.24,0.0,Low Risk
17954,5,12,2314.13,192.84,0.0,Low Risk
17951,40,3,1008.54,336.18,0.0,Low Risk
17949,1,45,58510.48,1300.23,0.0,Low Risk
14825,4,12,2221.01,185.08,0.0,Low Risk
17940,49,10,4020.04,402.0,0.0,Low Risk
17937,9,7,4301.22,614.46,0.0,Low Risk
17929,11,4,843.0,210.75,0.0,Low Risk
14796,1,17,7975.49,469.15,0.0,Low Risk
15014,43,2,257.67,128.84,0.0,Low Risk
17965,38,14,2599.19,185.66,0.0,Low Risk
17973,52,1,337.04,337.04,0.0,Low Risk
17974,25,3,703.99,234.66,0.0,Low Risk
14688,8,21,5579.1,265.67,0.0,Low Risk
12867,26,7,4009.34,572.76,0.0,Low Risk
13629,23,11,7792.36,708.4,0.0,Low Risk
13569,17,2,338.62,169.31,0.0,Low Risk
13634,33,5,1547.36,309.47,0.0,Low Risk
13647,10,4,1648.12,412.03,0.0,Low Risk
13332,14,1,350.9,350.9,0.0,Low Risk
14653,1,7,1926.65,275.24,0.0,Low Risk
14657,18,4,848.22,212.06,0.0,Low Risk
14658,5,2,247.15,123.58,0.0,Low Risk
14659,9,9,2529.93,281.1,0.0,Low Risk
14662,29,4,741.37,185.34,0.0,Low Risk
13630,5,7,2031.78,290.25,0.0,Low Risk
17896,23,1,256.32,256.32,0.0,Low Risk
17905,71,4,798.99,199.75,0.0,Low Risk
17914,4,1,329.36,329.36,0.0,Low Risk
15039,10,47,19766.59,420.57,0.0,Low Risk
15044,19,17,7634.73,449.1,0.0,Low Risk
14714,24,1,160.19,160.19,0.0,Low Risk
14639,52,6,2984.49,497.42,0.0,Low Risk
13668,3,21,6309.83,300.47,0.0,Low Risk
17917,45,3,335.03,111.68,0.0,Low Risk
17920,4,17,4119.5,242.32,0.0,Low Risk
17924,12,7,2962.5,423.21,0.0,Low Risk
13514,74,1,152.2,152.2,0.0,Low Risk
14713,9,11,2662.2,242.02,0.0,Low Risk
13517,60,3,2128.42,709.47,0.0,Low Risk
12920,17,1,162.78,162.78,0.0,Low Risk
15078,7,32,9743.11,304.47,0.0,Low Risk
14651,67,2,653.75,326.88,0.0,Low Risk
13669,51,2,218.55,109.28,0.0,Low Risk
13670,75,1,349.7,349.7,0.0,Low Risk
15018,39,3,496.21,165.4,0.0,Low Risk
15021,9,9,1871.77,207.97,0.0,Low Risk
15023,3,11,6720.41,610.95,0.0,Low Risk
15024,10,10,1636.43,163.64,0.0,Low Risk
15025,33,1,361.96,361.96,0.0,Low Risk
12925,5,2,694.05,347.02,0.0,Low Risk
15033,5,10,2557.18,255.72,0.0,Low Risk
15034,16,8,4274.16,534.27,0.0,Low Risk
14715,25,4,867.38,216.84,0.0,Low Risk
15038,59,6,685.74,114.29,0.0,Low Risk
15059,41,9,1337.72,148.64,0.0,Low Risk
15061,4,48,54534.14,1136.13,0.0,Low Risk
15062,71,4,987.86,246.96,0.0,Low Risk
12921,9,37,16587.09,448.3,0.0,Low Risk
15028,8,4,627.13,156.78,0.0,Low Risk
13614,24,4,1585.46,396.36,0.0,Low Risk
13610,12,7,1082.33,154.62,0.0,Low Risk
18126,61,1,200.92,200.92,0.0,Low Risk
13603,26,1,164.34,164.34,0.0,Low Risk
13601,45,2,693.32,346.66,0.0,Low Risk
13599,1,21,5149.92,245.23,0.0,Low Risk
13598,47,1,160.04,160.04,0.0,Low Risk
18077,8,11,2584.41,234.95,0.0,Low Risk
18088,61,1,166.03,166.03,0.0,Low Risk
14902,26,1,332.66,332.66,0.0,Low Risk
18092,2,11,9068.26,824.39,0.0,Low Risk
18097,8,6,2662.4,443.73,0.0,Low Risk
14898,23,6,1269.31,211.55,0.0,Low Risk
14897,8,4,1366.38,341.6,0.0,Low Risk
14895,8,20,11138.71,556.94,0.0,Low Risk
15012,54,2,405.04,202.52,0.0,Low Risk
18109,2,26,8004.92,307.88,0.0,Low Risk
14863,29,1,266.76,266.76,0.0,Low Risk
14866,11,12,14389.9,1199.16,0.0,Low Risk
14868,3,8,2953.59,369.2,0.0,Low Risk
18102,1,60,259657.3,4327.62,0.0,Low Risk
14871,3,4,501.28,125.32,0.0,Low Risk
14673,3,5,1736.4,347.28,0.0,Low Risk
14881,20,1,255.4,255.4,0.0,Low Risk
14680,25,16,28754.11,1797.13,0.0,Low Risk
14684,26,5,1201.51,240.3,0.0,Low Risk
18058,10,1,170.16,170.16,0.0,Low Risk
18065,6,14,2392.83,170.92,0.0,Low Risk
18066,75,1,318.0,318.0,0.0,Low Risk
18069,26,5,2009.24,401.85,0.0,Low Risk
18075,23,10,2611.75,261.18,0.0,Low Risk
14696,4,7,2078.95,296.99,0.0,Low Risk
14676,31,6,2548.24,424.71,0.0,Low Risk
14951,79,1,311.69,311.69,0.0,Low Risk
14860,19,1,170.32,170.32,0.0,Low Risk
14667,11,25,9175.04,367.0,0.0,Low Risk
17975,15,13,4483.26,344.87,0.0,Low Risk
14849,22,25,7930.54,317.22,0.0,Low Risk
17988,12,7,201.12,28.73,0.0,Low Risk
14842,44,4,2824.69,706.17,0.0,Low Risk
18125,30,4,1131.75,282.94,0.0,Low Risk
14841,53,6,3295.76,549.29,0.0,Low Risk
14829,29,4,697.55,174.39,0.0,Low Risk
18117,26,1,315.65,315.65,0.0,Low Risk
13590,11,6,1981.92,330.32,0.0,Low Risk
14961,11,9,7044.68,782.74,0.0,Low Risk
13579,15,2,467.04,233.52,0.0,Low Risk
13327,39,8,3627.77,453.47,0.0,Low Risk
13576,10,18,6717.34,373.19,0.0,Low Risk
12884,88,1,309.05,309.05,0.0,Low Risk
13627,59,5,1638.47,327.69,0.0,Low Risk
18041,12,21,4097.37,195.11,0.0,Low Risk
18042,54,1,165.05,165.05,0.0,Low Risk
18043,25,3,529.29,176.43,0.0,Low Risk
18055,7,10,6761.34,676.13,0.0,Low Risk
17999,37,2,380.39,190.2,0.0,Low Risk
18005,4,2,226.47,113.24,0.0,Low Risk
14947,72,2,290.82,145.41,0.0,Low Risk
18016,32,5,1477.66,295.53,0.0,Low Risk
18030,4,2,230.65,115.32,0.0,Low Risk
14907,3,7,3501.1,500.16,0.0,Low Risk
14908,74,1,277.8,277.8,0.0,Low Risk
18118,11,26,5625.08,216.35,0.0,Low Risk
14913,36,4,1227.43,306.86,0.0,Low Risk
14929,32,1,223.88,223.88,0.0,Low Risk
14944,30,12,5900.25,491.69,0.0,Low Risk
18014,28,1,162.22,162.22,0.0,Low Risk
17739,12,7,2791.35,398.76,0.0,Low Risk
17737,9,2,168.24,84.12,0.0,Low Risk
18147,46,2,179.34,89.67,0.0,Low Risk
14799,51,1,157.7,157.7,0.0,Low Risk
17735,2,19,13110.02,690.0,0.0,Low Risk
17734,54,3,700.63,233.54,0.0,Low Risk
14587,19,9,1580.29,175.59,0.0,Low Risk
14585,50,1,157.05,157.05,0.0,Low Risk
14578,3,1,168.63,168.63,0.0,Low Risk
14577,13,4,859.71,214.93,0.0,Low Risk
14572,3,7,2804.54,400.65,0.0,Low Risk
14569,1,1,227.39,227.39,0.0,Low Risk
15157,4,3,1936.07,645.36,0.0,Low Risk
15154,75,1,254.28,254.28,0.0,Low Risk
14800,48,12,4331.79,360.98,0.0,Low Risk
15081,22,5,504.8,100.96,0.0,Low Risk
17757,1,30,5593.39,186.45,0.0,Low Risk
17758,19,8,3408.2,426.02,0.0,Low Risk
17760,22,2,287.59,143.79,0.0,Low Risk
17764,51,2,772.55,386.28,0.0,Low Risk
17767,15,1,271.2,271.2,0.0,Low Risk
17768,8,3,2081.9,693.97,0.0,Low Risk
17769,13,10,3957.43,395.74,0.0,Low Risk
15153,31,1,329.25,329.25,0.0,Low Risk
17790,27,14,1964.3,140.31,0.0,Low Risk
17791,30,1,106.1,106.1,0.0,Low Risk
17796,40,4,690.0,172.5,0.0,Low Risk
13523,33,5,3964.88,792.98,0.0,Low Risk
13527,34,7,2242.36,320.34,0.0,Low Risk
13700,26,10,2248.63,224.86,0.0,Low Risk
13705,8,3,711.86,237.29,0.0,Low Risk
13709,4,13,6307.65,485.2,0.0,Low Risk
17777,25,3,647.56,215.85,0.0,Low Risk
17705,3,9,1823.52,202.61,0.0,Low Risk
17706,4,17,10504.49,617.91,0.0,Low Risk
17711,11,2,385.1,192.55,0.0,Low Risk
18179,9,6,1793.17,298.86,0.0,Low Risk
14793,21,1,228.99,228.99,0.0,Low Risk
17720,26,4,1195.94,298.98,0.0,Low Risk
17725,16,11,3439.08,312.64,0.0,Low Risk
15159,2,30,18641.01,621.37,0.0,Low Risk
17673,1,6,1594.97,265.83,0.0,Low Risk
17675,1,31,20374.28,657.23,0.0,Low Risk
17676,4,6,1371.18,228.53,0.0,Low Risk
17677,2,30,16345.38,544.85,0.0,Low Risk
13728,37,6,1016.14,169.36,0.0,Low Risk
13739,18,1,216.9,216.9,0.0,Low Risk
13298,1,1,360.0,360.0,0.0,Low Risk
13305,4,10,2000.86,200.09,0.0,Low Risk
17730,3,13,5298.48,407.58,0.0,Low Risk
18145,13,4,2861.55,715.39,0.0,Low Risk
15168,26,1,106.56,106.56,0.0,Low Risk
15172,9,5,1624.05,324.81,0.0,Low Risk
15175,72,1,224.14,224.14,0.0,Low Risk
18144,8,12,2888.75,240.73,0.0,Low Risk
15179,18,5,2206.95,441.39,0.0,Low Risk
15185,70,1,310.62,310.62,0.0,Low Risk
18198,4,17,5425.56,319.15,0.0,Low Risk
13285,23,4,2709.12,677.28,0.0,Low Risk
17744,4,6,2322.4,387.07,0.0,Low Risk
17685,17,7,3155.83,450.83,0.0,Low Risk
17686,7,7,5739.46,819.92,0.0,Low Risk
17690,30,15,4726.8,315.12,0.0,Low Risk
17696,38,8,2285.71,285.71,0.0,Low Risk
17700,17,4,2534.64,633.66,0.0,Low Risk
12877,4,12,1535.77,127.98,0.0,Low Risk
15189,1,41,16225.39,395.74,0.0,Low Risk
12856,8,6,2170.78,361.8,0.0,Low Risk
17856,2,4,1418.03,354.51,0.0,Low Risk
17841,2,124,40519.84,326.77,0.0,Low Risk
17839,42,1,318.15,318.15,0.0,Low Risk
17838,27,5,2720.8,544.16,0.0,Low Risk
14701,11,9,2526.09,280.68,0.0,Low Risk
17832,50,1,155.37,155.37,0.0,Low Risk
14702,1,17,3251.79,191.28,0.0,Low Risk
13694,4,50,65039.62,1300.79,0.0,Low Risk
13692,25,3,1488.32,496.11,0.0,Low Risk
14703,15,1,318.17,318.17,0.0,Low Risk
15115,18,1,340.11,340.11,0.0,Low Risk
15110,24,4,996.1,249.02,0.0,Low Risk
15101,9,2,317.53,158.77,0.0,Low Risk
15097,4,1,248.08,248.08,0.0,Low Risk
14804,9,1,353.27,353.27,0.0,Low Risk
14709,15,13,4921.04,378.54,0.0,Low Risk
14594,7,2,363.33,181.66,0.0,Low Risk
14595,20,6,1740.6,290.1,0.0,Low Risk
14598,44,1,221.97,221.97,0.0,Low Risk
14601,11,1,213.96,213.96,0.0,Low Risk
14708,3,3,1126.37,375.46,0.0,Low Risk
14606,1,93,12076.15,129.85,0.0,Low Risk
15096,43,1,219.39,219.39,0.0,Low Risk
15046,9,15,5090.42,339.36,0.0,Low Risk
15050,25,3,1737.69,579.23,0.0,Low Risk
15054,12,2,302.1,151.05,0.0,Low Risk
12910,23,8,3075.04,384.38,0.0,Low Risk
12912,3,5,1662.3,332.46,0.0,Low Risk
12913,5,5,2483.63,496.73,0.0,Low Risk
13680,1,4,3719.12,929.78,0.0,Low Risk
15093,18,6,4597.02,766.17,0.0,Low Risk
14618,9,3,553.44,184.48,0.0,Low Risk
17797,22,3,780.43,260.14,0.0,Low Risk
17799,22,10,3039.17,303.92,0.0,Low Risk
17800,37,9,1187.21,131.91,0.0,Low Risk
17809,16,12,5411.91,450.99,0.0,Low Risk
18156,13,2,675.64,337.82,0.0,Low Risk
17811,4,39,7761.82,199.02,0.0,Low Risk
14818,74,3,657.8,219.27,0.0,Low Risk
17858,6,12,5140.66,428.39,0.0,Low Risk
17813,14,5,1698.07,339.61,0.0,Low Risk
14815,37,2,778.5,389.25,0.0,Low Risk
13324,36,10,7121.95,712.2,0.0,Low Risk
14805,15,4,546.4,136.6,0.0,Low Risk
15144,8,17,6580.44,387.08,0.0,Low Risk
15148,11,1,301.29,301.29,0.0,Low Risk
15150,17,10,5291.33,529.13,0.0,Low Risk
12931,22,15,42055.96,2803.73,0.0,Low Risk
17812,13,4,699.81,174.95,0.0,Low Risk
17865,31,20,10526.32,526.32,0.0,Low Risk
17870,2,12,1865.89,155.49,0.0,Low Risk
17884,4,4,695.07,173.77,0.0,Low Risk
17885,12,1,156.34,156.34,0.0,Low Risk
17888,21,8,716.0,89.5,0.0,Low Risk
12935,2,7,2160.7,308.67,0.0,Low Risk
12944,36,2,604.51,302.26,0.0,Low Risk
13319,5,26,10845.55,417.14,0.0,Low Risk
17827,5,5,1987.33,397.47,0.0,Low Risk
13309,7,5,1456.79,291.36,0.0,Low Risk
13310,28,3,1132.03,377.34,0.0,Low Risk
13311,4,2,598.57,299.29,0.0,Low Risk
13313,22,5,1555.32,311.06,0.0,Low Risk
13314,2,3,775.94,258.65,0.0,Low Risk
13317,66,6,2273.68,378.95,0.0,Low Risk
18158,9,2,453.4,226.7,0.0,Low Risk
12949,31,8,4167.22,520.9,0.0,Low Risk
14062,10,12,10464.85,872.07,0.0,Low Risk
16700,9,13,5076.55,390.5,0.0,Low Risk
16701,9,13,5398.3,415.25,0.0,Low Risk
16705,1,20,14034.99,701.75,0.0,Low Risk
16710,19,10,2467.99,246.8,0.0,Low Risk
16711,3,5,1651.03,330.21,0.0,Low Risk
16712,9,11,3611.31,328.3,0.0,Low Risk
16713,19,15,6910.78,460.72,0.0,Low Risk
18230,9,7,2810.2,401.46,0.0,Low Risk
16717,24,6,3843.08,640.51,0.0,Low Risk
16719,15,7,1770.22,252.89,0.0,Low Risk
14262,8,8,2618.23,327.28,0.0,Low Risk
16670,17,11,4095.9,372.35,0.0,Low Risk
16676,34,4,1592.12,398.03,0.0,Low Risk
16678,3,12,3109.99,259.17,0.0,Low Risk
16684,4,28,66653.56,2380.48,0.0,Low Risk
16686,47,7,2959.88,422.84,0.0,Low Risk
16715,78,1,301.72,301.72,0.0,Low Risk
14056,1,23,8152.71,354.47,0.0,Low Risk
14057,24,17,6211.66,365.39,0.0,Low Risk
14060,5,19,6140.42,323.18,0.0,Low Risk
16720,26,1,152.95,152.95,0.0,Low Risk
15953,15,8,1657.28,207.16,0.0,Low Risk
15955,24,14,4416.26,315.45,0.0,Low Risk
15958,74,1,104.35,104.35,0.0,Low Risk
15963,20,2,470.76,235.38,0.0,Low Risk
13460,29,2,183.44,91.72,0.0,Low Risk
15967,23,2,397.68,198.84,0.0,Low Risk
15969,3,3,666.1,222.03,0.0,Low Risk
15971,17,12,4199.85,349.99,0.0,Low Risk
15974,39,7,3442.15,491.74,0.0,Low Risk
15981,25,8,3408.48,426.06,0.0,Low Risk
16722,17,13,4730.81,363.91,0.0,Low Risk
16726,26,5,1358.74,271.75,0.0,Low Risk
13451,26,5,2898.26,579.65,0.0,Low Risk
13458,7,14,9646.57,689.04,0.0,Low Risk
15965,17,4,808.87,202.22,0.0,Low Risk
16019,47,9,3786.24,420.69,0.0,Low Risk
16024,12,1,251.03,251.03,0.0,Low Risk
16026,43,1,236.09,236.09,0.0,Low Risk
16033,6,20,8778.82,438.94,0.0,Low Risk
16042,22,5,1177.47,235.49,0.0,Low Risk
16627,79,1,322.8,322.8,0.0,Low Risk
14099,16,11,3104.17,282.2,0.0,Low Risk
16043,37,4,773.99,193.5,0.0,Low Risk
15983,22,4,1465.12,366.28,0.0,Low Risk
16057,16,7,2263.12,323.3,0.0,Low Risk
16062,10,4,1153.62,288.4,0.0,Low Risk
16071,45,1,326.24,326.24,0.0,Low Risk
16081,56,5,2799.42,559.88,0.0,Low Risk
16085,23,5,981.51,196.3,0.0,Low Risk
16595,61,1,360.16,360.16,0.0,Low Risk
16600,4,6,813.52,135.59,0.0,Low Risk
14243,9,10,2588.77,258.88,0.0,Low Risk
14250,7,3,1904.05,634.68,0.0,Low Risk
16052,54,1,362.06,362.06,0.0,Low Risk
15984,3,10,2780.63,278.06,0.0,Low Risk
15986,30,1,168.12,168.12,0.0,Low Risk
15988,19,1,156.78,156.78,0.0,Low Risk
15998,37,5,3080.22,616.04,0.0,Low Risk
16003,30,5,2735.37,547.07,0.0,Low Risk
16688,1,4,1260.86,315.22,0.0,Low Risk
16638,23,10,1680.72,168.07,0.0,Low Risk
16642,5,2,688.33,344.16,0.0,Low Risk
16017,47,1,211.88,211.88,0.0,Low Risk
16656,22,15,8625.8,575.05,0.0,Low Risk
16660,16,4,1267.65,316.91,0.0,Low Risk
16011,8,16,3352.96,209.56,0.0,Low Risk
16013,4,47,37130.6,790.01,0.0,Low Risk
16015,4,3,704.55,234.85,0.0,Low Risk
14258,9,9,12669.98,1407.78,0.0,Low Risk
16601,41,1,242.7,242.7,0.0,Low Risk
16603,75,2,482.47,241.24,0.0,Low Risk
16607,18,14,3347.71,239.12,0.0,Low Risk
16655,18,6,3789.52,631.59,0.0,Low Risk
15898,1,5,1383.83,276.77,0.0,Low Risk
15900,24,1,337.28,337.28,0.0,Low Risk
15903,10,7,5126.76,732.39,0.0,Low Risk
15904,8,1,164.68,164.68,0.0,Low Risk
15910,1,8,1228.88,153.61,0.0,Low Risk
16817,3,9,1604.75,178.31,0.0,Low Risk
16825,39,2,775.18,387.59,0.0,Low Risk
14305,71,3,1858.96,619.65,0.0,Low Risk
14052,20,1,225.36,225.36,0.0,Low Risk
16779,2,22,10611.72,482.35,0.0,Low Risk
14027,61,1,104.82,104.82,0.0,Low Risk
14029,63,2,467.66,233.83,0.0,Low Risk
14030,18,8,2358.84,294.86,0.0,Low Risk
14031,7,19,17286.86,909.83,0.0,Low Risk
14032,2,11,2975.59,270.51,0.0,Low Risk
14039,33,1,152.2,152.2,0.0,Low Risk
14040,41,12,3560.32,296.69,0.0,Low Risk
16775,10,11,1691.51,153.77,0.0,Low Risk
14001,46,3,2043.08,681.03,0.0,Low Risk
14004,43,7,4582.64,654.66,0.0,Low Risk
14020,17,2,642.8,321.4,0.0,Low Risk
16830,39,1,325.91,325.91,0.0,Low Risk
15862,8,4,832.88,208.22,0.0,Low Risk
15864,22,6,1936.32,322.72,0.0,Low Risk
15867,5,15,3810.14,254.01,0.0,Low Risk
14309,8,9,2352.53,261.39,0.0,Low Risk
15888,81,1,168.31,168.31,0.0,Low Risk
14321,11,5,1530.75,306.15,0.0,Low Risk
14329,17,7,4975.24,710.75,0.0,Low Risk
14334,17,8,2552.21,319.03,0.0,Low Risk
16793,57,1,243.84,243.84,0.0,Low Risk
16796,89,1,305.62,305.62,0.0,Low Risk
16803,65,1,332.3,332.3,0.0,Low Risk
16814,14,21,6416.7,305.56,0.0,Low Risk
15870,33,1,351.44,351.44,0.0,Low Risk
15877,2,2,490.33,245.16,0.0,Low Risk
14312,47,6,1611.59,268.6,0.0,Low Risk
13183,8,9,3957.78,439.75,0.0,Low Risk
13186,40,3,1575.89,525.3,0.0,Low Risk
13189,19,2,260.68,130.34,0.0,Low Risk
15932,4,8,2495.87,311.98,0.0,Low Risk
16746,5,18,6680.11,371.12,0.0,Low Risk
16748,18,5,1515.9,303.18,0.0,Low Risk
16753,58,1,223.92,223.92,0.0,Low Risk
13068,10,2,344.0,172.0,0.0,Low Risk
14044,27,4,646.42,161.6,0.0,Low Risk
13077,1,4,728.02,182.0,0.0,Low Risk
13078,3,26,12627.94,485.69,0.0,Low Risk
13081,12,11,28337.38,2576.13,0.0,Low Risk
13089,3,97,58762.08,605.79,0.0,Low Risk
16734,52,3,646.76,215.59,0.0,Low Risk
14047,9,5,1308.61,261.72,0.0,Low Risk
14049,17,4,5578.72,1394.68,0.0,Low Risk
14050,32,2,746.36,373.18,0.0,Low Risk
14051,1,23,15610.39,678.71,0.0,Low Risk
13069,1,24,4431.44,184.64,0.0,Low Risk
16782,10,13,2267.95,174.46,0.0,Low Risk
16784,20,1,107.6,107.6,0.0,Low Risk
16791,29,7,1705.78,243.68,0.0,Low Risk
16759,8,3,789.79,263.26,0.0,Low Risk
16767,31,11,5575.56,506.87,0.0,Low Risk
16770,58,5,757.1,151.42,0.0,Low Risk
16771,33,5,2242.61,448.52,0.0,Low Risk
15919,20,2,525.69,262.85,0.0,Low Risk
13178,26,11,5725.47,520.5,0.0,Low Risk
13174,16,3,2742.82,914.27,0.0,Low Risk
14289,9,6,911.26,151.88,0.0,Low Risk
14290,11,5,2314.65,462.93,0.0,Low Risk
14293,3,4,1046.56,261.64,0.0,Low Risk
14295,40,1,166.2,166.2,0.0,Low Risk
14299,8,9,3965.62,440.62,0.0,Low Risk
13448,17,6,3534.69,589.12,0.0,Low Risk
16743,29,7,2213.13,316.16,0.0,Low Risk
13177,65,1,282.45,282.45,0.0,Low Risk
13173,4,2,353.65,176.82,0.0,Low Risk
16393,2,13,3040.96,233.92,0.0,Low Risk
16401,1,12,4098.32,341.53,0.0,Low Risk
16406,19,1,154.35,154.35,0.0,Low Risk
16407,13,10,2079.68,207.97,0.0,Low Risk
16241,10,13,2590.31,199.25,0.0,Low Risk
16242,8,7,3579.86,511.41,0.0,Low Risk
16248,62,1,152.94,152.94,0.0,Low Risk
16255,17,8,2619.91,327.49,0.0,Low Risk
13107,44,4,1531.62,382.9,0.0,Low Risk
16413,57,1,262.2,262.2,0.0,Low Risk
13109,60,2,786.54,393.27,0.0,Low Risk
16303,26,3,5360.63,1786.88,0.0,Low Risk
16366,19,1,327.3,327.3,0.0,Low Risk
16368,2,2,479.91,239.96,0.0,Low Risk
14150,36,2,658.64,329.32,0.0,Low Risk
14152,75,2,621.29,310.64,0.0,Low Risk
14159,20,11,4630.35,420.94,0.0,Low Risk
14180,11,25,4748.52,189.94,0.0,Low Risk
16218,30,7,3084.68,440.67,0.0,Low Risk
16221,37,3,860.86,286.95,0.0,Low Risk
16430,57,1,300.85,300.85,0.0,Low Risk
16442,2,3,609.3,203.1,0.0,Low Risk
13113,1,24,12245.96,510.25,0.0,Low Risk
13117,22,8,984.91,123.11,0.0,Low Risk
13127,78,1,259.17,259.17,0.0,Low Risk
16415,44,1,200.27,200.27,0.0,Low Risk
16385,60,3,554.86,184.95,0.0,Low Risk
14201,60,7,747.44,106.78,0.0,Low Risk
14209,11,6,2073.43,345.57,0.0,Low Risk
14215,12,6,1789.72,298.29,0.0,Low Risk
14217,2,17,2004.98,117.94,0.0,Low Risk
14218,43,1,169.48,169.48,0.0,Low Risk
14221,42,9,3432.8,381.42,0.0,Low Risk
16235,41,5,867.31,173.46,0.0,Low Risk
16422,17,51,34684.4,680.09,0.0,Low Risk
13138,22,6,962.39,160.4,0.0,Low Risk
16233,71,3,536.68,178.89,0.0,Low Risk
14723,10,6,1122.36,187.06,0.0,Low Risk
18210,2,6,2621.38,436.9,0.0,Low Risk
14735,4,32,6065.69,189.55,0.0,Low Risk
14737,4,3,1164.55,388.18,0.0,Low Risk
14738,43,7,1314.45,187.78,0.0,Low Risk
14739,4,7,3902.28,557.47,0.0,Low Risk
14741,12,6,1400.34,233.39,0.0,Low Risk
14744,16,7,1099.98,157.14,0.0,Low Risk
14167,39,4,562.59,140.65,0.0,Low Risk
14755,10,11,5010.28,455.48,0.0,Low Risk
14732,8,8,2702.49,337.81,0.0,Low Risk
18228,57,2,779.9,389.95,0.0,Low Risk
12841,5,25,3991.58,159.66,0.0,Low Risk
18272,3,6,3078.58,513.1,0.0,Low Risk
18287,43,3,1837.28,612.43,0.0,Low Risk
18229,12,20,7276.9,363.84,0.0,Low Risk
14733,16,12,9585.91,798.83,0.0,Low Risk
13348,64,1,233.76,233.76,0.0,Low Risk
14748,29,5,1415.75,283.15,0.0,Low Risk
14188,31,6,2054.36,342.39,0.0,Low Risk
14189,2,15,4654.08,310.27,0.0,Low Risk
14194,5,21,11349.52,540.45,0.0,Low Risk
16265,9,9,5447.0,605.22,0.0,Low Risk
16271,3,5,1404.64,280.93,0.0,Low Risk
13137,11,8,3603.29,450.41,0.0,Low Risk
16350,21,4,1116.47,279.12,0.0,Low Risk
16352,18,2,494.44,247.22,0.0,Low Risk
16295,10,4,1328.55,332.14,0.0,Low Risk
16357,33,3,658.88,219.63,0.0,Low Risk
16359,7,9,1750.92,194.55,0.0,Low Risk
16364,12,2,705.79,352.9,0.0,Low Risk
16365,18,9,1540.42,171.16,0.0,Low Risk
13139,16,7,5064.94,723.56,0.0,Low Risk
13142,19,1,307.09,307.09,0.0,Low Risk
13145,40,4,618.52,154.63,0.0,Low Risk
13146,26,1,228.91,228.91,0.0,Low Risk
16293,22,10,2248.99,224.9,0.0,Low Risk
16353,4,23,6675.71,290.25,0.0,Low Risk
13103,40,1,243.94,243.94,0.0,Low Risk
13104,3,6,1098.48,183.08,0.0,Low Risk
16086,59,5,1121.39,224.28,0.0,Low Risk
13428,10,1,201.78,201.78,0.0,Low Risk
13430,19,2,679.45,339.72,0.0,Low Risk
16134,22,2,618.09,309.04,0.0,Low Risk
16523,2,21,9418.47,448.5,0.0,Low Risk
16525,2,26,13027.45,501.06,0.0,Low Risk
16215,81,1,242.35,242.35,0.0,Low Risk
16528,4,1,244.41,244.41,0.0,Low Risk
16531,22,7,1244.59,177.8,0.0,Low Risk
16099,50,3,731.9,243.97,0.0,Low Risk
16102,42,3,1842.14,614.05,0.0,Low Risk
13155,33,4,971.76,242.94,0.0,Low Risk
13167,19,4,791.33,197.83,0.0,Low Risk
13168,36,4,1299.59,324.9,0.0,Low Risk
16532,18,3,6748.8,2249.6,0.0,Low Risk
16497,50,6,2965.69,494.28,0.0,Low Risk
16527,81,1,228.06,228.06,0.0,Low Risk
16554,42,3,837.1,279.03,0.0,Low Risk
16555,35,2,285.89,142.94,0.0,Low Risk
16558,1,20,8338.49,416.92,0.0,Low Risk
16561,6,2,511.12,255.56,0.0,Low Risk
16570,15,10,3738.4,373.84,0.0,Low Risk
16591,69,1,213.5,213.5,0.0,Low Risk
16592,4,16,4113.68,257.1,0.0,Low Risk
14083,4,9,1002.9,111.43,0.0,Low Risk
13102,1,24,6424.09,267.67,0.0,Low Risk
14088,10,13,50491.81,3883.99,0.0,Low Risk
14092,8,14,4076.91,291.21,0.0,Low Risk
16539,3,4,1388.81,347.2,0.0,Low Risk
16549,10,10,4034.9,403.49,0.0,Low Risk
13090,9,14,8910.82,636.49,0.0,Low Risk
13091,28,1,345.82,345.82,0.0,Low Risk
13094,21,12,1927.32,160.61,0.0,Low Risk
13097,33,10,6003.22,600.32,0.0,Low Risk
13098,1,28,28882.44,1031.52,0.0,Low Risk
14085,2,18,4421.29,245.63,0.0,Low Risk
13419,64,1,221.06,221.06,0.0,Low Risk
16445,34,1,230.51,230.51,0.0,Low Risk
16451,88,1,266.97,266.97,0.0,Low Risk
16455,64,7,1841.18,263.03,0.0,Low Risk
16458,3,18,3482.74,193.49,0.0,Low Risk
16181,73,1,305.54,305.54,0.0,Low Risk
16183,67,1,338.71,338.71,0.0,Low Risk
16186,23,12,4006.94,333.91,0.0,Low Risk
14107,52,7,2703.23,386.18,0.0,Low Risk
16190,40,1,215.08,215.08,0.0,Low Risk
16191,3,13,5180.52,398.5,0.0,Low Risk
16203,59,4,592.9,148.22,0.0,Low Risk
16145,9,11,3799.49,345.41,0.0,Low Risk
16156,9,9,3092.04,343.56,0.0,Low Risk
14135,2,15,4690.31,312.69,0.0,Low Risk
14146,9,5,4191.0,838.2,0.0,Low Risk
16423,25,1,346.12,346.12,0.0,Low Risk
16213,79,1,159.0,159.0,0.0,Low Risk
16189,16,2,215.48,107.74,0.0,Low Risk
14108,31,2,597.91,298.96,0.0,Low Risk
14109,73,1,144.2,144.2,0.0,Low Risk
14110,4,12,5683.15,473.6,0.0,Low Risk
14112,23,7,2915.15,416.45,0.0,Low Risk
14113,4,4,1840.42,460.1,0.0,Low Risk
14121,4,4,2780.15,695.04,0.0,Low Risk
13169,64,2,712.88,356.44,0.0,Low Risk
16115,10,8,1660.88,207.61,0.0,Low Risk
14229,52,3,1547.2,515.73,0.0,Low Risk
16133,4,33,14589.04,442.09,0.0,Low Risk
16161,2,19,5533.67,291.25,0.0,Low Risk
16168,11,27,3787.6,140.28,0.0,Low Risk
16177,50,1,331.95,331.95,0.0,Low Risk
16179,61,1,215.83,215.83,0.0,Low Risk
16477,64,7,2494.46,356.35,0.0,Low Risk
16482,16,1,220.62,220.62,0.0,Low Risk
16143,3,6,2424.94,404.16,0.0,Low Risk
14227,26,10,3350.96,335.1,0.0,Low Risk
16123,52,1,307.78,307.78,0.0,Low Risk
14443,54,4,1420.2,355.05,0.0,Low Risk
14448,9,2,375.35,187.68,0.0,Low Risk
14449,19,4,885.8,221.45,0.0,Low Risk
13013,1,13,4810.94,370.07,0.0,Low Risk
13017,7,1,204.0,204.0,0.0,Low Risk
17211,27,8,2317.22,289.65,0.0,Low Risk
17213,40,7,2781.23,397.32,0.0,Low Risk
17214,60,6,1059.12,176.52,0.0,Low Risk
13999,10,12,3901.81,325.15,0.0,Low Risk
15587,50,4,913.68,228.42,0.0,Low Risk
15597,35,1,324.57,324.57,0.0,Low Risk
15598,53,1,240.68,240.68,0.0,Low Risk
15599,27,2,761.74,380.87,0.0,Low Risk
15601,11,14,6776.56,484.04,0.0,Low Risk
13225,3,7,6463.84,923.41,0.0,Low Risk
13228,81,1,358.0,358.0,0.0,Low Risk
13230,4,14,2755.63,196.83,0.0,Low Risk
17218,4,10,1951.97,195.2,0.0,Low Risk
17222,65,1,328.65,328.65,0.0,Low Risk
17227,19,6,939.32,156.55,0.0,Low Risk
17228,16,8,1906.09,238.26,0.0,Low Risk
17231,12,10,3124.72,312.47,0.0,Low Risk
17235,25,2,550.06,275.03,0.0,Low Risk
17236,13,6,916.13,152.69,0.0,Low Risk
15545,54,2,288.97,144.48,0.0,Low Risk
15547,7,14,4910.6,350.76,0.0,Low Risk
14440,8,5,2357.68,471.54,0.0,Low Risk
15555,12,16,4794.86,299.68,0.0,Low Risk
15556,24,1,279.77,279.77,0.0,Low Risk
15563,22,4,1400.44,350.11,0.0,Low Risk
15565,50,2,173.16,86.58,0.0,Low Risk
15568,3,3,758.29,252.76,0.0,Low Risk
13886,71,1,243.56,243.56,0.0,Low Risk
13897,50,1,311.16,311.16,0.0,Low Risk
13012,9,8,1646.84,205.86,0.0,Low Risk
14428,7,5,1224.06,244.81,0.0,Low Risk
15550,4,4,575.63,143.91,0.0,Low Risk
15612,36,2,195.15,97.58,0.0,Low Risk
15615,10,23,10399.74,452.16,0.0,Low Risk
15618,33,4,776.85,194.21,0.0,Low Risk
15619,11,1,336.4,336.4,0.0,Low Risk
15620,57,3,1553.18,517.73,0.0,Low Risk
14419,11,6,1051.79,175.3,0.0,Low Risk
14422,1,6,4263.64,710.61,0.0,Low Risk
14424,18,1,322.08,322.08,0.0,Low Risk
13001,4,13,9785.97,752.77,0.0,Low Risk
17111,47,1,231.61,231.61,0.0,Low Risk
13923,54,1,351.13,351.13,0.0,Low Risk
13926,23,1,223.85,223.85,0.0,Low Risk
13927,75,1,348.99,348.99,0.0,Low Risk
13468,2,37,5704.97,154.19,0.0,Low Risk
13471,1,4,2501.84,625.46,0.0,Low Risk
17114,6,8,801.12,100.14,0.0,Low Risk
17125,50,1,230.5,230.5,0.0,Low Risk
17133,16,7,4892.24,698.89,0.0,Low Risk
17095,23,3,1324.16,441.39,0.0,Low Risk
13004,12,18,5655.91,314.22,0.0,Low Risk
17154,75,1,329.34,329.34,0.0,Low Risk
17158,32,3,1266.97,422.32,0.0,Low Risk
17159,22,3,1538.88,512.96,0.0,Low Risk
17163,22,2,293.1,146.55,0.0,Low Risk
17172,79,1,317.76,317.76,0.0,Low Risk
17188,11,7,2474.23,353.46,0.0,Low Risk
17198,24,3,692.22,230.74,0.0,Low Risk
15611,10,13,1591.45,122.42,0.0,Low Risk
17135,16,7,1139.73,162.82,0.0,Low Risk
17147,23,4,1714.59,428.65,0.0,Low Risk
17153,24,1,213.78,213.78,0.0,Low Risk
13236,24,2,744.85,372.42,0.0,Low Risk
13238,17,4,700.73,175.18,0.0,Low Risk
15602,8,9,1297.87,144.21,0.0,Low Risk
15604,52,1,216.39,216.39,0.0,Low Risk
15605,36,5,1198.23,239.65,0.0,Low Risk
15606,61,9,2920.16,324.46,0.0,Low Risk
17206,53,1,204.24,204.24,0.0,Low Risk
15443,2,7,3213.59,459.08,0.0,Low Risk
15444,9,2,1411.21,705.6,0.0,Low Risk
15458,25,1,161.64,161.64,0.0,Low Risk
15465,20,18,7354.62,408.59,0.0,Low Risk
15466,85,1,334.53,334.53,0.0,Low Risk
17372,41,8,1337.18,167.15,0.0,Low Risk
13846,25,3,865.06,288.35,0.0,Low Risk
13854,9,25,8109.52,324.38,0.0,Low Risk
17220,24,14,3187.55,227.68,0.0,Low Risk
15482,16,12,10879.76,906.65,0.0,Low Risk
15485,30,3,2564.5,854.83,0.0,Low Risk
14452,11,2,259.05,129.52,0.0,Low Risk
14466,29,7,2272.4,324.63,0.0,Low Risk
14467,18,4,596.26,149.06,0.0,Low Risk
13862,18,8,2209.36,276.17,0.0,Low Risk
17344,46,1,157.62,157.62,0.0,Low Risk
17346,4,15,2622.88,174.86,0.0,Low Risk
17347,86,1,228.96,228.96,0.0,Low Risk
13858,57,1,216.17,216.17,0.0,Low Risk
13255,9,2,399.51,199.76,0.0,Low Risk
13828,22,1,209.49,209.49,0.0,Low Risk
13831,16,6,2198.45,366.41,0.0,Low Risk
17377,24,20,4058.32,202.92,0.0,Low Risk
12981,30,2,372.22,186.11,0.0,Low Risk
12989,3,15,6924.11,461.61,0.0,Low Risk
12991,23,2,503.76,251.88,0.0,Low Risk
12995,85,1,211.32,211.32,0.0,Low Risk
17368,23,8,1878.87,234.86,0.0,Low Risk
13259,62,1,283.18,283.18,0.0,Low Risk
14480,11,1,279.05,279.05,0.0,Low Risk
14484,50,1,321.92,321.92,0.0,Low Risk
14485,39,1,162.8,162.8,0.0,Low Risk
14487,27,6,1165.48,194.25,0.0,Low Risk
17348,15,5,1156.6,231.32,0.0,Low Risk
17350,8,4,1281.32,320.33,0.0,Low Risk
17364,1,11,4462.68,405.7,0.0,Low Risk
17365,13,8,4767.36,595.92,0.0,Low Risk
13258,12,3,672.83,224.28,0.0,Low Risk
15511,12,5,900.53,180.11,0.0,Low Risk
15513,33,19,14758.22,776.75,0.0,Low Risk
15514,12,11,4023.72,365.79,0.0,Low Risk
17293,8,9,1854.06,206.01,0.0,Low Risk
15570,7,12,4148.82,345.73,0.0,Low Risk
17243,1,26,8540.05,328.46,0.0,Low Risk
17247,15,1,280.09,280.09,0.0,Low Risk
13870,2,8,2770.94,346.37,0.0,Low Risk
17301,21,1,163.24,163.24,0.0,Low Risk
15520,2,1,343.5,343.5,0.0,Low Risk
15525,2,3,734.37,244.79,0.0,Low Risk
15527,19,8,2428.53,303.57,0.0,Low Risk
15529,23,11,3962.6,360.24,0.0,Low Risk
15530,22,4,1497.31,374.33,0.0,Low Risk
15532,25,4,1564.73,391.18,0.0,Low Risk
15540,11,1,213.3,213.3,0.0,Low Risk
15544,9,9,3546.71,394.08,0.0,Low Risk
13880,21,13,3219.77,247.67,0.0,Low Risk
13871,23,13,6403.25,492.56,0.0,Low Risk
17302,15,5,1135.63,227.13,0.0,Low Risk
17306,11,19,8631.31,454.28,0.0,Low Risk
17314,25,8,2527.92,315.99,0.0,Low Risk
17315,2,38,6281.23,165.3,0.0,Low Risk
17321,8,2,657.16,328.58,0.0,Low Risk
17324,18,4,986.48,246.62,0.0,Low Risk
17329,14,2,523.11,261.56,0.0,Low Risk
17338,17,8,6493.54,811.69,0.0,Low Risk
15502,16,12,10384.93,865.41,0.0,Low Risk
13842,59,9,3385.62,376.18,0.0,Low Risk
13844,11,1,361.62,361.62,0.0,Low Risk
13845,65,1,312.98,312.98,0.0,Low Risk
13881,3,20,17159.52,857.98,0.0,Low Risk
17262,52,5,1253.36,250.67,0.0,Low Risk
17287,26,7,1049.06,149.87,0.0,Low Risk
15492,28,2,659.46,329.73,0.0,Low Risk
15497,18,2,1262.2,631.1,0.0,Low Risk
15498,3,27,13316.4,493.2,0.0,Low Risk
13838,6,4,674.82,168.7,0.0,Low Risk
15769,7,26,56252.72,2163.57,0.0,Low Risk
13198,10,6,3401.24,566.87,0.0,Low Risk
13199,4,38,9817.12,258.35,0.0,Low Risk
13984,27,5,920.51,184.1,0.0,Low Risk
13986,17,1,320.46,320.46,0.0,Low Risk
13993,43,9,3466.36,385.15,0.0,Low Risk
13209,30,8,5891.61,736.45,0.0,Low Risk
13211,10,3,1095.42,365.14,0.0,Low Risk
13021,4,9,2616.38,290.71,0.0,Low Risk
15774,69,1,270.8,270.8,0.0,Low Risk
15781,25,3,345.46,115.15,0.0,Low Risk
15783,11,1,246.3,246.3,0.0,Low Risk
15785,33,5,2328.97,465.79,0.0,Low Risk
15790,10,1,218.75,218.75,0.0,Low Risk
15796,1,8,2708.61,338.58,0.0,Low Risk
16912,29,11,2555.58,232.33,0.0,Low Risk
16891,2,5,742.43,148.49,0.0,Low Risk
13212,20,3,786.83,262.28,0.0,Low Risk
17011,30,1,270.9,270.9,0.0,Low Risk
16936,26,1,261.9,261.9,0.0,Low Risk
16938,9,4,2711.68,677.92,0.0,Low Risk
16945,22,19,4345.5,228.71,0.0,Low Risk
16949,4,6,1286.27,214.38,0.0,Low Risk
16956,18,1,308.74,308.74,0.0,Low Risk
16968,4,2,439.43,219.72,0.0,Low Risk
16971,38,1,357.21,357.21,0.0,Low Risk
15766,64,1,315.06,315.06,0.0,Low Risk
16979,4,6,1852.0,308.67,0.0,Low Risk
16983,13,7,1905.87,272.27,0.0,Low Risk
16985,17,10,5464.12,546.41,0.0,Low Risk
16916,24,2,562.41,281.2,0.0,Low Risk
16921,61,1,154.18,154.18,0.0,Low Risk
16923,12,19,7069.08,372.06,0.0,Low Risk
16931,5,21,4554.87,216.9,0.0,Low Risk
15757,66,2,714.42,357.21,0.0,Low Risk
15758,25,1,205.25,205.25,0.0,Low Risk
16978,77,1,344.33,344.33,0.0,Low Risk
16871,22,6,2812.34,468.72,0.0,Low Risk
16873,5,6,7123.62,1187.27,0.0,Low Risk
15811,22,6,2218.62,369.77,0.0,Low Risk
15826,56,3,1654.31,551.44,0.0,Low Risk
15835,44,4,954.09,238.52,0.0,Low Risk
16885,15,3,450.41,150.14,0.0,Low Risk
16833,1,4,1106.53,276.63,0.0,Low Risk
16836,40,2,251.87,125.94,0.0,Low Risk
16895,65,1,202.27,202.27,0.0,Low Risk
16843,43,16,10196.57,637.29,0.0,Low Risk
16846,50,1,214.32,214.32,0.0,Low Risk
13047,32,10,3237.54,323.75,0.0,Low Risk
13050,15,17,5836.86,343.34,0.0,Low Risk
13061,72,1,248.61,248.61,0.0,Low Risk
15838,11,19,33643.08,1770.69,0.0,Low Risk
15854,4,12,2969.12,247.43,0.0,Low Risk
15856,4,27,16143.64,597.91,0.0,Low Risk
16826,51,1,341.7,341.7,0.0,Low Risk
16839,9,34,16594.35,488.07,0.0,Low Risk
16898,26,3,501.03,167.01,0.0,Low Risk
16899,8,6,1271.06,211.84,0.0,Low Risk
16903,29,1,363.2,363.2,0.0,Low Risk
16905,5,7,3037.6,433.94,0.0,Low Risk
16907,29,5,928.76,185.75,0.0,Low Risk
15805,23,17,5488.18,322.83,0.0,Low Risk
14354,6,2,163.62,81.81,0.0,Low Risk
14357,43,1,225.12,225.12,0.0,Low Risk
16863,31,2,502.8,251.4,0.0,Low Risk
13975,31,6,2461.24,410.21,0.0,Low Risk
13978,15,2,196.79,98.4,0.0,Low Risk
13983,30,12,2603.43,216.95,0.0,Low Risk
15858,16,5,1427.57,285.51,0.0,Low Risk
15860,41,8,965.16,120.64,0.0,Low Risk
15861,12,8,3146.92,393.36,0.0,Low Risk
13064,13,4,1105.59,276.4,0.0,Low Risk
16848,53,1,281.42,281.42,0.0,Low Risk
16861,60,2,173.76,86.88,0.0,Low Risk
13394,2,8,2520.02,315.0,0.0,Low Risk
15659,44,1,306.45,306.45,0.0,Low Risk
15660,25,9,1600.86,177.87,0.0,Low Risk
15667,40,1,301.32,301.32,0.0,Low Risk
15671,19,7,2657.13,379.59,0.0,Low Risk
17090,4,7,1974.65,282.09,0.0,Low Risk
17091,3,9,3827.76,425.31,0.0,Low Risk
13018,16,28,7277.7,259.92,0.0,Low Risk
17059,30,5,3080.39,616.08,0.0,Low Risk
17007,51,6,889.93,148.32,0.0,Low Risk
17069,28,9,2709.7,301.08,0.0,Low Risk
17071,28,9,2429.03,269.89,0.0,Low Risk
15676,19,3,3435.76,1145.25,0.0,Low Risk
15678,53,1,352.7,352.7,0.0,Low Risk
14381,52,1,202.68,202.68,0.0,Low Risk
14387,33,3,1727.6,575.87,0.0,Low Risk
14388,10,8,3212.84,401.6,0.0,Low Risk
14390,10,9,4642.57,515.84,0.0,Low Risk
14395,2,9,3479.91,386.66,0.0,Low Risk
17068,12,21,4552.14,216.77,0.0,Low Risk
13023,64,2,689.9,344.95,0.0,Low Risk
13030,11,2,752.44,376.22,0.0,Low Risk
13034,55,2,642.77,321.38,0.0,Low Risk
15628,5,9,2870.24,318.92,0.0,Low Risk
15632,16,8,3285.31,410.66,0.0,Low Risk
15634,17,1,243.55,243.55,0.0,Low Risk
14408,11,7,2599.03,371.29,0.0,Low Risk
14409,71,6,2059.45,343.24,0.0,Low Risk
15640,4,15,12416.11,827.74,0.0,Low Risk
14415,1,13,5855.57,450.43,0.0,Low Risk
14416,22,2,490.22,245.11,0.0,Low Risk
14418,4,3,1937.25,645.75,0.0,Low Risk
17081,25,2,288.91,144.46,0.0,Low Risk
17082,33,2,2003.85,1001.92,0.0,Low Risk
13941,22,5,5112.96,1022.59,0.0,Low Risk
17086,7,6,2050.08,341.68,0.0,Low Risk
14426,24,10,4481.67,448.17,0.0,Low Risk
15637,53,1,223.36,223.36,0.0,Low Risk
14412,43,2,770.03,385.02,0.0,Low Risk
17025,61,3,357.77,119.26,0.0,Low Risk
15727,17,7,5159.06,737.01,0.0,Low Risk
15738,19,16,4812.42,300.78,0.0,Low Risk
15740,49,1,154.88,154.88,0.0,Low Risk
15743,16,4,775.96,193.99,0.0,Low Risk
15750,3,8,2463.05,307.88,0.0,Low Risk
13953,7,7,3515.68,502.24,0.0,Low Risk
13954,1,2,439.92,219.96,0.0,Low Risk
14396,65,2,487.99,244.0,0.0,Low Risk
16996,30,6,1456.96,242.83,0.0,Low Risk
16999,23,2,484.82,242.41,0.0,Low Risk
17001,1,11,3989.57,362.69,0.0,Low Risk
17006,5,4,781.78,195.44,0.0,Low Risk
15752,40,7,2626.6,375.23,0.0,Low Risk
13408,2,62,28117.04,453.5,0.0,Low Risk
13418,12,18,6127.43,340.41,0.0,Low Risk
14362,22,1,151.5,151.5,0.0,Low Risk
15755,10,6,2364.25,394.04,0.0,Low Risk
13960,21,2,230.22,115.11,0.0,Low Risk
14401,4,13,4051.48,311.65,0.0,Low Risk
14404,34,6,1449.32,241.55,0.0,Low Risk
17075,18,4,834.12,208.53,0.0,Low Risk
17076,36,3,841.08,280.36,0.0,Low Risk
13969,7,18,9024.17,501.34,0.0,Low Risk
13971,19,8,2758.26,344.78,0.0,Low Risk
17041,27,3,1071.49,357.16,0.0,Low Risk
15679,24,4,781.28,195.32,0.0,Low Risk
17019,11,4,1258.08,314.52,0.0,Low Risk
15687,9,9,2993.1,332.57,0.0,Low Risk
15690,4,2,239.76,119.88,0.0,Low Risk
15694,1,14,6479.4,462.81,0.0,Low Risk
15696,33,8,2711.11,338.89,0.0,Low Risk
15699,18,1,309.65,309.65,0.0,Low Risk
15708,41,7,3235.25,462.18,0.0,Low Risk
15719,33,13,5030.07,386.93,0.0,Low Risk
17015,29,3,1838.61,612.87,0.0,Low Risk
17017,3,20,8694.26,434.71,0.0,Low Risk
15680,9,3,1333.68,444.56,0.0,Low Risk
