CustomerID,Recency,Frequency,Monetary,FirstPurchaseDate,LastPurchaseDate,AverageOrderValue,TenureDays,Churned
12346,326,1,77183.6,2011-01-18 10:01:00,2011-01-18 10:01:00,77183.6,0,1
12747,2,11,4196.01,2010-12-05 15:38:00,2011-12-07 14:34:00,381.46,366,0
12748,1,210,33053.19,2010-12-01 12:48:00,2011-12-09 12:20:00,157.4,372,0
12749,4,5,4090.88,2011-05-10 15:25:00,2011-12-06 09:56:00,818.18,209,0
12820,3,4,942.34,2011-01-17 12:34:00,2011-12-06 15:12:00,235.58,323,0
12821,214,1,92.72,2011-05-09 15:51:00,2011-05-09 15:51:00,92.72,0,1
12822,71,2,948.88,2011-09-13 13:46:00,2011-09-30 10:04:00,474.44,16,0
12823,75,5,1759.5,2011-02-16 12:15:00,2011-09-26 07:35:00,351.9,221,0
12824,60,1,397.12,2011-10-11 12:49:00,2011-10-11 12:49:00,397.12,0,0
12826,3,7,1474.72,2010-12-09 15:21:00,2011-12-07 10:25:00,210.67,362,0
12827,6,3,430.15,2011-10-26 15:44:00,2011-12-04 12:17:00,143.38,38,0
12828,3,6,1018.71,2011-08-01 16:16:00,2011-12-07 08:45:00,169.78,127,0
12829,337,2,293.0,2010-12-14 14:54:00,2011-01-07 11:13:00,146.5,23,1
12830,38,6,6814.64,2011-06-21 10:53:00,2011-11-02 11:54:00,1135.77,134,0
12831,262,1,215.05,2011-03-22 13:02:00,2011-03-22 13:02:00,215.05,0,1
12832,32,2,383.03000000000003,2011-09-02 13:48:00,2011-11-07 13:30:00,191.52,65,0
12833,145,1,417.38,2011-07-17 13:46:00,2011-07-17 13:46:00,417.38,0,1
12834,283,1,312.38,2011-03-02 09:49:00,2011-03-02 09:49:00,312.38,0,1
12836,59,4,2610.36,2011-02-01 11:19:00,2011-10-11 15:10:00,652.59,252,0
12837,173,1,134.1,2011-06-19 16:07:00,2011-06-19 16:07:00,134.1,0,1
12838,34,2,671.95,2010-12-01 11:57:00,2011-11-06 12:20:00,335.98,340,0
12839,3,14,5591.42,2010-12-07 15:48:00,2011-12-07 12:33:00,399.39,364,0
12840,144,4,2726.77,2011-04-27 12:21:00,2011-07-19 09:29:00,681.69,82,1
12841,5,25,3991.58,2010-12-03 10:43:00,2011-12-05 11:13:00,159.66,367,0
12842,70,2,1118.99,2011-02-04 12:36:00,2011-09-30 15:33:00,559.5,238,0
12843,66,8,1702.26,2011-03-20 14:38:00,2011-10-05 12:09:00,212.78,198,0
12844,29,2,325.96000000000004,2011-08-01 13:11:00,2011-11-10 13:31:00,162.98,101,0
12845,267,4,354.09000000000003,2011-02-22 14:10:00,2011-03-17 13:34:00,88.52,22,1
12847,22,1,843.64,2011-11-17 13:16:00,2011-11-17 13:16:00,843.64,0,0
12849,31,2,1010.29,2011-03-16 12:26:00,2011-11-08 13:41:00,505.14,237,0
12851,97,1,131.81,2011-09-04 12:41:00,2011-09-04 12:41:00,131.81,0,1
12852,295,1,311.55,2011-02-18 08:47:00,2011-02-18 08:47:00,311.55,0,1
12853,135,6,1957.1000000000001,2011-01-28 10:28:00,2011-07-28 11:29:00,326.18,181,1
12854,79,3,1316.25,2011-01-25 13:35:00,2011-09-22 12:15:00,438.75,239,0
12855,373,1,38.1,2010-12-02 09:37:00,2010-12-02 09:37:00,38.1,0,1
12856,8,6,2170.78,2011-10-07 12:38:00,2011-12-02 10:52:00,361.8,55,0
12857,211,2,1106.4,2011-02-10 12:32:00,2011-05-13 10:20:00,553.2,91,1
12863,52,1,521.2,2011-10-18 14:15:00,2011-10-18 14:15:00,521.2,0,0
12864,138,1,147.12,2011-07-24 13:03:00,2011-07-24 13:03:00,147.12,0,1
12867,26,7,4009.34,2010-12-14 16:39:00,2011-11-13 15:30:00,572.76,333,0
12868,186,6,1607.0600000000002,2010-12-01 12:50:00,2011-06-07 10:42:00,267.84,187,1
12871,84,2,380.64,2011-05-16 13:32:00,2011-09-16 15:07:00,190.32,123,0
12872,327,2,599.97,2010-12-09 14:44:00,2011-01-17 10:52:00,299.98,38,1
12873,282,1,374.0,2011-03-02 14:58:00,2011-03-02 14:58:00,374.0,0,1
12875,143,2,343.2300000000001,2010-12-12 12:03:00,2011-07-19 15:30:00,171.62,219,1
12877,4,12,1535.77,2010-12-16 12:23:00,2011-12-06 10:30:00,127.98,354,0
12878,236,2,854.99,2011-03-18 14:02:00,2011-04-17 13:07:00,427.5,29,1
12879,45,3,573.22,2011-09-09 12:11:00,2011-10-26 12:24:00,191.07,47,0
12881,276,1,298.0,2011-03-09 11:44:00,2011-03-09 11:44:00,298.0,0,1
12882,9,2,1463.04,2011-11-06 11:22:00,2011-11-30 16:18:00,731.52,24,0
12883,25,4,703.47,2011-09-11 15:18:00,2011-11-15 09:32:00,175.87,64,0
12884,88,1,309.05,2011-09-12 13:10:00,2011-09-12 13:10:00,309.05,0,0
12885,63,3,1175.22,2011-08-08 11:45:00,2011-10-07 13:40:00,391.74,60,0
12886,68,2,1378.4,2011-05-04 11:21:00,2011-10-03 10:09:00,689.2,151,0
12888,214,2,354.12,2011-03-29 14:31:00,2011-05-09 16:02:00,177.06,41,1
12890,24,1,376.71999999999997,2011-11-15 17:26:00,2011-11-15 17:26:00,376.72,0,0
12891,186,3,331.0,2011-02-20 11:28:00,2011-06-07 12:31:00,110.33,107,1
12893,31,1,176.55,2011-11-09 12:34:00,2011-11-09 12:34:00,176.55,0,0
12895,42,2,372.8,2011-09-14 08:35:00,2011-10-28 13:51:00,186.4,44,0
12897,205,2,216.5,2011-02-11 11:40:00,2011-05-19 12:13:00,108.25,97,1
12901,9,28,17654.54,2011-03-14 10:41:00,2011-12-01 10:07:00,630.52,261,0
12902,265,1,138.68,2011-03-20 12:06:00,2011-03-20 12:06:00,138.68,0,1
12904,18,2,496.06,2011-06-20 13:18:00,2011-11-21 14:34:00,248.03,154,0
12906,12,5,2919.81,2011-09-22 15:03:00,2011-11-28 09:55:00,583.96,66,0
12908,176,2,750.0,2011-01-31 12:37:00,2011-06-16 15:39:00,375.0,136,1
12909,40,5,2178.67,2011-03-31 12:51:00,2011-10-31 12:43:00,435.73,213,0
12910,23,8,3075.04,2011-04-12 10:01:00,2011-11-16 14:28:00,384.38,218,0
12912,3,5,1662.3,2011-10-30 11:35:00,2011-12-07 08:55:00,332.46,37,0
12913,5,5,2483.63,2010-12-06 16:36:00,2011-12-05 12:11:00,496.73,363,0
12915,149,2,363.65,2010-12-02 12:33:00,2011-07-14 11:34:00,181.82,223,1
12916,139,4,2944.95,2011-01-23 10:43:00,2011-07-24 10:35:00,736.24,181,1
12917,128,1,594.0,2011-08-03 16:42:00,2011-08-03 16:42:00,594.0,0,1
12919,8,6,1335.19,2011-06-23 09:22:00,2011-12-01 13:47:00,222.53,161,0
12920,17,1,162.78,2011-11-22 15:05:00,2011-11-22 15:05:00,162.78,0,0
12921,9,37,16587.09,2010-12-01 15:06:00,2011-11-30 16:22:00,448.3,364,0
12922,161,1,405.38,2011-07-01 15:35:00,2011-07-01 15:35:00,405.38,0,1
12923,64,1,172.82,2011-10-06 16:20:00,2011-10-06 16:20:00,172.82,0,0
12924,88,4,933.7,2011-01-16 11:49:00,2011-09-12 13:55:00,233.42,239,0
12925,5,2,694.05,2011-09-26 11:05:00,2011-12-05 11:11:00,347.02,70,0
12928,35,5,2062.7,2010-12-15 15:45:00,2011-11-04 14:24:00,412.54,323,0
12929,312,1,117.85,2011-02-01 12:08:00,2011-02-01 12:08:00,117.85,0,1
12930,78,2,415.8,2011-06-21 13:25:00,2011-09-22 15:18:00,207.9,93,0
12931,22,15,42055.96,2010-12-17 09:45:00,2011-11-18 12:39:00,2803.73,336,0
12933,24,3,607.53,2011-03-01 11:30:00,2011-11-15 16:38:00,202.51,259,0
12935,2,7,2160.7,2011-01-24 13:58:00,2011-12-07 17:25:00,308.67,317,0
12936,17,4,1063.9,2011-09-22 13:51:00,2011-11-22 17:32:00,265.98,61,0
12937,15,4,1504.27,2011-03-17 14:19:00,2011-11-24 15:05:00,376.07,252,0
12938,26,1,114.14,2011-11-14 11:21:00,2011-11-14 11:21:00,114.14,0,0
12939,64,8,11581.8,2011-01-09 11:20:00,2011-10-06 14:33:00,1447.72,270,0
12940,55,2,899.69,2011-09-13 10:16:00,2011-10-16 12:09:00,449.84,33,0
12942,131,3,675.6,2010-12-09 09:34:00,2011-07-31 14:39:00,225.2,234,1
12944,36,2,604.51,2010-12-20 10:41:00,2011-11-04 11:04:00,302.26,319,0
12945,288,1,462.95,2011-02-24 14:15:00,2011-02-24 14:15:00,462.95,0,1
12947,144,6,1603.99,2010-12-01 16:21:00,2011-07-19 10:06:00,267.33,229,1
12948,16,7,2064.95,2011-03-20 10:17:00,2011-11-23 17:10:00,294.99,248,0
12949,31,8,4167.22,2011-04-01 13:20:00,2011-11-09 11:25:00,520.9,221,0
12950,2,3,1843.0,2011-11-15 13:48:00,2011-12-07 13:17:00,614.33,21,0
12951,9,6,1064.07,2011-01-13 10:33:00,2011-12-01 12:14:00,177.34,322,0
12952,6,4,1387.79,2011-09-22 16:37:00,2011-12-04 10:35:00,346.95,72,0
12953,10,1,329.85,2011-11-30 09:24:00,2011-11-30 09:24:00,329.85,0,0
12955,1,11,4757.16,2011-03-17 09:03:00,2011-12-08 16:29:00,432.47,266,0
12956,306,1,108.07,2011-02-06 16:08:00,2011-02-06 16:08:00,108.07,0,1
12957,10,8,4017.54,2011-01-04 12:18:00,2011-11-30 09:53:00,502.19,329,0
12962,7,2,266.39,2011-08-18 13:38:00,2011-12-02 15:55:00,133.2,106,0
12963,8,8,1856.63,2010-12-09 09:14:00,2011-12-01 12:55:00,232.08,357,0
12965,89,1,769.8100000000001,2011-09-11 15:31:00,2011-09-11 15:31:00,769.81,0,0
12966,10,1,160.18,2011-11-30 12:38:00,2011-11-30 12:38:00,160.18,0,0
12967,358,2,1660.9,2010-12-03 09:49:00,2010-12-16 19:10:00,830.45,13,1
12968,112,1,135.95,2011-08-19 15:44:00,2011-08-19 15:44:00,135.95,0,1
12970,7,4,405.47,2011-01-21 14:04:00,2011-12-02 14:30:00,101.37,315,0
12971,4,86,11189.91,2010-12-02 16:42:00,2011-12-06 12:20:00,130.12,368,0
12974,198,1,144.8,2011-05-26 09:33:00,2011-05-26 09:33:00,144.8,0,1
12976,212,1,738.6,2011-05-12 09:55:00,2011-05-12 09:55:00,738.6,0,1
12977,156,1,39.239999999999995,2011-07-06 16:40:00,2011-07-06 16:40:00,39.24,0,1
12980,158,9,7374.900000000001,2010-12-16 11:36:00,2011-07-05 09:34:00,819.43,200,1
12981,30,2,372.21999999999997,2011-07-29 14:14:00,2011-11-10 12:00:00,186.11,103,0
12982,243,1,390.54,2011-04-11 11:51:00,2011-04-11 11:51:00,390.54,0,1
12984,19,1,97.5,2011-11-21 12:37:00,2011-11-21 12:37:00,97.5,0,0
12985,1,2,1239.38,2011-11-11 12:44:00,2011-12-09 10:46:00,619.69,27,0
12987,74,2,558.7,2011-05-26 12:00:00,2011-09-27 12:03:00,279.35,124,0
12988,292,1,505.82,2011-02-20 14:31:00,2011-02-20 14:31:00,505.82,0,1
12989,3,15,6924.11,2010-12-10 13:24:00,2011-12-06 15:28:00,461.61,361,0
12990,31,3,409.5,2011-02-02 15:39:00,2011-11-08 13:01:00,136.5,278,0
12991,23,2,503.76,2011-08-19 14:39:00,2011-11-16 15:34:00,251.88,89,0
12993,23,4,414.76,2011-02-14 14:29:00,2011-11-16 15:49:00,103.69,275,0
12994,4,3,974.42,2011-03-16 08:31:00,2011-12-05 15:43:00,324.81,264,0
12995,85,1,211.32,2011-09-15 15:44:00,2011-09-15 15:44:00,211.32,0,0
12997,22,4,1226.89,2011-01-26 15:49:00,2011-11-17 15:47:00,306.72,294,0
12999,196,3,455.88,2011-04-08 10:26:00,2011-05-27 13:24:00,151.96,49,1
13000,107,3,534.85,2010-12-10 10:26:00,2011-08-25 10:43:00,178.28,258,1
13001,4,13,9785.970000000001,2011-01-17 12:45:00,2011-12-05 14:51:00,752.77,322,0
13002,318,1,120.95,2011-01-25 15:18:00,2011-01-25 15:18:00,120.95,0,1
13003,106,3,149.05,2011-05-09 08:23:00,2011-08-26 10:50:00,49.68,109,1
13004,12,18,5655.91,2010-12-17 08:20:00,2011-11-28 11:27:00,314.22,346,0
13005,174,2,513.7,2011-04-07 13:32:00,2011-06-19 10:53:00,256.85,72,1
13006,56,1,81.57,2011-10-14 13:49:00,2011-10-14 13:49:00,81.57,0,0
13008,323,1,229.47,2011-01-20 14:24:00,2011-01-20 14:24:00,229.47,0,1
13011,372,1,50.550000000000004,2010-12-02 17:22:00,2010-12-02 17:22:00,50.55,0,1
13012,9,8,1646.8400000000001,2011-02-18 09:43:00,2011-11-30 13:05:00,205.86,285,0
13013,1,13,4810.9400000000005,2010-12-03 12:28:00,2011-12-08 15:01:00,370.07,370,0
13014,11,10,3466.28,2011-03-03 18:28:00,2011-11-29 12:27:00,346.63,270,0
13015,53,5,3339.64,2011-04-04 14:28:00,2011-10-17 13:19:00,667.93,195,0
13016,73,3,789.89,2011-08-08 15:00:00,2011-09-27 14:08:00,263.3,49,0
13017,7,1,204.0,2011-12-02 15:53:00,2011-12-02 15:53:00,204.0,0,0
13018,16,28,7277.7,2011-02-17 11:05:00,2011-11-23 13:28:00,259.92,279,0
13021,4,9,2616.38,2010-12-16 10:12:00,2011-12-05 16:37:00,290.71,354,0
13023,64,2,689.9,2011-08-02 09:34:00,2011-10-06 16:27:00,344.95,65,0
13026,1,5,975.36,2011-03-09 11:35:00,2011-12-08 16:58:00,195.07,274,0
13027,114,6,6912.0,2010-12-20 12:45:00,2011-08-18 09:39:00,1152.0,240,1
13028,23,2,661.3199999999999,2011-10-25 14:09:00,2011-11-17 11:10:00,330.66,22,0
13029,31,3,1247.5,2010-12-21 13:53:00,2011-11-09 09:13:00,415.83,322,0
13030,11,2,752.44,2010-12-06 14:31:00,2011-11-28 14:30:00,376.22,356,0
13032,52,2,1010.1800000000001,2011-09-13 16:40:00,2011-10-18 15:54:00,505.09,34,0
13033,357,1,190.55,2010-12-17 14:23:00,2010-12-17 14:23:00,190.55,0,1
13034,55,2,642.77,2010-12-05 14:52:00,2011-10-16 12:21:00,321.38,314,0
13035,74,2,921.88,2011-03-24 09:21:00,2011-09-27 08:57:00,460.94,186,0
13037,138,3,881.07,2011-03-28 15:42:00,2011-07-24 15:46:00,293.69,118,1
13038,80,3,908.46,2011-02-22 11:43:00,2011-09-20 14:37:00,302.82,210,0
13040,9,2,676.99,2011-11-06 13:53:00,2011-12-01 10:38:00,338.5,24,0
13043,273,1,516.42,2011-03-11 14:52:00,2011-03-11 14:52:00,516.42,0,1
13044,291,1,560.47,2011-02-21 15:20:00,2011-02-21 15:20:00,560.47,0,1
13045,99,1,305.28000000000003,2011-09-01 15:04:00,2011-09-01 15:04:00,305.28,0,1
13046,31,2,629.31,2011-03-18 15:43:00,2011-11-09 08:36:00,314.65,235,0
13047,32,10,3237.54,2010-12-01 08:34:00,2011-11-08 12:06:00,323.75,342,0
13048,14,4,1819.41,2011-01-16 14:36:00,2011-11-25 13:23:00,454.85,312,0
13049,64,2,656.6800000000001,2011-01-25 16:33:00,2011-10-06 15:31:00,328.34,253,0
13050,15,17,5836.86,2010-12-08 09:30:00,2011-11-25 09:18:00,343.34,351,0
13052,212,1,348.15000000000003,2011-05-11 14:12:00,2011-05-11 14:12:00,348.15,0,1
13055,78,3,1214.41,2011-05-10 08:58:00,2011-09-22 14:26:00,404.8,135,0
13058,25,3,271.40000000000003,2011-07-11 12:01:00,2011-11-15 12:43:00,90.47,127,0
13059,250,1,183.4,2011-04-04 10:40:00,2011-04-04 10:40:00,183.4,0,1
13060,254,1,307.53000000000003,2011-03-31 11:37:00,2011-03-31 11:37:00,307.53,0,1
13061,72,1,248.61,2011-09-28 16:04:00,2011-09-28 16:04:00,248.61,0,0
13062,191,1,346.98,2011-06-01 15:12:00,2011-06-01 15:12:00,346.98,0,1
13064,13,4,1105.59,2011-01-16 13:41:00,2011-11-27 12:31:00,276.4,314,0
13065,373,1,205.86,2010-12-01 16:52:00,2010-12-01 16:52:00,205.86,0,1
13066,24,2,470.8,2011-11-07 17:06:00,2011-11-15 12:57:00,235.4,7,0
13067,82,1,115.46000000000001,2011-09-18 13:38:00,2011-09-18 13:38:00,115.46,0,0
13068,10,2,344.0,2011-01-24 08:20:00,2011-11-29 15:00:00,172.0,309,0
13069,1,24,4431.44,2010-12-05 11:02:00,2011-12-09 08:39:00,184.64,368,0
13070,192,1,228.8,2011-05-31 13:45:00,2011-05-31 13:45:00,228.8,0,1
13072,267,1,177.15,2011-03-18 08:12:00,2011-03-18 08:12:00,177.15,0,1
13075,130,1,919.61,2011-08-02 10:19:00,2011-08-02 10:19:00,919.61,0,1
13077,1,4,728.02,2010-12-08 14:59:00,2011-12-08 19:24:00,182.0,365,0
13078,3,26,12627.94,2010-12-08 09:07:00,2011-12-06 15:36:00,485.69,363,0
13079,4,5,220.10000000000002,2011-07-22 14:41:00,2011-12-05 16:53:00,44.02,136,0
13080,179,1,58.08,2011-06-13 14:59:00,2011-06-13 14:59:00,58.08,0,1
13081,12,11,28337.38,2010-12-03 17:20:00,2011-11-28 10:54:00,2576.13,359,0
13082,126,9,3613.63,2011-01-05 15:42:00,2011-08-05 16:16:00,401.51,212,1
13083,4,2,303.75,2011-09-25 10:46:00,2011-12-05 15:01:00,151.88,71,0
13085,158,2,416.08,2011-02-17 13:57:00,2011-07-05 12:11:00,208.04,137,1
13089,3,97,58762.08,2010-12-05 10:27:00,2011-12-07 09:02:00,605.79,366,0
13090,9,14,8910.82,2010-12-02 07:48:00,2011-12-01 12:39:00,636.49,364,0
13091,28,1,345.82,2011-11-11 15:54:00,2011-11-11 15:54:00,345.82,0,0
13092,71,5,477.83,2010-12-15 12:27:00,2011-09-30 11:18:00,95.57,288,0
13093,276,8,7832.47,2010-12-01 15:00:00,2011-03-09 12:14:00,979.06,97,1
13094,21,12,1927.3200000000002,2010-12-06 10:34:00,2011-11-18 14:07:00,160.61,347,0
13095,71,1,74.39999999999999,2011-09-30 12:03:00,2011-09-30 12:03:00,74.4,0,0
13097,33,10,6003.22,2010-12-14 15:13:00,2011-11-07 10:43:00,600.32,327,0
13098,1,28,28882.44,2011-01-26 13:46:00,2011-12-08 14:14:00,1031.52,316,0
13099,99,1,207.36,2011-09-01 17:40:00,2011-09-01 17:40:00,207.36,0,1
13101,234,1,101.19,2011-04-19 14:37:00,2011-04-19 14:37:00,101.19,0,1
13102,1,24,6424.09,2010-12-09 13:38:00,2011-12-08 12:52:00,267.67,363,0
13103,40,1,243.94,2011-10-31 09:38:00,2011-10-31 09:38:00,243.94,0,0
13104,3,6,1098.48,2010-12-20 11:58:00,2011-12-06 13:10:00,183.08,351,0
13106,133,1,76.5,2011-07-29 15:12:00,2011-07-29 15:12:00,76.5,0,1
13107,44,4,1531.6200000000001,2011-01-10 12:28:00,2011-10-26 14:52:00,382.9,289,0
13108,373,1,350.06,2010-12-02 10:35:00,2010-12-02 10:35:00,350.06,0,1
13109,60,2,786.54,2011-07-05 14:56:00,2011-10-11 10:16:00,393.27,97,0
13110,31,7,1488.67,2011-02-01 15:24:00,2011-11-08 14:30:00,212.67,279,0
13113,1,24,12245.960000000001,2010-12-08 13:21:00,2011-12-09 12:49:00,510.25,365,0
13115,12,4,2294.78,2011-06-08 16:15:00,2011-11-28 12:38:00,573.7,172,0
13116,138,1,501.14,2011-07-24 14:33:00,2011-07-24 14:33:00,501.14,0,1
13117,22,8,984.91,2010-12-02 13:11:00,2011-11-18 12:02:00,123.11,350,0
13118,20,5,1197.81,2011-02-24 12:32:00,2011-11-20 12:46:00,239.56,269,0
13120,239,1,30.6,2011-04-15 10:19:00,2011-04-15 10:19:00,30.6,0,1
13121,269,1,283.73,2011-03-15 16:47:00,2011-03-15 16:47:00,283.73,0,1
13122,94,2,922.39,2011-04-13 14:12:00,2011-09-06 15:53:00,461.2,146,1
13124,90,3,3756.33,2010-12-15 15:00:00,2011-09-11 12:45:00,1252.11,269,0
13126,5,8,2099.64,2010-12-08 11:42:00,2011-12-05 10:00:00,262.46,361,0
13127,78,1,259.17,2011-09-23 10:26:00,2011-09-23 10:26:00,259.17,0,0
13130,94,1,64.0,2011-09-06 15:30:00,2011-09-06 15:30:00,64.0,0,1
13131,23,3,1073.3,2011-06-05 10:54:00,2011-11-16 13:21:00,357.77,164,0
13132,262,1,77.3,2011-03-23 12:44:00,2011-03-23 12:44:00,77.3,0,1
13133,274,2,109.8,2011-02-08 15:48:00,2011-03-11 10:31:00,54.9,30,1
13134,86,4,1793.58,2011-04-13 12:57:00,2011-09-15 10:35:00,448.4,154,0
13135,197,1,3096.0,2011-05-27 10:52:00,2011-05-27 10:52:00,3096.0,0,1
13136,56,5,2607.61,2011-05-11 12:47:00,2011-10-14 13:41:00,521.52,156,0
13137,11,8,3603.29,2011-02-04 11:54:00,2011-11-29 12:09:00,450.41,298,0
13138,22,6,962.39,2010-12-02 15:03:00,2011-11-17 16:51:00,160.4,350,0
13139,16,7,5064.9400000000005,2011-03-25 11:57:00,2011-11-23 13:54:00,723.56,243,0
13140,108,3,422.47,2010-12-08 15:12:00,2011-08-23 15:33:00,140.82,258,1
13141,85,5,2388.75,2011-01-28 13:04:00,2011-09-16 09:54:00,477.75,230,0
13142,19,1,307.09000000000003,2011-11-20 16:07:00,2011-11-20 16:07:00,307.09,0,0
13144,333,1,110.95,2011-01-11 11:15:00,2011-01-11 11:15:00,110.95,0,1
13145,40,4,618.52,2010-12-02 18:06:00,2011-10-31 12:45:00,154.63,332,0
13146,26,1,228.91,2011-11-13 15:29:00,2011-11-13 15:29:00,228.91,0,0
13147,10,4,712.8,2011-09-01 12:28:00,2011-11-29 13:59:00,178.2,89,0
13148,29,12,3683.26,2010-12-10 13:06:00,2011-11-10 15:23:00,306.94,335,0
13149,14,4,1676.06,2011-02-23 13:57:00,2011-11-25 13:09:00,419.02,274,0
13151,296,1,1257.8700000000001,2011-02-17 12:29:00,2011-02-17 12:29:00,1257.87,0,1
13153,6,1,486.22,2011-12-04 12:14:00,2011-12-04 12:14:00,486.22,0,0
13155,33,4,971.76,2010-12-06 12:44:00,2011-11-06 15:41:00,242.94,335,0
13157,49,4,1741.22,2011-02-14 14:03:00,2011-10-21 13:50:00,435.3,248,0
13158,95,4,1201.06,2011-01-25 09:58:00,2011-09-06 11:58:00,300.26,224,1
13159,9,4,1429.35,2011-08-16 11:44:00,2011-12-01 11:20:00,357.34,106,0
13160,22,1,91.8,2011-11-17 13:07:00,2011-11-17 13:07:00,91.8,0,0
13161,313,1,112.75,2011-01-30 14:03:00,2011-01-30 14:03:00,112.75,0,1
13162,122,4,1688.29,2011-01-09 10:43:00,2011-08-09 15:59:00,422.07,212,1
13165,46,2,1021.48,2010-12-23 14:06:00,2011-10-24 15:05:00,510.74,305,0
13166,283,1,417.2,2011-03-01 15:16:00,2011-03-01 15:16:00,417.2,0,1
13167,19,4,791.33,2011-07-19 12:13:00,2011-11-21 12:24:00,197.83,125,0
13168,36,4,1299.59,2011-01-25 13:55:00,2011-11-03 12:56:00,324.9,281,0
13169,64,2,712.88,2011-04-01 14:24:00,2011-10-07 12:11:00,356.44,188,0
13170,27,1,108.81,2011-11-13 12:19:00,2011-11-13 12:19:00,108.81,0,0
13171,22,3,468.41,2011-02-13 14:16:00,2011-11-18 10:27:00,156.14,277,0
13173,4,2,353.65000000000003,2010-12-07 14:30:00,2011-12-05 15:51:00,176.82,363,0
13174,16,3,2742.82,2010-12-05 16:24:00,2011-11-23 14:35:00,914.27,352,0
13176,46,1,481.49,2011-10-24 15:43:00,2011-10-24 15:43:00,481.49,0,0
13177,65,1,282.45,2011-10-06 09:56:00,2011-10-06 09:56:00,282.45,0,0
13178,26,11,5725.47,2010-12-14 12:22:00,2011-11-13 16:14:00,520.5,334,0
13182,45,1,121.18,2011-10-25 13:46:00,2011-10-25 13:46:00,121.18,0,0
13183,8,9,3957.78,2011-01-09 10:50:00,2011-12-02 10:30:00,439.75,326,0
13184,15,10,1668.95,2011-02-22 17:25:00,2011-11-25 12:02:00,166.9,275,0
13185,268,1,71.4,2011-03-17 11:56:00,2011-03-17 11:56:00,71.4,0,1
13186,40,3,1575.89,2011-08-03 09:09:00,2011-10-31 11:40:00,525.3,89,0
13187,337,1,236.02,2011-01-06 18:57:00,2011-01-06 18:57:00,236.02,0,1
13188,11,1,114.6,2011-11-28 15:28:00,2011-11-28 15:28:00,114.6,0,0
13189,19,2,260.68,2011-08-16 13:12:00,2011-11-21 10:39:00,130.34,96,0
13192,95,2,911.94,2011-05-18 14:57:00,2011-09-05 14:13:00,455.97,109,1
13193,61,1,112.08,2011-10-09 14:30:00,2011-10-09 14:30:00,112.08,0,0
13194,136,1,60.7,2011-07-27 09:01:00,2011-07-27 09:01:00,60.7,0,1
13196,11,4,1797.78,2011-03-22 14:24:00,2011-11-28 13:54:00,449.44,250,0
13198,10,6,3401.2400000000002,2010-12-13 09:29:00,2011-11-29 15:17:00,566.87,351,0
13199,4,38,9817.12,2010-12-08 10:51:00,2011-12-06 12:30:00,258.35,363,0
13200,19,4,870.09,2011-08-05 14:50:00,2011-11-20 15:35:00,217.52,107,0
13203,10,4,869.46,2011-04-11 14:40:00,2011-11-30 10:45:00,217.36,232,0
13207,15,2,250.26000000000002,2011-07-12 11:35:00,2011-11-24 14:52:00,125.13,135,0
13208,59,6,1217.65,2011-02-03 19:32:00,2011-10-12 09:54:00,202.94,250,0
13209,30,8,5891.61,2010-12-13 10:31:00,2011-11-09 13:54:00,736.45,331,0
13210,94,1,353.48,2011-09-07 08:18:00,2011-09-07 08:18:00,353.48,0,1
13211,10,3,1095.42,2010-12-13 16:17:00,2011-11-29 14:43:00,365.14,350,0
13212,20,3,786.83,2011-10-09 14:48:00,2011-11-20 12:40:00,262.28,41,0
13213,57,5,1520.58,2011-05-24 12:22:00,2011-10-14 11:42:00,304.12,142,0
13216,268,1,333.74,2011-03-17 12:18:00,2011-03-17 12:18:00,333.74,0,1
13217,122,3,533.98,2011-07-06 12:08:00,2011-08-09 15:32:00,177.99,34,1
13218,127,1,62.64,2011-08-04 16:59:00,2011-08-04 16:59:00,62.64,0,1
13220,78,4,819.2900000000001,2011-04-17 10:59:00,2011-09-22 13:38:00,204.82,158,0
13221,240,2,847.41,2010-12-15 13:24:00,2011-04-13 16:58:00,423.7,119,1
13223,200,2,163.2,2011-04-21 15:16:00,2011-05-23 13:03:00,81.6,31,1
13224,60,2,2155.95,2011-07-11 14:10:00,2011-10-10 14:55:00,1077.97,91,0
13225,3,7,6463.84,2010-12-13 09:49:00,2011-12-06 13:29:00,923.41,358,0
13226,273,1,108.21000000000001,2011-03-11 14:35:00,2011-03-11 14:35:00,108.21,0,1
13227,202,1,257.7,2011-05-22 11:47:00,2011-05-22 11:47:00,257.7,0,1
13228,81,1,358.0,2011-09-19 14:28:00,2011-09-19 14:28:00,358.0,0,0
13229,226,1,160.95,2011-04-28 12:07:00,2011-04-28 12:07:00,160.95,0,1
13230,4,14,2755.63,2010-12-09 19:28:00,2011-12-05 16:03:00,196.83,360,0
13232,13,7,1328.35,2011-04-10 13:48:00,2011-11-27 10:39:00,189.76,230,0
13233,74,2,605.12,2011-01-07 14:49:00,2011-09-26 13:25:00,302.56,261,0
13235,212,1,1031.07,2011-05-11 17:13:00,2011-05-11 17:13:00,1031.07,0,1
13236,24,2,744.85,2011-08-25 08:58:00,2011-11-15 12:50:00,372.42,82,0
13238,17,4,700.73,2010-12-14 14:37:00,2011-11-22 15:37:00,175.18,343,0
13239,262,1,329.56,2011-03-23 10:25:00,2011-03-23 10:25:00,329.56,0,1
13240,96,4,663.65,2010-12-09 12:49:00,2011-09-04 14:08:00,165.91,269,1
13242,112,3,270.40000000000003,2011-05-10 12:26:00,2011-08-19 12:53:00,90.13,101,1
13243,203,1,585.12,2011-05-20 13:14:00,2011-05-20 13:14:00,585.12,0,1
13244,93,1,121.74000000000001,2011-09-08 11:46:00,2011-09-08 11:46:00,121.74,0,1
13245,51,1,430.5,2011-10-20 11:40:00,2011-10-20 11:40:00,430.5,0,0
13246,18,6,1961.52,2011-01-13 13:36:00,2011-11-21 16:50:00,326.92,312,0
13247,18,4,501.12,2011-09-18 11:31:00,2011-11-22 10:59:00,125.28,64,0
13248,125,2,465.68,2011-06-03 13:05:00,2011-08-07 12:40:00,232.84,64,1
13249,92,3,711.41,2011-03-23 15:26:00,2011-09-08 13:26:00,237.14,168,1
13253,157,2,1030.4,2011-01-04 15:43:00,2011-07-06 10:09:00,515.2,182,1
13255,9,2,399.51,2010-12-01 11:58:00,2011-11-30 13:14:00,199.76,364,0
13256,14,1,0.0,2011-11-25 15:57:00,2011-11-25 15:57:00,0.0,0,0
13258,12,3,672.83,2011-05-18 13:11:00,2011-11-28 09:31:00,224.28,193,0
13259,62,1,283.18,2011-10-09 10:48:00,2011-10-09 10:48:00,283.18,0,0
13260,61,1,557.62,2011-10-09 13:21:00,2011-10-09 13:21:00,557.62,0,0
13261,269,2,944.1,2011-02-27 10:41:00,2011-03-16 12:22:00,472.05,17,1
13262,263,1,200.29,2011-03-21 15:06:00,2011-03-21 15:06:00,200.29,0,1
13263,1,35,7436.93,2011-01-18 16:31:00,2011-12-08 13:59:00,212.48,323,0
13265,53,5,2092.66,2011-03-11 09:54:00,2011-10-17 15:02:00,418.53,220,0
13266,11,12,3834.2599999999998,2011-03-28 10:14:00,2011-11-28 14:39:00,319.52,245,0
13267,3,19,4521.49,2010-12-08 09:20:00,2011-12-07 11:12:00,237.97,364,0
13268,18,11,3174.75,2011-03-17 13:20:00,2011-11-22 11:51:00,288.61,249,0
13269,1,15,5343.28,2010-12-05 11:51:00,2011-12-08 14:53:00,356.22,368,0
13270,366,1,590.0,2010-12-08 14:53:00,2010-12-08 14:53:00,590.0,0,1
13271,37,1,211.49,2011-11-02 14:31:00,2011-11-02 14:31:00,211.49,0,0
13272,31,2,276.56,2011-09-11 12:06:00,2011-11-08 14:00:00,138.28,58,0
13273,113,1,138.98,2011-08-18 14:02:00,2011-08-18 14:02:00,138.98,0,1
13276,64,2,590.9300000000001,2011-09-01 10:03:00,2011-10-07 12:44:00,295.47,36,0
13277,16,4,258.4,2011-07-29 10:06:00,2011-11-24 09:21:00,64.6,117,0
13278,41,1,542.73,2011-10-30 11:49:00,2011-10-30 11:49:00,542.73,0,0
13279,78,1,137.75,2011-09-22 17:24:00,2011-09-22 17:24:00,137.75,0,0
13280,122,3,798.46,2011-01-06 17:10:00,2011-08-09 13:14:00,266.15,214,1
13282,18,3,1132.14,2011-05-03 12:03:00,2011-11-21 15:33:00,377.38,202,0
13283,60,2,93.66,2011-06-07 12:39:00,2011-10-11 09:50:00,46.83,125,0
13284,331,1,201.19,2011-01-13 09:23:00,2011-01-13 09:23:00,201.19,0,1
13285,23,4,2709.12,2011-02-22 17:13:00,2011-11-16 13:19:00,677.28,266,0
13291,156,1,361.11,2011-07-07 10:36:00,2011-07-07 10:36:00,361.11,0,1
13292,39,2,578.94,2011-02-28 15:00:00,2011-11-01 10:04:00,289.47,245,0
13294,190,2,873.74,2011-04-04 12:37:00,2011-06-03 08:54:00,436.87,59,1
13295,360,1,201.20000000000002,2010-12-15 11:21:00,2010-12-15 11:21:00,201.2,0,1
13296,137,1,87.4,2011-07-25 13:46:00,2011-07-25 13:46:00,87.4,0,1
13297,8,4,2089.85,2011-10-03 15:08:00,2011-12-02 09:32:00,522.46,59,0
13298,1,1,360.0,2011-12-08 13:11:00,2011-12-08 13:11:00,360.0,0,0
13299,268,1,142.5,2011-03-16 12:55:00,2011-03-16 12:55:00,142.5,0,1
13300,169,1,371.89,2011-06-23 13:09:00,2011-06-23 13:09:00,371.89,0,1
13301,104,4,618.09,2011-02-20 13:13:00,2011-08-28 11:25:00,154.52,188,1
13302,155,1,63.75,2011-07-07 17:56:00,2011-07-07 17:56:00,63.75,0,1
13304,351,1,300.42,2010-12-23 14:35:00,2010-12-23 14:35:00,300.42,0,1
13305,4,10,2000.86,2010-12-02 12:10:00,2011-12-05 15:15:00,200.09,368,0
13307,120,1,15.0,2011-08-11 17:14:00,2011-08-11 17:14:00,15.0,0,1
13308,23,3,1385.51,2011-05-20 13:13:00,2011-11-17 09:31:00,461.84,180,0
13309,7,5,1456.79,2011-02-04 12:29:00,2011-12-02 16:34:00,291.36,301,0
13310,28,3,1132.03,2011-01-19 14:50:00,2011-11-11 17:23:00,377.34,296,0
13311,4,2,598.57,2011-07-12 14:26:00,2011-12-05 12:55:00,299.29,145,0
13313,22,5,1555.3200000000002,2011-01-04 10:00:00,2011-11-17 16:48:00,311.06,317,0
13314,2,3,775.94,2011-09-27 10:20:00,2011-12-08 12:29:00,258.65,72,0
13316,37,4,5732.93,2011-03-30 13:01:00,2011-11-02 13:40:00,1433.23,217,0
13317,66,6,2273.68,2010-12-16 09:22:00,2011-10-04 13:35:00,378.95,292,0
13318,1,3,640.76,2011-11-02 13:26:00,2011-12-08 18:51:00,213.59,36,0
13319,5,26,10845.550000000001,2010-12-09 10:04:00,2011-12-04 13:34:00,417.14,360,0
13320,78,4,1532.2,2011-05-10 10:29:00,2011-09-22 18:07:00,383.05,135,0
13321,72,2,567.36,2011-09-14 15:18:00,2011-09-28 15:24:00,283.68,14,0
13322,17,1,199.48000000000002,2011-11-22 14:21:00,2011-11-22 14:21:00,199.48,0,0
13323,3,5,787.85,2011-09-16 13:23:00,2011-12-06 17:12:00,157.57,81,0
13324,36,10,7121.95,2010-12-14 09:50:00,2011-11-03 16:28:00,712.2,324,0
13325,82,1,675.3,2011-09-19 10:36:00,2011-09-19 10:36:00,675.3,0,0
13327,39,8,3627.77,2010-12-09 15:32:00,2011-11-01 10:21:00,453.47,326,0
13328,316,1,1308.48,2011-01-27 15:22:00,2011-01-27 15:22:00,1308.48,0,1
13329,32,2,789.0,2010-12-08 10:11:00,2011-11-08 10:29:00,394.5,335,0
13330,93,3,1140.93,2011-01-28 10:08:00,2011-09-08 12:27:00,380.31,223,1
13332,14,1,350.90000000000003,2011-11-25 13:30:00,2011-11-25 13:30:00,350.9,0,0
13334,82,3,3502.32,2011-02-07 11:42:00,2011-09-18 15:21:00,1167.44,223,0
13336,77,1,795.12,2011-09-23 14:05:00,2011-09-23 14:05:00,795.12,0,0
13338,158,1,487.02,2011-07-05 09:06:00,2011-07-05 09:06:00,487.02,0,1
13339,201,1,860.12,2011-05-23 08:31:00,2011-05-23 08:31:00,860.12,0,1
13340,45,7,10736.48,2011-03-08 11:39:00,2011-10-25 13:15:00,1533.78,231,0
13341,261,1,775.85,2011-03-24 09:50:00,2011-03-24 09:50:00,775.85,0,1
13343,178,1,353.43,2011-06-15 12:24:00,2011-06-15 12:24:00,353.43,0,1
13344,68,3,2511.69,2011-03-07 10:28:00,2011-10-03 09:45:00,837.23,209,0
13345,288,1,389.5,2011-02-25 09:01:00,2011-02-25 09:01:00,389.5,0,1
13347,70,1,341.36,2011-09-30 13:28:00,2011-09-30 13:28:00,341.36,0,0
13348,64,1,233.76000000000002,2011-10-06 17:28:00,2011-10-06 17:28:00,233.76,0,0
13349,11,1,247.32,2011-11-29 08:07:00,2011-11-29 08:07:00,247.32,0,0
13350,16,2,979.12,2011-09-21 13:33:00,2011-11-23 16:33:00,489.56,63,0
13351,66,1,373.94,2011-10-04 12:55:00,2011-10-04 12:55:00,373.94,0,0
13352,60,1,397.98,2011-10-10 13:55:00,2011-10-10 13:55:00,397.98,0,0
13354,71,1,743.53,2011-09-29 13:17:00,2011-09-29 13:17:00,743.53,0,0
13355,122,1,674.7,2011-08-09 14:48:00,2011-08-09 14:48:00,674.7,0,1
13356,80,1,768.24,2011-09-20 14:33:00,2011-09-20 14:33:00,768.24,0,0
13357,257,1,609.4,2011-03-27 13:56:00,2011-03-27 13:56:00,609.4,0,1
13358,269,1,439.03000000000003,2011-03-16 11:52:00,2011-03-16 11:52:00,439.03,0,1
13359,64,1,439.56,2011-10-07 09:30:00,2011-10-07 09:30:00,439.56,0,0
13362,9,4,3090.7400000000002,2011-02-25 11:33:00,2011-11-30 14:41:00,772.68,278,0
13363,18,2,992.5,2011-10-27 10:46:00,2011-11-22 12:40:00,496.25,26,0
13364,71,1,134.96,2011-09-29 18:13:00,2011-09-29 18:13:00,134.96,0,0
13365,34,2,2225.37,2011-05-06 12:00:00,2011-11-06 12:36:00,1112.68,184,0
13366,50,1,56.16,2011-10-20 13:37:00,2011-10-20 13:37:00,56.16,0,0
13368,257,2,623.4,2011-01-06 12:32:00,2011-03-28 09:59:00,311.7,80,1
13369,366,1,308.28000000000003,2010-12-09 11:30:00,2010-12-09 11:30:00,308.28,0,1
13370,372,1,754.87,2010-12-03 10:26:00,2010-12-03 10:26:00,754.87,0,1
13372,90,1,378.64,2011-09-11 12:46:00,2011-09-11 12:46:00,378.64,0,0
13373,61,3,3312.25,2011-03-08 14:35:00,2011-10-10 10:51:00,1104.08,215,0
13375,89,1,778.65,2011-09-12 10:19:00,2011-09-12 10:19:00,778.65,0,0
13376,99,3,1019.76,2011-04-19 13:03:00,2011-09-01 16:16:00,339.92,135,1
13379,26,3,572.56,2011-07-26 12:26:00,2011-11-13 13:45:00,190.85,110,0
13381,32,6,3639.31,2011-02-14 10:10:00,2011-11-08 11:58:00,606.55,267,0
13382,281,1,222.99,2011-03-04 10:03:00,2011-03-04 10:03:00,222.99,0,1
13384,31,7,4151.93,2011-06-14 12:47:00,2011-11-09 11:04:00,593.13,147,0
13385,330,1,534.57,2011-01-14 09:52:00,2011-01-14 09:52:00,534.57,0,1
13388,131,2,677.1,2011-07-31 12:52:00,2011-07-31 12:52:00,338.55,0,1
13389,11,3,797.96,2011-04-21 12:12:00,2011-11-28 14:01:00,265.99,221,0
13390,75,1,544.08,2011-09-26 08:38:00,2011-09-26 08:38:00,544.08,0,0
13391,204,1,59.8,2011-05-20 10:50:00,2011-05-20 10:50:00,59.8,0,1
13394,2,8,2520.02,2011-02-03 10:39:00,2011-12-08 11:36:00,315.0,308,0
13395,185,1,307.72,2011-06-07 15:04:00,2011-06-07 15:04:00,307.72,0,1
13396,29,2,1360.99,2011-01-24 13:37:00,2011-11-10 16:59:00,680.5,290,0
13397,73,5,1544.13,2011-01-04 13:50:00,2011-09-28 10:56:00,308.83,266,0
13398,192,1,457.34000000000003,2011-05-31 13:17:00,2011-05-31 13:17:00,457.34,0,1
13402,127,2,621.23,2010-12-02 17:12:00,2011-08-04 15:51:00,310.62,244,1
13403,18,1,75.0,2011-11-22 08:28:00,2011-11-22 08:28:00,75.0,0,0
13404,1,2,252.49,2011-05-11 11:57:00,2011-12-08 15:37:00,126.24,211,0
13405,74,3,572.451,2011-01-26 09:27:00,2011-09-26 17:01:00,190.82,243,0
13408,2,62,28117.04,2010-12-01 10:39:00,2011-12-08 09:05:00,453.5,371,0
13410,24,5,1003.06,2011-02-21 14:38:00,2011-11-15 15:33:00,200.61,267,0
13411,107,1,213.55,2011-08-24 13:57:00,2011-08-24 13:57:00,213.55,0,1
13414,134,3,1390.5,2011-02-16 12:13:00,2011-07-29 11:45:00,463.5,162,1
13416,44,2,712.5,2011-09-19 14:43:00,2011-10-27 08:56:00,356.25,37,0
13417,5,2,640.83,2011-05-18 16:26:00,2011-12-05 08:49:00,320.42,200,0
13418,12,18,6127.43,2010-12-02 10:45:00,2011-11-28 10:23:00,340.41,360,0
13419,64,1,221.06,2011-10-07 12:49:00,2011-10-07 12:49:00,221.06,0,0
13420,150,2,159.85,2011-06-22 11:35:00,2011-07-13 08:48:00,79.92,20,1
13421,40,2,1833.71,2011-02-22 15:46:00,2011-10-30 14:21:00,916.86,249,0
13422,64,1,2626.3,2011-10-06 13:42:00,2011-10-06 13:42:00,2626.3,0,0
13425,108,3,1624.21,2011-02-18 08:34:00,2011-08-23 17:13:00,541.4,186,1
13426,1,10,3641.32,2010-12-15 12:43:00,2011-12-09 08:59:00,364.13,358,0
13427,19,3,582.6,2011-05-08 15:58:00,2011-11-20 13:02:00,194.2,195,0
13428,10,1,201.78,2011-11-29 14:20:00,2011-11-29 14:20:00,201.78,0,0
13429,11,4,1006.8,2011-09-25 15:59:00,2011-11-29 09:10:00,251.7,64,0
13430,19,2,679.45,2011-09-14 14:26:00,2011-11-21 08:19:00,339.72,67,0
13431,67,2,1269.1,2011-09-12 11:25:00,2011-10-03 13:49:00,634.55,21,0
13434,74,2,534.24,2011-09-04 10:35:00,2011-09-26 14:30:00,267.12,22,0
13435,5,7,3809.89,2011-06-03 17:07:00,2011-12-04 14:45:00,544.27,183,0
13436,2,1,196.89,2011-12-08 10:33:00,2011-12-08 10:33:00,196.89,0,0
13437,14,7,3408.06,2011-06-02 14:30:00,2011-11-25 14:00:00,486.87,175,0
13439,255,1,283.71,2011-03-29 14:20:00,2011-03-29 14:20:00,283.71,0,1
13441,92,1,296.64,2011-09-09 09:38:00,2011-09-09 09:38:00,296.64,0,1
13447,23,3,1129.14,2011-11-04 10:10:00,2011-11-16 13:38:00,376.38,12,0
13448,17,6,3534.69,2010-12-01 10:52:00,2011-11-23 12:33:00,589.12,357,0
13449,24,1,291.88,2011-11-16 08:28:00,2011-11-16 08:28:00,291.88,0,0
13450,27,6,2043.72,2011-05-05 19:48:00,2011-11-13 11:54:00,340.62,191,0
13451,26,5,2898.2599999999998,2011-01-09 15:35:00,2011-11-13 15:58:00,579.65,308,0
13452,259,2,590.0,2011-03-14 11:38:00,2011-03-25 14:19:00,295.0,11,1
13453,166,2,356.98,2011-02-23 09:44:00,2011-06-27 09:34:00,178.49,123,1
13455,25,2,1058.34,2010-12-08 13:11:00,2011-11-15 11:21:00,529.17,341,0
13456,18,6,1766.72,2011-05-16 15:34:00,2011-11-22 09:18:00,294.45,189,0
13458,7,14,9646.57,2010-12-15 12:05:00,2011-12-02 15:29:00,689.04,352,0
13460,29,2,183.44,2011-10-21 09:50:00,2011-11-10 17:17:00,91.72,20,0
13461,39,3,1445.0,2011-06-29 10:23:00,2011-11-01 09:01:00,481.67,124,0
13462,253,1,151.5,2011-04-01 11:20:00,2011-04-01 11:20:00,151.5,0,1
13464,58,1,674.68,2011-10-12 15:01:00,2011-10-12 15:01:00,674.68,0,0
13466,184,1,307.90000000000003,2011-06-08 16:39:00,2011-06-08 16:39:00,307.9,0,1
13467,11,2,1071.91,2011-11-03 16:56:00,2011-11-29 10:01:00,535.96,25,0
13468,2,37,5704.97,2010-12-01 15:08:00,2011-12-08 10:39:00,154.19,371,0
13470,99,2,165.0,2011-08-16 17:06:00,2011-09-01 14:57:00,82.5,15,1
13471,1,4,2501.84,2011-10-23 13:10:00,2011-12-08 15:44:00,625.46,46,0
13473,61,2,422.64,2011-01-11 08:45:00,2011-10-10 11:20:00,211.32,272,0
13474,236,1,226.84,2011-04-17 13:53:00,2011-04-17 13:53:00,226.84,0,1
13475,191,4,1431.78,2011-02-14 12:36:00,2011-06-01 13:52:00,357.94,107,1
13476,179,2,1238.47,2011-03-03 14:43:00,2011-06-14 12:00:00,619.24,102,1
13477,38,6,1454.58,2011-02-21 12:29:00,2011-11-02 12:04:00,242.43,253,0
13479,201,2,300.95,2011-04-19 11:27:00,2011-05-23 10:45:00,150.48,33,1
13481,46,5,1804.56,2011-03-28 09:07:00,2011-10-25 09:07:00,360.91,211,0
13482,232,1,184.64000000000001,2011-04-21 17:03:00,2011-04-21 17:03:00,184.64,0,1
13483,66,1,140.34,2011-10-05 11:53:00,2011-10-05 11:53:00,140.34,0,0
13484,241,1,313.8,2011-04-12 16:30:00,2011-04-12 16:30:00,313.8,0,1
13485,233,1,454.24,2011-04-20 13:58:00,2011-04-20 13:58:00,454.24,0,1
13486,78,3,1122.41,2011-07-07 17:19:00,2011-09-22 13:13:00,374.14,76,0
13487,58,3,575.4,2010-12-21 14:54:00,2011-10-13 12:07:00,191.8,295,0
13488,17,13,8968.31,2010-12-07 13:01:00,2011-11-22 14:41:00,689.87,350,0
13489,105,4,449.52,2011-02-18 10:42:00,2011-08-26 13:16:00,112.38,189,1
13491,52,10,1215.82,2010-12-02 14:30:00,2011-10-19 08:32:00,121.58,320,0
13494,312,1,316.26000000000005,2011-02-01 11:58:00,2011-02-01 11:58:00,316.26,0,1
13495,8,5,2044.8700000000001,2010-12-06 15:14:00,2011-12-02 11:21:00,408.97,360,0
13496,11,2,653.33,2010-12-15 10:17:00,2011-11-29 10:58:00,326.67,349,0
13497,283,2,348.05,2010-12-06 11:37:00,2011-03-02 09:04:00,174.02,85,1
13499,18,5,1159.1100000000001,2011-03-15 08:52:00,2011-11-22 11:21:00,231.82,252,0
13500,23,3,1166.77,2011-08-09 12:20:00,2011-11-16 15:35:00,388.92,99,0
13502,17,3,292.0,2011-01-20 09:03:00,2011-11-23 10:39:00,97.33,307,0
13503,71,1,216.85,2011-09-29 13:23:00,2011-09-29 13:23:00,216.85,0,0
13504,64,1,295.93,2011-10-06 13:20:00,2011-10-06 13:20:00,295.93,0,0
13506,316,2,458.52,2010-12-05 12:15:00,2011-01-27 13:53:00,229.26,53,1
13507,3,4,2479.16,2011-07-17 11:50:00,2011-12-06 13:13:00,619.79,142,0
13508,244,1,110.97,2011-04-10 11:58:00,2011-04-10 11:58:00,110.97,0,1
13509,9,7,979.72,2011-02-28 13:27:00,2011-12-01 10:10:00,139.96,275,0
13510,1,4,1791.56,2011-06-09 09:32:00,2011-12-08 13:46:00,447.89,182,0
13512,261,1,251.21,2011-03-24 10:03:00,2011-03-24 10:03:00,251.21,0,1
13513,127,1,205.1,2011-08-05 11:50:00,2011-08-05 11:50:00,205.1,0,1
13514,74,1,152.20000000000002,2011-09-27 09:39:00,2011-09-27 09:39:00,152.2,0,0
13515,73,4,891.12,2011-04-06 10:33:00,2011-09-28 11:26:00,222.78,175,0
13516,21,3,1389.41,2011-04-15 11:06:00,2011-11-18 13:15:00,463.14,217,0
13517,60,3,2128.42,2011-06-13 08:44:00,2011-10-11 11:43:00,709.47,120,0
13518,86,1,627.16,2011-09-15 10:29:00,2011-09-15 10:29:00,627.16,0,0
13519,78,1,122.75,2011-09-22 18:24:00,2011-09-22 18:24:00,122.75,0,0
13521,1,3,1071.73,2011-11-29 15:09:00,2011-12-08 13:50:00,357.24,8,0
13522,30,1,125.80000000000001,2011-11-09 15:11:00,2011-11-09 15:11:00,125.8,0,0
13523,33,5,3964.88,2010-12-08 14:22:00,2011-11-06 15:11:00,792.98,333,0
13524,41,5,680.1800000000001,2011-05-04 12:26:00,2011-10-30 12:34:00,136.04,179,0
13525,15,2,628.78,2011-04-05 15:36:00,2011-11-25 12:01:00,314.39,233,0
13527,34,7,2242.36,2011-01-17 11:17:00,2011-11-06 12:04:00,320.34,293,0
13529,79,2,307.76,2011-05-19 11:50:00,2011-09-22 09:15:00,153.88,125,0
13531,205,2,483.8,2010-12-08 15:03:00,2011-05-18 16:56:00,241.9,161,1
13532,34,1,210.31,2011-11-06 12:25:00,2011-11-06 12:25:00,210.31,0,0
13533,183,3,269.09,2011-03-17 12:47:00,2011-06-10 11:54:00,89.7,84,1
13534,2,25,5870.08,2010-12-16 15:23:00,2011-12-07 14:52:00,234.8,355,0
13536,1,7,3444.39,2011-09-25 13:30:00,2011-12-08 16:38:00,492.06,74,0
13538,43,7,1280.85,2011-01-28 10:40:00,2011-10-27 16:34:00,182.98,272,0
13539,86,3,631.34,2011-02-03 15:23:00,2011-09-15 10:18:00,210.45,223,0
13544,40,2,276.06,2011-04-13 12:09:00,2011-10-31 11:57:00,138.03,200,0
13546,12,3,621.09,2011-05-23 12:14:00,2011-11-27 14:50:00,207.03,188,0
13548,96,2,678.16,2011-04-10 11:35:00,2011-09-04 14:50:00,339.08,147,1
13549,26,7,918.2,2011-04-11 13:42:00,2011-11-14 09:20:00,131.17,216,0
13551,319,1,91.80000000000001,2011-01-24 14:46:00,2011-01-24 14:46:00,91.8,0,1
13552,66,12,3740.07,2011-01-28 10:10:00,2011-10-04 15:19:00,311.67,249,0
13555,74,4,4098.88,2011-05-22 11:06:00,2011-09-27 12:36:00,1024.72,128,0
13557,28,2,584.0600000000001,2011-03-04 12:14:00,2011-11-11 15:24:00,292.03,252,0
13558,6,4,594.52,2011-10-02 13:01:00,2011-12-04 11:24:00,148.63,62,0
13560,7,1,171.42000000000002,2011-12-02 13:11:00,2011-12-02 13:11:00,171.42,0,0
13561,216,1,141.85999999999999,2011-05-08 12:39:00,2011-05-08 12:39:00,141.86,0,1
13562,82,3,1799.3300000000002,2011-04-08 12:42:00,2011-09-19 10:51:00,599.78,163,0
13563,84,2,777.53,2011-07-22 17:21:00,2011-09-16 14:45:00,388.76,55,0
13564,144,3,1724.67,2010-12-06 17:26:00,2011-07-18 14:33:00,574.89,223,1
13565,19,2,240.22,2011-01-09 14:28:00,2011-11-20 14:33:00,120.11,315,0
13566,41,2,856.84,2011-09-18 12:40:00,2011-10-30 11:59:00,428.42,41,0
13568,173,1,187.05,2011-06-19 14:42:00,2011-06-19 14:42:00,187.05,0,1
13569,17,2,338.62,2010-12-07 12:29:00,2011-11-22 13:07:00,169.31,350,0
13570,243,1,239.49,2011-04-10 13:36:00,2011-04-10 13:36:00,239.49,0,1
13571,13,12,2088.94,2011-03-31 12:43:00,2011-11-27 10:47:00,174.08,240,0
13572,206,1,1384.25,2011-05-18 11:59:00,2011-05-18 11:59:00,1384.25,0,1
13573,50,2,290.25,2011-03-31 14:47:00,2011-10-20 14:33:00,145.12,202,0
13575,23,5,732.07,2011-06-16 14:24:00,2011-11-16 13:14:00,146.41,152,0
13576,10,18,6717.34,2010-12-01 17:24:00,2011-11-29 15:34:00,373.19,362,0
13577,25,4,1687.6000000000001,2011-04-12 10:33:00,2011-11-14 15:19:00,421.9,216,0
13579,15,2,467.04,2010-12-05 16:10:00,2011-11-25 08:41:00,233.52,354,0
13581,309,1,118.0,2011-02-03 14:41:00,2011-02-03 14:41:00,118.0,0,1
13583,156,1,781.03,2011-07-07 10:40:00,2011-07-07 10:40:00,781.03,0,1
13584,307,1,142.4,2011-02-06 12:49:00,2011-02-06 12:49:00,142.4,0,1
13587,64,1,712.4,2011-10-07 12:31:00,2011-10-07 12:31:00,712.4,0,0
13588,16,9,2478.95,2011-03-29 15:53:00,2011-11-24 10:42:00,275.44,239,0
13589,15,2,379.65,2011-06-13 12:44:00,2011-11-25 12:10:00,189.82,164,0
13590,11,6,1981.92,2011-02-09 13:25:00,2011-11-28 12:54:00,330.32,291,0
13591,65,3,1117.13,2011-03-18 12:18:00,2011-10-06 12:26:00,372.38,202,0
13592,36,4,247.95999999999998,2011-03-20 14:01:00,2011-11-04 09:49:00,61.99,228,0
13593,108,5,2011.88,2011-01-07 16:32:00,2011-08-23 13:35:00,402.38,227,1
13594,53,1,396.97,2011-10-18 10:19:00,2011-10-18 10:19:00,396.97,0,0
13596,6,2,664.11,2011-11-27 11:57:00,2011-12-04 12:01:00,332.06,7,0
13598,47,1,160.04,2011-10-23 14:28:00,2011-10-23 14:28:00,160.04,0,0
13599,1,21,5149.92,2010-12-08 10:11:00,2011-12-08 16:10:00,245.23,365,0
13600,312,1,219.52,2011-01-31 15:27:00,2011-01-31 15:27:00,219.52,0,1
13601,45,2,693.32,2011-05-12 16:52:00,2011-10-25 17:31:00,346.66,166,0
13602,65,1,428.89,2011-10-06 11:47:00,2011-10-06 11:47:00,428.89,0,0
13603,26,1,164.34,2011-11-13 15:57:00,2011-11-13 15:57:00,164.34,0,0
13606,29,3,276.75,2011-02-01 11:42:00,2011-11-10 17:46:00,92.25,282,0
13607,40,1,675.51,2011-10-30 16:17:00,2011-10-30 16:17:00,675.51,0,0
13610,12,7,1082.33,2011-02-27 14:44:00,2011-11-27 15:38:00,154.62,273,0
13611,89,3,1154.4,2010-12-15 10:31:00,2011-09-11 14:51:00,384.8,270,0
13614,24,4,1585.46,2011-01-13 12:37:00,2011-11-15 14:47:00,396.36,306,0
13615,319,1,417.69,2011-01-25 08:21:00,2011-01-25 08:21:00,417.69,0,1
13617,40,3,544.18,2011-06-12 12:55:00,2011-10-30 13:50:00,181.39,140,0
13618,174,1,177.34,2011-06-19 11:09:00,2011-06-19 11:09:00,177.34,0,1
13621,117,1,213.85,2011-08-15 08:26:00,2011-08-15 08:26:00,213.85,0,1
13623,31,5,727.74,2011-02-15 13:08:00,2011-11-09 12:00:00,145.55,266,0
13626,253,1,257.23,2011-04-01 10:05:00,2011-04-01 10:05:00,257.23,0,1
13627,59,5,1638.47,2010-12-17 09:52:00,2011-10-11 14:20:00,327.69,298,0
13629,23,11,7792.36,2011-01-05 12:09:00,2011-11-16 13:21:00,708.4,315,0
13630,5,7,2031.78,2011-02-27 12:49:00,2011-12-04 15:16:00,290.25,280,0
13631,100,11,3070.42,2011-03-17 17:13:00,2011-09-01 09:57:00,279.13,167,1
13632,25,5,2118.93,2011-04-10 15:07:00,2011-11-15 10:51:00,423.79,218,0
13634,33,5,1547.3600000000001,2011-01-16 15:30:00,2011-11-06 13:40:00,309.47,293,0
13635,68,1,1071.03,2011-10-03 10:55:00,2011-10-03 10:55:00,1071.03,0,0
13636,37,5,949.12,2011-02-27 14:29:00,2011-11-03 10:30:00,189.82,248,0
13637,52,3,804.3,2011-04-27 13:06:00,2011-10-18 13:32:00,268.1,174,0
13638,16,1,122.64,2011-11-24 10:38:00,2011-11-24 10:38:00,122.64,0,0
13639,74,1,1033.34,2011-09-26 13:36:00,2011-09-26 13:36:00,1033.34,0,0
13642,216,1,312.28,2011-05-08 12:34:00,2011-05-08 12:34:00,312.28,0,1
13643,31,3,519.44,2011-06-07 11:40:00,2011-11-08 15:37:00,173.15,154,0
13644,16,4,2624.26,2011-08-26 11:53:00,2011-11-23 14:07:00,656.06,89,0
13645,120,1,252.1,2011-08-11 16:11:00,2011-08-11 16:11:00,252.1,0,1
13647,10,4,1648.1200000000001,2011-04-19 09:49:00,2011-11-30 12:00:00,412.03,225,0
13649,257,2,346.6,2010-12-08 14:46:00,2011-03-28 11:51:00,173.3,109,1
13650,17,6,1836.3400000000001,2011-03-17 12:37:00,2011-11-23 12:22:00,306.06,250,0
13651,35,2,94.2,2011-10-31 12:11:00,2011-11-04 14:59:00,47.1,4,0
13652,46,3,1095.08,2010-12-06 09:21:00,2011-10-25 08:51:00,365.03,322,0
13654,43,6,2707.33,2011-03-11 12:54:00,2011-10-27 16:24:00,451.22,230,0
13655,114,2,932.97,2011-04-12 09:53:00,2011-08-17 14:25:00,466.48,127,1
13656,165,2,379.65,2011-01-06 15:42:00,2011-06-28 10:31:00,189.82,172,1
13657,11,2,382.14,2011-05-22 12:35:00,2011-11-29 12:32:00,191.07,190,0
13658,10,5,2639.17,2011-05-19 17:15:00,2011-11-30 10:13:00,527.83,194,0
13659,206,2,1563.0,2011-01-23 12:08:00,2011-05-18 12:37:00,781.5,115,1
13662,86,3,881.26,2011-03-25 13:23:00,2011-09-15 12:04:00,293.75,173,0
13663,179,1,189.47,2011-06-13 15:44:00,2011-06-13 15:44:00,189.47,0,1
13666,60,3,84.65,2011-02-25 13:05:00,2011-10-10 15:39:00,28.22,227,0
13667,149,1,299.05,2011-07-13 15:42:00,2011-07-13 15:42:00,299.05,0,1
13668,3,21,6309.83,2010-12-12 12:35:00,2011-12-07 12:11:00,300.47,359,0
13669,51,2,218.55,2011-07-13 11:44:00,2011-10-20 09:32:00,109.28,98,0
13670,75,1,349.7,2011-09-25 15:25:00,2011-09-25 15:25:00,349.7,0,0
13672,301,2,186.39000000000001,2011-01-11 13:54:00,2011-02-11 13:53:00,93.2,30,1
13673,19,2,387.44,2011-11-07 15:40:00,2011-11-21 12:11:00,193.72,13,0
13675,151,2,486.82000000000005,2011-02-28 12:14:00,2011-07-11 12:57:00,243.41,133,1
13678,152,1,232.6,2011-07-11 10:14:00,2011-07-11 10:14:00,232.6,0,1
13680,1,4,3719.12,2011-01-04 14:12:00,2011-12-08 13:47:00,929.78,337,0
13681,18,4,827.83,2011-07-07 15:21:00,2011-11-22 11:13:00,206.96,137,0
13682,187,1,59.5,2011-06-05 14:06:00,2011-06-05 14:06:00,59.5,0,1
13684,286,1,65.13,2011-02-27 10:13:00,2011-02-27 10:13:00,65.13,0,1
13685,3,7,3119.44,2011-10-10 12:59:00,2011-12-07 11:41:00,445.63,57,0
13686,183,1,72.0,2011-06-10 09:10:00,2011-06-10 09:10:00,72.0,0,1
13689,63,1,910.0,2011-10-07 13:21:00,2011-10-07 13:21:00,910.0,0,0
13690,59,1,172.25,2011-10-11 15:03:00,2011-10-11 15:03:00,172.25,0,0
13692,25,3,1488.32,2011-04-17 12:57:00,2011-11-15 11:17:00,496.11,211,0
13694,4,50,65039.62,2010-12-01 12:12:00,2011-12-06 09:32:00,1300.79,369,0
13695,31,15,2504.13,2011-03-25 11:31:00,2011-11-08 14:26:00,166.94,228,0
13697,39,1,151.3,2011-11-01 09:14:00,2011-11-01 09:14:00,151.3,0,0
13699,155,1,308.58000000000004,2011-07-07 16:51:00,2011-07-07 16:51:00,308.58,0,1
13700,26,10,2248.63,2011-01-16 13:18:00,2011-11-13 13:00:00,224.86,300,0
13703,318,1,99.5,2011-01-25 13:10:00,2011-01-25 13:10:00,99.5,0,1
13704,5,9,2308.06,2011-09-12 14:40:00,2011-12-04 15:13:00,256.45,83,0
13705,8,3,711.86,2010-12-01 10:29:00,2011-12-02 12:32:00,237.29,366,0
13706,303,1,330.79,2011-02-10 09:21:00,2011-02-10 09:21:00,330.79,0,1
13707,267,2,806.41,2011-01-28 13:27:00,2011-03-17 18:03:00,403.2,48,1
13708,271,1,285.33,2011-03-13 13:46:00,2011-03-13 13:46:00,285.33,0,1
13709,4,13,6307.650000000001,2011-01-28 14:57:00,2011-12-06 10:28:00,485.2,311,0
13710,32,1,180.48,2011-11-08 08:16:00,2011-11-08 08:16:00,180.48,0,0
13711,219,2,252.06,2011-05-05 10:29:00,2011-05-05 10:31:00,126.03,0,1
13712,247,1,228.84,2011-04-07 12:33:00,2011-04-07 12:33:00,228.84,0,1
13715,281,5,1077.39,2010-12-02 08:52:00,2011-03-03 19:21:00,215.48,91,1
13716,269,1,138.28,2011-03-15 13:49:00,2011-03-15 13:49:00,138.28,0,1
13717,32,6,1445.01,2011-02-14 13:21:00,2011-11-07 14:13:00,240.84,266,0
13718,246,2,306.55,2011-02-17 11:58:00,2011-04-07 13:24:00,153.28,49,1
13719,15,5,1041.68,2011-04-19 13:56:00,2011-11-24 15:26:00,208.34,219,0
13720,117,4,799.9,2011-03-30 09:17:00,2011-08-15 12:46:00,199.98,138,1
13721,36,1,524.14,2011-11-03 14:05:00,2011-11-03 14:05:00,524.14,0,0
13722,132,3,2375.41,2011-03-02 11:43:00,2011-07-31 12:44:00,791.8,151,1
13723,217,1,199.85000000000002,2011-05-06 17:04:00,2011-05-06 17:04:00,199.85,0,1
13725,50,8,1980.56,2011-02-04 12:18:00,2011-10-21 10:03:00,247.57,258,0
13726,39,2,1079.66,2011-08-31 11:06:00,2011-11-01 10:49:00,539.83,61,0
13727,29,2,333.48,2011-11-06 12:16:00,2011-11-11 09:46:00,166.74,4,0
13728,37,6,1016.14,2011-02-02 12:09:00,2011-11-03 10:49:00,169.36,273,0
13730,136,2,752.6,2011-07-01 12:47:00,2011-07-27 08:35:00,376.3,25,1
13731,219,2,610.59,2011-04-07 10:10:00,2011-05-04 14:33:00,305.3,27,1
13732,28,1,491.86,2011-11-11 15:49:00,2011-11-11 15:49:00,491.86,0,0
13735,25,4,2883.54,2011-04-19 13:49:00,2011-11-15 11:14:00,720.88,209,0
13736,5,2,729.8,2011-03-24 13:04:00,2011-12-04 15:19:00,364.9,255,0
13737,200,1,339.6,2011-05-23 16:32:00,2011-05-23 16:32:00,339.6,0,1
13739,18,1,216.9,2011-11-21 13:35:00,2011-11-21 13:35:00,216.9,0,0
13740,241,1,350.75,2011-04-13 10:32:00,2011-04-13 10:32:00,350.75,0,1
13741,72,3,668.4300000000001,2011-05-06 13:43:00,2011-09-29 09:19:00,222.81,145,0
13742,17,12,3107.87,2011-01-23 14:59:00,2011-11-23 11:07:00,258.99,303,0
13743,3,7,1341.6,2011-03-25 14:46:00,2011-12-07 10:09:00,191.66,256,0
13744,95,2,1080.52,2011-02-20 14:08:00,2011-09-05 15:19:00,540.26,197,1
13745,162,1,300.04,2011-06-30 16:43:00,2011-06-30 16:43:00,300.04,0,1
13747,374,1,79.6,2010-12-01 10:37:00,2010-12-01 10:37:00,79.6,0,1
13748,96,5,948.25,2010-12-01 09:00:00,2011-09-05 09:45:00,189.65,278,1
13750,54,5,1647.26,2011-01-07 11:49:00,2011-10-17 12:16:00,329.45,283,0
13751,288,1,296.25,2011-02-24 15:56:00,2011-02-24 15:56:00,296.25,0,1
13752,124,6,1175.38,2011-04-07 12:04:00,2011-08-07 14:16:00,195.9,122,1
13753,288,1,741.26,2011-02-25 12:48:00,2011-02-25 12:48:00,741.26,0,1
13754,152,2,282.6,2011-01-26 14:58:00,2011-07-11 11:51:00,141.3,165,1
13755,4,9,2108.06,2011-10-07 15:45:00,2011-12-06 12:26:00,234.23,59,0
13756,2,14,5189.52,2010-12-07 11:41:00,2011-12-07 16:44:00,370.68,365,0
13758,12,7,3190.55,2010-12-01 12:08:00,2011-11-28 11:11:00,455.79,361,0
13759,33,2,659.4100000000001,2011-09-29 15:40:00,2011-11-06 14:47:00,329.71,37,0
13760,54,2,286.79,2011-03-28 12:52:00,2011-10-16 16:13:00,143.4,202,0
13761,50,2,1070.65,2011-06-13 08:43:00,2011-10-20 14:01:00,535.33,129,0
13762,219,1,306.72,2011-05-05 09:15:00,2011-05-05 09:15:00,306.72,0,1
13763,63,1,1714.96,2011-10-07 15:13:00,2011-10-07 15:13:00,1714.96,0,0
13764,71,3,1519.42,2011-01-06 14:53:00,2011-09-30 12:03:00,506.47,266,0
13767,2,37,17220.36,2010-12-01 10:47:00,2011-12-07 15:00:00,465.42,371,0
13769,2,10,2796.51,2010-12-07 13:28:00,2011-12-07 15:08:00,279.65,365,0
13771,64,4,2634.45,2011-04-06 15:47:00,2011-10-06 14:18:00,658.61,182,0
13772,34,3,1122.63,2011-04-14 12:31:00,2011-11-06 11:43:00,374.21,205,0
13774,82,1,345.0,2011-09-19 12:06:00,2011-09-19 12:06:00,345.0,0,0
13777,1,33,25977.16,2010-12-01 16:01:00,2011-12-09 12:25:00,787.19,372,0
13778,103,1,178.7,2011-08-28 15:25:00,2011-08-28 15:25:00,178.7,0,1
13780,7,2,360.01,2011-06-22 11:43:00,2011-12-02 13:49:00,180.0,163,0
13781,251,1,127.84,2011-04-03 12:08:00,2011-04-03 12:08:00,127.84,0,1
13782,13,6,908.86,2011-01-16 11:08:00,2011-11-27 11:54:00,151.48,315,0
13784,10,11,2462.79,2011-01-11 14:38:00,2011-11-30 09:33:00,223.89,322,0
13786,367,1,230.4,2010-12-07 13:53:00,2010-12-07 13:53:00,230.4,0,1
13787,76,2,309.04,2010-12-10 14:45:00,2011-09-25 12:06:00,154.52,288,0
13790,4,1,348.79999999999995,2011-12-05 15:48:00,2011-12-05 15:48:00,348.8,0,0
13791,128,2,1516.0,2011-06-24 16:38:00,2011-08-04 11:44:00,758.0,40,1
13792,66,2,195.55,2011-02-25 14:03:00,2011-10-04 14:31:00,97.78,221,0
13798,1,57,37153.85,2010-12-02 17:24:00,2011-12-08 15:51:00,651.82,370,0
13799,117,2,688.86,2011-02-18 14:18:00,2011-08-15 12:07:00,344.43,177,1
13800,310,1,558.32,2011-02-03 12:27:00,2011-02-03 12:27:00,558.32,0,1
13801,67,1,324.8,2011-10-04 10:15:00,2011-10-04 10:15:00,324.8,0,0
13802,139,3,4599.42,2011-02-01 12:03:00,2011-07-24 10:54:00,1533.14,172,1
13803,255,1,277.07,2011-03-29 12:57:00,2011-03-29 12:57:00,277.07,0,1
13804,31,7,2588.39,2011-02-23 09:09:00,2011-11-09 12:32:00,369.77,259,0
13805,52,2,924.5999999999999,2011-08-02 15:29:00,2011-10-18 14:50:00,462.3,76,0
13806,64,1,256.38,2011-10-07 11:43:00,2011-10-07 11:43:00,256.38,0,0
13807,367,1,112.6,2010-12-07 15:48:00,2010-12-07 15:48:00,112.6,0,1
13808,6,5,1747.66,2011-09-04 12:07:00,2011-12-04 12:18:00,349.53,91,0
13819,302,3,1140.35,2011-01-24 10:38:00,2011-02-11 10:38:00,380.12,18,1
13821,145,2,385.64,2011-03-23 11:30:00,2011-07-18 09:49:00,192.82,116,1
13822,6,2,632.0,2011-10-30 15:55:00,2011-12-04 12:13:00,316.0,34,0
13823,19,2,957.66,2011-09-09 10:42:00,2011-11-21 10:22:00,478.83,72,0
13824,33,5,1698.94,2011-02-02 13:07:00,2011-11-07 12:41:00,339.79,277,0
13826,176,1,189.5,2011-06-16 13:48:00,2011-06-16 13:48:00,189.5,0,1
13827,58,3,409.8,2011-07-19 15:38:00,2011-10-13 12:38:00,136.6,85,0
13828,22,1,209.49,2011-11-17 16:02:00,2011-11-17 16:02:00,209.49,0,0
13831,16,6,2198.45,2010-12-05 12:13:00,2011-11-23 15:41:00,366.41,353,0
13832,19,1,52.2,2011-11-20 15:36:00,2011-11-20 15:36:00,52.2,0,0
13833,159,1,383.85,2011-07-03 13:27:00,2011-07-03 13:27:00,383.85,0,1
13835,25,4,834.57,2011-05-08 15:22:00,2011-11-14 15:37:00,208.64,190,0
13837,212,2,266.59000000000003,2011-01-26 12:15:00,2011-05-12 12:10:00,133.3,105,1
13838,6,4,674.82,2010-12-05 10:45:00,2011-12-04 11:00:00,168.7,364,0
13841,253,1,85.0,2011-04-01 12:10:00,2011-04-01 12:10:00,85.0,0,1
13842,59,9,3385.62,2010-12-08 10:39:00,2011-10-12 10:51:00,376.18,308,0
13844,11,1,361.62,2011-11-28 13:21:00,2011-11-28 13:21:00,361.62,0,0
13845,65,1,312.98,2011-10-06 08:25:00,2011-10-06 08:25:00,312.98,0,0
13846,25,3,865.0600000000001,2010-12-14 16:07:00,2011-11-15 12:07:00,288.35,335,0
13848,92,3,1255.0,2010-12-08 15:10:00,2011-09-08 12:58:00,418.33,273,1
13849,52,2,1537.95,2011-06-22 10:11:00,2011-10-19 10:59:00,768.98,119,0
13850,129,1,1595.48,2011-08-02 14:04:00,2011-08-02 14:04:00,1595.48,0,1
13851,96,3,2651.46,2011-02-24 17:18:00,2011-09-05 12:36:00,883.82,192,1
13853,57,1,1090.1399999999999,2011-10-13 14:18:00,2011-10-13 14:18:00,1090.14,0,0
13854,9,25,8109.5199999999995,2010-12-09 10:48:00,2011-12-01 09:06:00,324.38,356,0
13856,169,3,388.5,2011-05-20 13:13:00,2011-06-24 10:03:00,129.5,34,1
13858,57,1,216.17000000000002,2011-10-13 16:17:00,2011-10-13 16:17:00,216.17,0,0
13859,326,1,201.16,2011-01-17 16:14:00,2011-01-17 16:14:00,201.16,0,1
13860,1,5,1245.9,2011-09-14 09:27:00,2011-12-08 12:57:00,249.18,85,0
13862,18,8,2209.36,2011-01-11 15:13:00,2011-11-21 16:24:00,276.17,314,0
13863,248,1,305.78,2011-04-06 10:20:00,2011-04-06 10:20:00,305.78,0,1
13865,58,4,501.56,2011-02-23 12:04:00,2011-10-12 13:31:00,125.39,231,0
13866,74,1,145.67,2011-09-26 14:54:00,2011-09-26 14:54:00,145.67,0,0
13867,31,3,1005.09,2011-05-05 17:28:00,2011-11-08 15:48:00,335.03,186,0
13868,7,2,3192.54,2011-11-01 12:45:00,2011-12-02 16:32:00,1596.27,31,0
13869,123,4,3083.65,2010-12-17 15:14:00,2011-08-08 13:53:00,770.91,233,1
13870,2,8,2770.94,2011-02-25 09:09:00,2011-12-07 13:23:00,346.37,285,0
13871,23,13,6403.25,2011-02-04 09:30:00,2011-11-17 10:49:00,492.56,286,0
13873,120,3,389.6,2011-02-03 09:37:00,2011-08-12 10:08:00,129.87,190,1
13874,358,1,540.45,2010-12-16 18:20:00,2010-12-16 18:20:00,540.45,0,1
13875,54,5,1786.79,2011-02-11 15:39:00,2011-10-17 09:36:00,357.36,247,0
13876,64,1,122.7,2011-10-07 10:22:00,2011-10-07 10:22:00,122.7,0,0
13877,86,1,117.24,2011-09-14 15:49:00,2011-09-14 15:49:00,117.24,0,0
13878,55,1,1271.57,2011-10-16 12:19:00,2011-10-16 12:19:00,1271.57,0,0
13880,21,13,3219.77,2010-12-07 14:00:00,2011-11-18 13:44:00,247.67,345,0
13881,3,20,17159.52,2011-02-01 10:14:00,2011-12-06 12:50:00,857.98,308,0
13882,3,5,1191.13,2011-10-06 15:28:00,2011-12-07 11:16:00,238.23,61,0
13883,11,5,2674.48,2011-03-31 17:17:00,2011-11-29 10:45:00,534.9,242,0
13884,7,5,787.6,2011-03-01 13:40:00,2011-12-02 16:30:00,157.52,276,0
13885,189,2,506.8,2011-05-23 08:52:00,2011-06-03 15:07:00,253.4,11,1
13886,71,1,243.56,2011-09-29 13:17:00,2011-09-29 13:17:00,243.56,0,0
13887,204,1,349.55,2011-05-19 17:22:00,2011-05-19 17:22:00,349.55,0,1
13888,120,2,595.67,2011-05-05 14:41:00,2011-08-12 10:13:00,297.83,98,1
13889,93,1,416.90000000000003,2011-09-08 09:13:00,2011-09-08 09:13:00,416.9,0,1
13890,1,10,1883.81,2010-12-16 09:31:00,2011-12-08 15:36:00,188.38,357,0
13892,27,4,632.97,2011-04-07 12:04:00,2011-11-13 11:50:00,158.24,219,0
13893,298,1,821.1,2011-02-15 11:30:00,2011-02-15 11:30:00,821.1,0,1
13894,24,3,564.62,2011-02-02 12:54:00,2011-11-16 09:44:00,188.21,286,0
13895,28,4,2593.07,2011-06-28 10:17:00,2011-11-11 16:57:00,648.27,136,0
13897,50,1,311.16,2011-10-20 14:30:00,2011-10-20 14:30:00,311.16,0,0
13898,326,1,155.93,2011-01-18 10:28:00,2011-01-18 10:28:00,155.93,0,1
13899,16,2,388.52,2011-03-10 09:30:00,2011-11-23 13:40:00,194.26,258,0
13900,183,3,740.95,2011-03-22 10:13:00,2011-06-09 19:26:00,246.98,79,1
13901,72,5,2867.2000000000003,2011-01-25 09:01:00,2011-09-28 14:48:00,573.44,246,0
13904,37,2,332.64,2011-02-18 11:18:00,2011-11-02 13:41:00,166.32,257,0
13908,80,4,2369.55,2011-03-08 12:04:00,2011-09-21 11:49:00,592.39,196,0
13911,57,9,2580.91,2011-02-04 14:46:00,2011-10-13 15:43:00,286.77,251,0
13914,12,2,626.45,2011-11-03 16:28:00,2011-11-28 10:35:00,313.23,24,0
13917,50,2,272.04,2011-06-01 12:46:00,2011-10-21 09:56:00,136.02,141,0
13918,50,2,1212.8400000000001,2011-03-31 18:05:00,2011-10-21 12:25:00,606.42,203,0
13922,352,1,172.25,2010-12-23 10:38:00,2010-12-23 10:38:00,172.25,0,1
13923,54,1,351.13,2011-10-17 12:33:00,2011-10-17 12:33:00,351.13,0,0
13924,2,6,1838.8500000000001,2011-09-28 15:07:00,2011-12-08 09:39:00,306.48,70,0
13925,93,4,678.25,2011-07-28 12:09:00,2011-09-08 12:47:00,169.56,42,1
13926,23,1,223.85000000000002,2011-11-16 13:16:00,2011-11-16 13:16:00,223.85,0,0
13927,75,1,348.99,2011-09-26 12:00:00,2011-09-26 12:00:00,348.99,0,0
13928,11,4,464.57,2011-07-29 15:59:00,2011-11-29 10:33:00,116.14,122,0
13929,169,2,842.65,2011-01-17 15:11:00,2011-06-23 15:26:00,421.32,157,1
13930,58,2,337.34,2011-07-26 11:00:00,2011-10-13 09:45:00,168.67,78,0
13931,96,2,1237.53,2011-03-04 08:43:00,2011-09-05 10:12:00,618.76,185,1
13932,295,1,307.4,2011-02-18 12:02:00,2011-02-18 12:02:00,307.4,0,1
13933,109,2,608.79,2011-07-14 13:35:00,2011-08-22 14:03:00,304.4,39,1
13934,264,1,922.1,2011-03-21 08:39:00,2011-03-21 08:39:00,922.1,0,1
13936,180,1,376.58,2011-06-13 08:47:00,2011-06-13 08:47:00,376.58,0,1
13937,169,1,158.85,2011-06-23 16:35:00,2011-06-23 16:35:00,158.85,0,1
13938,35,1,71.66,2011-11-04 14:37:00,2011-11-04 14:37:00,71.66,0,0
13939,23,3,568.55,2011-02-01 11:30:00,2011-11-16 13:33:00,189.52,288,0
13940,17,4,839.14,2011-07-18 16:05:00,2011-11-22 15:15:00,209.78,126,0
13941,22,5,5112.96,2010-12-02 10:17:00,2011-11-18 09:43:00,1022.59,350,0
13946,79,3,561.57,2011-03-17 10:02:00,2011-09-21 13:33:00,187.19,188,0
13947,65,1,90.60000000000001,2011-10-05 14:42:00,2011-10-05 14:42:00,90.6,0,0
13948,361,1,102.0,2010-12-14 10:18:00,2010-12-14 10:18:00,102.0,0,1
13949,3,6,2427.32,2011-09-06 11:55:00,2011-12-07 09:35:00,404.55,91,0
13950,11,4,745.0600000000001,2011-04-07 11:29:00,2011-11-28 14:44:00,186.26,235,0
13951,176,3,674.45,2011-02-18 15:21:00,2011-06-16 16:43:00,224.82,118,1
13952,218,2,3251.071,2011-04-15 09:27:00,2011-05-06 09:00:00,1625.54,20,1
13953,7,7,3515.68,2010-12-22 10:29:00,2011-12-02 16:04:00,502.24,345,0
13954,1,2,439.92,2011-09-30 10:52:00,2011-12-08 12:50:00,219.96,69,0
13955,154,2,322.96,2011-02-07 12:24:00,2011-07-08 17:19:00,161.48,151,1
13956,5,5,1019.27,2011-03-13 12:51:00,2011-12-04 13:20:00,203.85,266,0
13959,79,3,594.04,2010-12-12 13:56:00,2011-09-21 15:06:00,198.01,283,0
13960,21,2,230.22,2011-09-29 12:39:00,2011-11-18 15:27:00,115.11,50,0
13962,22,2,169.54999999999998,2011-04-08 11:21:00,2011-11-18 08:47:00,84.78,223,0
13963,308,4,664.54,2010-12-07 09:21:00,2011-02-04 14:43:00,166.14,59,1
13967,146,1,80.7,2011-07-17 12:02:00,2011-07-17 12:02:00,80.7,0,1
13969,7,18,9024.17,2010-12-09 19:32:00,2011-12-02 15:11:00,501.34,357,0
13971,19,8,2758.26,2011-02-27 12:27:00,2011-11-21 12:06:00,344.78,266,0
13972,71,2,190.25,2011-05-22 11:34:00,2011-09-30 11:54:00,95.12,131,0
13973,287,1,264.7,2011-02-25 15:21:00,2011-02-25 15:21:00,264.7,0,1
13974,49,1,413.59000000000003,2011-10-21 14:41:00,2011-10-21 14:41:00,413.59,0,0
13975,31,6,2461.2400000000002,2011-03-08 12:19:00,2011-11-08 13:19:00,410.21,245,0
13976,207,1,357.98,2011-05-17 09:13:00,2011-05-17 09:13:00,357.98,0,1
13978,15,2,196.79,2011-10-25 15:04:00,2011-11-25 11:36:00,98.4,30,0
13979,73,1,869.87,2011-09-27 13:32:00,2011-09-27 13:32:00,869.87,0,0
13980,60,1,200.14,2011-10-10 13:34:00,2011-10-10 13:34:00,200.14,0,0
13982,39,4,1871.81,2010-12-09 13:57:00,2011-10-31 16:24:00,467.95,326,0
13983,30,12,2603.43,2010-12-08 10:38:00,2011-11-10 11:06:00,216.95,337,0
13984,27,5,920.51,2010-12-08 15:58:00,2011-11-13 12:38:00,184.1,339,0
13985,4,15,7060.13,2011-03-20 13:48:00,2011-12-05 17:06:00,470.68,260,0
13986,17,1,320.46,2011-11-22 15:00:00,2011-11-22 15:00:00,320.46,0,0
13988,20,6,4147.96,2011-03-30 11:48:00,2011-11-20 10:15:00,691.33,234,0
13989,66,2,1266.08,2011-04-14 15:39:00,2011-10-05 09:47:00,633.04,173,0
13990,213,1,311.3,2011-05-10 15:19:00,2011-05-10 15:19:00,311.3,0,1
13991,12,6,852.88,2011-07-19 12:58:00,2011-11-27 16:18:00,142.15,131,0
13992,30,1,76.8,2011-11-09 15:23:00,2011-11-09 15:23:00,76.8,0,0
13993,43,9,3466.36,2011-01-13 10:43:00,2011-10-28 09:06:00,385.15,287,0
13994,4,6,2274.14,2011-07-14 18:28:00,2011-12-06 11:05:00,379.02,144,0
13995,15,5,1393.69,2011-04-08 08:20:00,2011-11-24 14:22:00,278.74,230,0
13999,10,12,3901.81,2010-12-13 11:23:00,2011-11-29 13:40:00,325.15,351,0
14000,211,1,635.66,2011-05-12 16:50:00,2011-05-12 16:50:00,635.66,0,1
14001,46,3,2043.0800000000002,2010-12-01 12:58:00,2011-10-25 10:31:00,681.03,327,0
14002,134,2,529.73,2011-07-06 14:59:00,2011-07-28 15:55:00,264.86,22,1
14004,43,7,4582.64,2011-02-24 09:28:00,2011-10-27 14:40:00,654.66,245,0
14005,10,5,2874.72,2011-05-08 10:33:00,2011-11-30 12:41:00,574.94,206,0
14006,116,3,962.19,2011-01-31 15:11:00,2011-08-16 09:39:00,320.73,196,1
14009,198,2,695.61,2011-05-18 13:00:00,2011-05-25 15:47:00,347.8,7,1
14012,278,1,328.8,2011-03-07 12:26:00,2011-03-07 12:26:00,328.8,0,1
14013,110,3,473.02,2011-03-09 08:59:00,2011-08-21 15:01:00,157.67,165,1
14014,77,1,505.18,2011-09-23 13:18:00,2011-09-23 13:18:00,505.18,0,0
14015,53,1,917.34,2011-10-18 10:02:00,2011-10-18 10:02:00,917.34,0,0
14019,47,3,1421.6100000000001,2011-07-24 15:39:00,2011-10-24 10:13:00,473.87,91,0
14020,17,2,642.8,2011-09-12 15:32:00,2011-11-23 09:22:00,321.4,71,0
14021,155,3,631.9,2011-03-28 15:10:00,2011-07-07 15:46:00,210.63,101,1
14022,225,1,440.0,2011-04-28 14:39:00,2011-04-28 14:39:00,440.0,0,1
14023,7,2,584.07,2011-04-03 15:50:00,2011-12-02 13:58:00,292.04,242,0
14024,122,2,327.7,2011-08-07 13:31:00,2011-08-10 11:30:00,163.85,2,1
14027,61,1,104.82,2011-10-10 09:01:00,2011-10-10 09:01:00,104.82,0,0
14029,63,2,467.66,2011-07-18 16:57:00,2011-10-07 14:46:00,233.83,80,0
14030,18,8,2358.84,2010-12-08 16:11:00,2011-11-21 16:48:00,294.86,348,0
14031,7,19,17286.86,2010-12-02 16:34:00,2011-12-02 17:13:00,909.83,365,0
14032,2,11,2975.59,2010-12-08 10:53:00,2011-12-07 15:23:00,270.51,364,0
14034,22,3,648.89,2011-07-05 13:06:00,2011-11-17 14:02:00,216.3,135,0
14035,29,5,1428.02,2011-02-15 12:48:00,2011-11-11 10:03:00,285.6,268,0
14036,285,1,626.65,2011-02-28 09:26:00,2011-02-28 09:26:00,626.65,0,1
14037,176,2,147.20000000000002,2010-12-10 11:39:00,2011-06-16 13:57:00,73.6,188,1
14038,78,3,1560.38,2011-05-16 14:05:00,2011-09-22 13:37:00,520.13,128,0
14039,33,1,152.2,2011-11-06 13:48:00,2011-11-06 13:48:00,152.2,0,0
14040,41,12,3560.32,2011-01-12 14:57:00,2011-10-30 12:42:00,296.69,290,0
14041,266,1,141.41,2011-03-18 13:25:00,2011-03-18 13:25:00,141.41,0,1
14044,27,4,646.42,2011-02-03 11:39:00,2011-11-13 12:05:00,161.6,283,0
14045,109,4,1659.75,2010-12-01 11:32:00,2011-08-22 15:27:00,414.94,264,1
14046,284,1,154.99,2011-02-28 14:48:00,2011-02-28 14:48:00,154.99,0,1
14047,9,5,1308.6100000000001,2010-12-02 10:09:00,2011-12-01 11:43:00,261.72,364,0
14048,305,1,409.93,2011-02-07 14:53:00,2011-02-07 14:53:00,409.93,0,1
14049,17,4,5578.72,2011-01-26 11:27:00,2011-11-23 12:20:00,1394.68,301,0
14050,32,2,746.36,2011-08-25 13:46:00,2011-11-08 10:00:00,373.18,74,0
14051,1,23,15610.390000000001,2010-12-08 12:49:00,2011-12-09 10:20:00,678.71,365,0
14052,20,1,225.35999999999999,2011-11-20 12:30:00,2011-11-20 12:30:00,225.36,0,0
14053,124,2,260.25,2011-07-03 12:21:00,2011-08-07 14:27:00,130.12,35,1
14054,65,1,92.46000000000001,2011-10-05 15:49:00,2011-10-05 15:49:00,92.46,0,0
14055,106,1,725.6400000000001,2011-08-25 15:04:00,2011-08-25 15:04:00,725.64,0,1
14056,1,23,8152.71,2011-02-28 15:19:00,2011-12-08 13:36:00,354.47,282,0
14057,24,17,6211.66,2010-12-14 12:11:00,2011-11-16 10:32:00,365.39,336,0
14059,267,1,183.6,2011-03-18 10:06:00,2011-03-18 10:06:00,183.6,0,1
14060,5,19,6140.42,2010-12-02 12:11:00,2011-12-05 12:29:00,323.18,368,0
14062,10,12,10464.85,2010-12-10 15:56:00,2011-11-30 10:04:00,872.07,354,0
14064,29,5,1334.34,2011-03-10 12:59:00,2011-11-10 13:14:00,266.87,245,0
14066,267,1,152.55,2011-03-18 12:21:00,2011-03-18 12:21:00,152.55,0,1
14067,64,2,374.7,2011-09-04 12:00:00,2011-10-07 10:21:00,187.35,32,0
14068,320,1,265.85,2011-01-23 16:02:00,2011-01-23 16:02:00,265.85,0,1
14071,4,8,1437.57,2011-03-20 11:33:00,2011-12-06 12:27:00,179.7,261,0
14073,32,1,151.04,2011-11-07 15:49:00,2011-11-07 15:49:00,151.04,0,0
14075,5,3,942.26,2011-03-23 16:35:00,2011-12-05 08:38:00,314.09,256,0
14076,129,1,118.67,2011-08-02 15:19:00,2011-08-02 15:19:00,118.67,0,1
14077,41,5,499.42,2011-03-10 15:52:00,2011-10-30 12:35:00,99.88,233,0
14078,102,6,1049.37,2010-12-01 12:54:00,2011-08-30 12:16:00,174.9,271,1
14079,125,1,375.1,2011-08-07 12:10:00,2011-08-07 12:10:00,375.1,0,1
14080,33,1,45.599999999999994,2011-11-07 11:09:00,2011-11-07 11:09:00,45.6,0,0
14081,302,2,921.62,2010-12-05 15:47:00,2011-02-10 16:17:00,460.81,67,1
14082,365,1,182.25,2010-12-10 11:02:00,2010-12-10 11:02:00,182.25,0,1
14083,4,9,1002.9,2010-12-03 12:24:00,2011-12-05 13:14:00,111.43,367,0
14085,2,18,4421.29,2010-12-06 12:39:00,2011-12-07 13:46:00,245.63,366,0
14087,3,1,191.47,2011-12-07 12:41:00,2011-12-07 12:41:00,191.47,0,0
14088,10,13,50491.81,2011-01-21 13:07:00,2011-11-29 16:16:00,3883.99,312,0
14089,57,1,158.75,2011-10-14 10:38:00,2011-10-14 10:38:00,158.75,0,0
14090,325,1,76.32000000000001,2011-01-19 10:51:00,2011-01-19 10:51:00,76.32,0,1
14092,8,14,4076.9100000000003,2010-12-16 15:47:00,2011-12-02 12:13:00,291.21,350,0
14093,12,1,433.86,2011-11-27 16:27:00,2011-11-27 16:27:00,433.86,0,0
14096,4,17,65164.79,2011-08-30 10:49:00,2011-12-05 17:17:00,3833.22,97,0
14098,37,1,147.35,2011-11-03 10:13:00,2011-11-03 10:13:00,147.35,0,0
14099,16,11,3104.17,2010-12-20 11:14:00,2011-11-23 13:53:00,282.2,338,0
14100,138,1,191.95,2011-07-25 11:01:00,2011-07-25 11:01:00,191.95,0,1
14101,74,6,5976.79,2011-01-17 13:09:00,2011-09-27 12:28:00,996.13,252,0
14102,5,5,1105.8799999999999,2011-10-26 12:46:00,2011-12-04 15:38:00,221.18,39,0
14104,154,2,216.21,2011-06-27 12:49:00,2011-07-08 12:50:00,108.1,11,1
14105,239,1,1266.23,2011-04-14 17:58:00,2011-04-14 17:58:00,1266.23,0,1
14107,52,7,2703.23,2010-12-10 13:29:00,2011-10-19 12:12:00,386.18,312,0
14108,31,2,597.91,2011-08-30 11:32:00,2011-11-09 10:41:00,298.96,70,0
14109,73,1,144.2,2011-09-28 10:18:00,2011-09-28 10:18:00,144.2,0,0
14110,4,12,5683.15,2011-03-18 09:59:00,2011-12-06 12:26:00,473.6,263,0
14111,14,4,692.85,2011-04-12 11:36:00,2011-11-25 13:44:00,173.21,227,0
14112,23,7,2915.15,2011-03-09 11:28:00,2011-11-17 12:30:00,416.45,253,0
14113,4,4,1840.42,2010-12-20 12:14:00,2011-12-06 12:18:00,460.1,351,0
14114,274,2,386.53,2011-01-13 11:05:00,2011-03-11 09:42:00,193.26,56,1
14116,20,5,1382.74,2011-08-10 12:44:00,2011-11-20 10:29:00,276.55,101,0
14117,144,1,90.0,2011-07-19 09:49:00,2011-07-19 09:49:00,90.0,0,1
14121,4,4,2780.15,2011-10-11 10:39:00,2011-12-06 12:19:00,695.04,56,0
14124,84,1,419.58,2011-09-16 13:32:00,2011-09-16 13:32:00,419.58,0,0
14125,11,3,2720.63,2011-09-22 15:40:00,2011-11-29 12:47:00,906.88,67,0
14126,8,3,706.1300000000001,2011-11-29 12:21:00,2011-12-02 11:45:00,235.38,2,0
14127,123,3,709.71,2011-02-02 12:26:00,2011-08-09 10:49:00,236.57,187,1
14128,61,2,637.5,2011-03-29 10:49:00,2011-10-10 12:00:00,318.75,195,0
14129,2,5,1123.8600000000001,2011-03-24 08:44:00,2011-12-08 11:02:00,224.77,259,0
14130,319,1,480.91,2011-01-24 16:05:00,2011-01-24 16:05:00,480.91,0,1
14132,2,11,3586.03,2011-06-09 12:04:00,2011-12-07 13:35:00,326.0,181,0
14133,130,3,605.64,2011-01-28 11:27:00,2011-08-02 11:34:00,201.88,186,1
14135,2,15,4690.31,2010-12-02 10:27:00,2011-12-08 11:38:00,312.69,371,0
14138,2,2,965.88,2011-10-07 09:38:00,2011-12-08 12:44:00,482.94,62,0
14139,46,1,415.82,2011-10-24 13:34:00,2011-10-24 13:34:00,415.82,0,0
14140,4,2,935.05,2011-11-08 11:20:00,2011-12-06 09:05:00,467.52,27,0
14141,3,4,915.13,2011-08-26 14:40:00,2011-12-07 09:53:00,228.78,102,0
14142,373,1,311.81,2010-12-01 16:33:00,2010-12-01 16:33:00,311.81,0,1
14143,134,1,115.8,2011-07-29 09:48:00,2011-07-29 09:48:00,115.8,0,1
14145,47,4,3742.2,2011-05-06 13:01:00,2011-10-24 12:10:00,935.55,170,0
14146,9,5,4191.0,2010-12-17 15:52:00,2011-12-01 10:18:00,838.2,348,0
14147,78,2,483.4,2011-02-27 11:42:00,2011-09-22 18:10:00,241.7,207,0
14148,234,1,157.2,2011-04-20 12:02:00,2011-04-20 12:02:00,157.2,0,1
14149,221,1,446.62,2011-05-03 09:44:00,2011-05-03 09:44:00,446.62,0,1
14150,36,2,658.64,2010-12-15 10:04:00,2011-11-04 10:05:00,329.32,324,0
14152,75,2,621.29,2011-04-19 15:46:00,2011-09-25 12:54:00,310.64,158,0
14154,239,2,1345.62,2011-04-14 15:58:00,2011-04-14 16:26:00,672.81,0,1
14155,266,1,118.75,2011-03-18 14:13:00,2011-03-18 14:13:00,118.75,0,1
14157,20,2,424.89000000000004,2011-02-27 13:04:00,2011-11-20 11:32:00,212.45,265,0
14158,40,1,507.65999999999997,2011-10-30 15:08:00,2011-10-30 15:08:00,507.66,0,0
14159,20,11,4630.35,2010-12-12 11:17:00,2011-11-20 12:36:00,420.94,343,0
14161,216,3,1097.6200000000001,2010-12-05 13:18:00,2011-05-08 11:41:00,365.87,153,1
14162,174,2,289.36,2011-02-20 12:32:00,2011-06-19 11:36:00,144.68,118,1
14163,87,4,2445.91,2011-04-14 17:33:00,2011-09-13 15:18:00,611.48,151,0
14164,71,2,1631.77,2011-09-20 12:18:00,2011-09-30 12:24:00,815.88,10,0
14165,276,1,120.44,2011-03-09 12:39:00,2011-03-09 12:39:00,120.44,0,1
14167,39,4,562.59,2011-01-12 15:44:00,2011-10-31 14:29:00,140.65,291,0
14171,98,1,363.79,2011-09-02 16:43:00,2011-09-02 16:43:00,363.79,0,1
14173,11,4,450.84,2011-05-04 14:03:00,2011-11-29 11:54:00,112.71,208,0
14174,33,1,134.46,2011-11-06 13:17:00,2011-11-06 13:17:00,134.46,0,0
14175,60,3,3222.3,2011-01-14 12:22:00,2011-10-11 11:55:00,1074.1,269,0
14176,297,4,576.9000000000001,2010-12-07 11:45:00,2011-02-15 13:12:00,144.23,70,1
14177,86,4,549.46,2011-06-13 11:10:00,2011-09-14 15:11:00,137.36,93,0
14178,9,7,1600.26,2011-06-10 12:51:00,2011-12-01 12:01:00,228.61,173,0
14179,41,2,701.57,2011-10-18 14:00:00,2011-10-30 12:07:00,350.78,11,0
14180,11,25,4748.52,2010-12-02 13:08:00,2011-11-29 10:56:00,189.94,361,0
14184,67,1,452.89,2011-10-04 12:43:00,2011-10-04 12:43:00,452.89,0,0
14185,331,1,197.65,2011-01-12 13:52:00,2011-01-12 13:52:00,197.65,0,1
14188,31,6,2054.36,2011-02-02 13:46:00,2011-11-09 12:45:00,342.39,279,0
14189,2,15,4654.08,2010-12-06 11:42:00,2011-12-07 15:55:00,310.27,366,0
14191,2,13,4684.76,2011-05-03 10:30:00,2011-12-08 09:23:00,360.37,218,0
14193,68,2,853.39,2011-03-15 11:38:00,2011-10-03 09:34:00,426.7,201,0
14194,5,21,11349.52,2011-02-04 14:51:00,2011-12-05 10:38:00,540.45,303,0
14195,202,2,1012.0,2011-04-01 16:50:00,2011-05-22 10:29:00,506.0,50,1
14196,107,1,335.52,2011-08-25 10:25:00,2011-08-25 10:25:00,335.52,0,1
14198,18,4,701.4,2011-04-14 14:54:00,2011-11-21 16:35:00,175.35,221,0
14199,218,1,185.39999999999998,2011-05-05 13:44:00,2011-05-05 13:44:00,185.4,0,1
14201,60,7,747.44,2010-12-15 13:25:00,2011-10-10 13:27:00,106.78,299,0
14204,2,1,150.61,2011-12-07 13:38:00,2011-12-07 13:38:00,150.61,0,0
14205,17,2,466.7,2011-03-20 15:07:00,2011-11-23 10:55:00,233.35,247,0
14206,239,1,328.15999999999997,2011-04-14 16:38:00,2011-04-14 16:38:00,328.16,0,1
14208,95,1,151.74,2011-09-06 12:48:00,2011-09-06 12:48:00,151.74,0,1
14209,11,6,2073.43,2011-01-11 12:56:00,2011-11-29 10:18:00,345.57,321,0
14210,106,6,1905.8400000000001,2010-12-03 12:43:00,2011-08-26 12:36:00,317.64,265,1
14211,53,9,2241.1,2011-02-17 15:50:00,2011-10-17 13:23:00,249.01,241,0
14212,90,1,1070.48,2011-09-11 12:45:00,2011-09-11 12:45:00,1070.48,0,0
14214,31,5,1004.38,2011-03-07 12:26:00,2011-11-09 10:31:00,200.88,246,0
14215,12,6,1789.72,2010-12-06 15:34:00,2011-11-28 12:19:00,298.29,356,0
14216,3,4,1839.3,2011-11-02 10:51:00,2011-12-06 14:56:00,459.82,34,0
14217,2,17,2004.98,2010-12-08 13:28:00,2011-12-08 11:53:00,117.94,364,0
14218,43,1,169.48000000000002,2011-10-28 10:00:00,2011-10-28 10:00:00,169.48,0,0
14219,4,1,89.94,2011-12-05 16:23:00,2011-12-05 16:23:00,89.94,0,0
14220,247,2,632.4000000000001,2010-12-16 18:18:00,2011-04-06 13:23:00,316.2,110,1
14221,42,9,3432.8,2011-01-04 15:33:00,2011-10-28 13:42:00,381.42,296,0
14222,177,1,683.17,2011-06-15 16:42:00,2011-06-15 16:42:00,683.17,0,1
14223,92,3,991.13,2011-03-20 16:02:00,2011-09-08 13:38:00,330.38,171,1
14224,110,4,1009.73,2011-01-23 13:58:00,2011-08-21 13:24:00,252.43,209,1
14226,29,5,2214.79,2011-03-15 15:36:00,2011-11-11 11:34:00,442.96,240,0
14227,26,10,3350.96,2011-02-28 12:27:00,2011-11-13 15:48:00,335.1,258,0
14229,52,3,1547.2,2011-01-10 12:03:00,2011-10-19 10:04:00,515.73,281,0
14231,184,3,925.71,2011-02-24 11:55:00,2011-06-09 11:05:00,308.57,104,1
14232,43,5,2048.07,2011-03-20 12:44:00,2011-10-28 11:09:00,409.61,221,0
14233,49,4,1462.72,2011-01-26 12:43:00,2011-10-21 15:54:00,365.68,268,0
14234,22,4,754.12,2011-10-13 13:58:00,2011-11-17 17:53:00,188.53,35,0
14235,75,5,3144.86,2011-03-24 13:23:00,2011-09-25 14:37:00,628.97,185,0
14236,81,2,490.86,2010-12-02 18:49:00,2011-09-20 09:13:00,245.43,291,0
14237,373,1,161.0,2010-12-01 13:20:00,2010-12-01 13:20:00,161.0,0,1
14238,326,1,146.85,2011-01-17 14:40:00,2011-01-17 14:40:00,146.85,0,1
14239,43,11,2380.85,2011-01-27 14:45:00,2011-10-27 14:40:00,216.44,272,0
14240,30,2,890.34,2011-04-28 11:40:00,2011-11-09 13:45:00,445.17,195,0
14241,184,1,213.70000000000002,2011-06-09 11:46:00,2011-06-09 11:46:00,213.7,0,1
14242,235,2,280.55,2011-01-18 08:53:00,2011-04-19 11:46:00,140.28,91,1
14243,9,10,2588.77,2010-12-09 08:34:00,2011-12-01 11:12:00,258.88,357,0
14245,220,2,1693.45,2011-03-21 10:41:00,2011-05-04 08:40:00,846.72,43,1
14246,111,3,1474.06,2011-04-08 08:25:00,2011-08-21 11:50:00,491.35,135,1
14247,278,1,136.77,2011-03-06 15:21:00,2011-03-06 15:21:00,136.77,0,1
14248,318,1,302.58,2011-01-25 14:45:00,2011-01-25 14:45:00,302.58,0,1
14250,7,3,1904.05,2011-09-11 13:44:00,2011-12-02 14:30:00,634.68,82,0
14251,2,5,2879.7000000000003,2011-10-13 12:46:00,2011-12-08 08:32:00,575.94,55,0
14256,260,2,969.0600000000001,2010-12-10 11:44:00,2011-03-24 13:17:00,484.53,104,1
14257,64,5,3099.7200000000003,2011-01-25 10:49:00,2011-10-06 16:54:00,619.94,254,0
14258,9,9,12669.98,2011-01-06 12:18:00,2011-11-30 15:27:00,1407.78,328,0
14259,142,1,120.0,2011-07-21 10:44:00,2011-07-21 10:44:00,120.0,0,1
14261,51,2,1163.45,2011-09-22 10:47:00,2011-10-20 10:04:00,581.72,27,0
14262,8,8,2618.23,2011-04-13 12:23:00,2011-12-01 14:17:00,327.28,232,0
14264,155,2,333.97,2011-04-08 12:20:00,2011-07-08 10:20:00,166.98,90,1
14267,163,3,1516.24,2011-03-24 11:38:00,2011-06-30 10:09:00,505.41,97,1
14270,332,1,492.65000000000003,2011-01-12 09:33:00,2011-01-12 09:33:00,492.65,0,1
14271,226,1,112.32000000000001,2011-04-28 12:47:00,2011-04-28 12:47:00,112.32,0,1
14272,74,2,437.96,2011-03-30 13:57:00,2011-09-27 10:08:00,218.98,180,0
14273,51,4,559.97,2011-04-11 13:24:00,2011-10-19 13:20:00,139.99,190,0
14276,99,3,1119.74,2011-02-23 09:38:00,2011-09-02 09:45:00,373.25,191,1
14280,197,1,134.04,2011-05-27 10:37:00,2011-05-27 10:37:00,134.04,0,1
14282,3,15,3701.44,2010-12-07 12:21:00,2011-12-06 17:04:00,246.76,364,0
14284,31,2,595.25,2011-09-14 13:04:00,2011-11-09 08:11:00,297.62,55,0
14285,21,4,1910.01,2011-06-16 12:36:00,2011-11-18 14:50:00,477.5,155,0
14286,24,3,4628.75,2011-04-11 08:16:00,2011-11-16 10:34:00,1542.92,219,0
14287,8,3,176.63,2011-05-25 11:41:00,2011-12-01 13:25:00,58.88,190,0
14288,213,1,426.6,2011-05-10 13:22:00,2011-05-10 13:22:00,426.6,0,1
14289,9,6,911.26,2011-02-23 12:33:00,2011-12-01 11:44:00,151.88,280,0
14290,11,5,2314.65,2010-12-13 10:24:00,2011-11-28 14:02:00,462.93,350,0
14291,2,11,3883.25,2011-03-09 15:20:00,2011-12-08 10:26:00,353.02,273,0
14292,8,9,4871.93,2011-03-02 08:26:00,2011-12-02 11:50:00,541.33,275,0
14293,3,4,1046.56,2010-12-06 10:18:00,2011-12-06 15:17:00,261.64,365,0
14295,40,1,166.20000000000002,2011-10-30 15:50:00,2011-10-30 15:50:00,166.2,0,0
14297,18,4,1305.33,2011-03-10 08:31:00,2011-11-22 09:06:00,326.33,257,0
14298,8,44,51527.3,2010-12-14 12:59:00,2011-12-01 13:12:00,1171.08,352,0
14299,8,9,3965.62,2010-12-09 10:30:00,2011-12-01 16:05:00,440.62,357,0
14300,19,1,43.2,2011-11-21 08:57:00,2011-11-21 08:57:00,43.2,0,0
14301,117,1,640.14,2011-08-14 15:33:00,2011-08-14 15:33:00,640.14,0,1
14304,223,1,383.45,2011-05-01 11:50:00,2011-05-01 11:50:00,383.45,0,1
14305,71,3,1858.96,2011-07-27 14:14:00,2011-09-29 15:29:00,619.65,64,0
14306,51,2,2093.32,2011-09-15 10:31:00,2011-10-19 13:23:00,1046.66,34,0
14307,89,6,2995.7200000000003,2010-12-01 11:41:00,2011-09-12 09:38:00,499.29,284,0
14309,8,9,2352.53,2010-12-16 13:05:00,2011-12-01 13:33:00,261.39,350,0
14311,243,1,310.26,2011-04-11 10:14:00,2011-04-11 10:14:00,310.26,0,1
14312,47,6,1611.5900000000001,2011-01-06 16:35:00,2011-10-24 09:46:00,268.6,290,0
14314,107,1,120.0,2011-08-25 10:39:00,2011-08-25 10:39:00,120.0,0,1
14315,45,6,2481.13,2011-03-18 12:59:00,2011-10-26 12:06:00,413.52,221,0
14317,65,1,508.58,2011-10-06 10:44:00,2011-10-06 10:44:00,508.58,0,0
14320,207,2,477.79,2011-01-11 09:12:00,2011-05-17 09:24:00,238.9,126,1
14321,11,5,1530.75,2011-01-10 11:35:00,2011-11-29 09:47:00,306.15,322,0
14323,115,2,605.0600000000001,2011-04-15 11:44:00,2011-08-17 11:37:00,302.53,123,1
14326,242,1,183.85,2011-04-11 15:04:00,2011-04-11 15:04:00,183.85,0,1
14327,163,1,311.65000000000003,2011-06-29 13:58:00,2011-06-29 13:58:00,311.65,0,1
14329,17,7,4975.24,2011-01-14 13:42:00,2011-11-22 15:50:00,710.75,312,0
14331,124,2,462.66,2011-07-27 15:14:00,2011-08-07 13:17:00,231.33,10,1
14332,23,3,840.21,2011-07-15 10:33:00,2011-11-17 11:54:00,280.07,125,0
14333,68,1,415.2,2011-10-03 10:38:00,2011-10-03 10:38:00,415.2,0,0
14334,17,8,2552.21,2010-12-16 17:37:00,2011-11-23 10:01:00,319.03,341,0
14336,17,4,1614.91,2011-03-08 16:48:00,2011-11-23 11:40:00,403.73,259,0
14338,161,2,588.22,2011-05-27 13:30:00,2011-07-01 14:08:00,294.11,35,1
14339,243,1,309.52000000000004,2011-04-11 11:06:00,2011-04-11 11:06:00,309.52,0,1
14340,219,1,134.7,2011-05-05 09:44:00,2011-05-05 09:44:00,134.7,0,1
14341,45,8,2166.98,2011-01-25 13:55:00,2011-10-25 15:48:00,270.87,273,0
14342,21,4,668.5600000000001,2011-05-13 13:50:00,2011-11-18 13:21:00,167.14,188,0
14344,127,8,889.9300000000001,2010-12-06 11:58:00,2011-08-04 13:51:00,111.24,241,1
14345,39,1,108.98,2011-11-01 09:51:00,2011-11-01 09:51:00,108.98,0,0
14346,121,2,1021.58,2011-02-15 13:52:00,2011-08-11 09:47:00,510.79,176,1
14348,260,1,409.57,2011-03-24 16:23:00,2011-03-24 16:23:00,409.57,0,1
14349,10,1,133.5,2011-11-29 15:39:00,2011-11-29 15:39:00,133.5,0,0
14350,274,1,282.93,2011-03-10 14:14:00,2011-03-10 14:14:00,282.93,0,1
14351,165,1,51.0,2011-06-28 11:56:00,2011-06-28 11:56:00,51.0,0,1
14352,157,4,1078.96,2011-03-11 14:58:00,2011-07-05 15:41:00,269.74,116,1
14353,215,1,90.6,2011-05-08 16:06:00,2011-05-08 16:06:00,90.6,0,1
14354,6,2,163.62,2011-11-09 15:36:00,2011-12-04 11:32:00,81.81,24,0
14355,366,1,174.4,2010-12-09 12:16:00,2010-12-09 12:16:00,174.4,0,1
14356,80,2,701.23,2011-09-19 14:43:00,2011-09-21 09:18:00,350.62,1,0
14357,43,1,225.12,2011-10-27 16:23:00,2011-10-27 16:23:00,225.12,0,0
14359,19,3,912.1800000000001,2011-09-13 09:03:00,2011-11-20 13:17:00,304.06,68,0
14360,32,4,2118.03,2011-09-06 11:58:00,2011-11-08 09:12:00,529.51,62,0
14362,22,1,151.5,2011-11-17 15:08:00,2011-11-17 15:08:00,151.5,0,0
14364,109,8,3717.35,2011-05-12 12:56:00,2011-08-23 11:01:00,464.67,102,1
14367,8,16,9227.82,2011-03-08 14:12:00,2011-12-01 13:19:00,576.74,267,0
14368,320,1,155.0,2011-01-24 09:52:00,2011-01-24 09:52:00,155.0,0,1
14371,295,1,100.5,2011-02-17 16:35:00,2011-02-17 16:35:00,100.5,0,1
14373,358,1,76.55,2010-12-16 15:40:00,2010-12-16 15:40:00,76.55,0,1
14375,185,1,235.56,2011-06-07 13:44:00,2011-06-07 13:44:00,235.56,0,1
14377,191,2,617.05,2011-03-22 13:38:00,2011-06-01 13:32:00,308.52,70,1
14379,44,2,348.1,2011-02-17 15:03:00,2011-10-26 16:43:00,174.05,251,0
14381,52,1,202.68,2011-10-18 17:10:00,2011-10-18 17:10:00,202.68,0,0
14382,26,1,615.49,2011-11-13 16:18:00,2011-11-13 16:18:00,615.49,0,0
14383,38,3,1247.69,2011-06-29 10:18:00,2011-11-01 15:53:00,415.9,125,0
14385,9,3,202.10999999999999,2011-11-16 11:55:00,2011-11-30 15:36:00,67.37,14,0
14386,297,1,142.4,2011-02-16 09:45:00,2011-02-16 09:45:00,142.4,0,1
14387,33,3,1727.6,2011-08-22 14:13:00,2011-11-07 12:29:00,575.87,76,0
14388,10,8,3212.84,2010-12-02 11:02:00,2011-11-29 13:32:00,401.6,362,0
14389,65,2,1043.46,2011-06-02 12:04:00,2011-10-05 15:17:00,521.73,125,0
14390,10,9,4642.57,2010-12-02 11:57:00,2011-11-29 13:49:00,515.84,362,0
14393,218,1,67.95,2011-05-05 18:16:00,2011-05-05 18:16:00,67.95,0,1
14395,2,9,3479.91,2010-12-02 18:15:00,2011-12-07 14:34:00,386.66,369,0
14396,65,2,487.99,2010-12-03 15:19:00,2011-10-05 16:09:00,244.0,306,0
14397,3,19,2612.96,2011-05-10 12:25:00,2011-12-07 09:22:00,137.52,210,0
14400,149,1,574.7,2011-07-13 15:50:00,2011-07-13 15:50:00,574.7,0,1
14401,4,13,4051.48,2010-12-15 09:07:00,2011-12-05 13:30:00,311.65,355,0
14403,130,4,1475.81,2011-04-06 14:23:00,2011-08-01 12:57:00,368.95,116,1
14404,34,6,1449.32,2010-12-05 16:00:00,2011-11-06 12:30:00,241.55,335,0
14406,119,1,156.75,2011-08-12 16:54:00,2011-08-12 16:54:00,156.75,0,1
14407,107,6,2157.73,2011-03-08 11:59:00,2011-08-24 14:02:00,359.62,169,1
14408,11,7,2599.03,2011-03-20 14:41:00,2011-11-29 11:41:00,371.29,253,0
14409,71,6,2059.4500000000003,2010-12-06 15:03:00,2011-09-29 18:18:00,343.24,297,0
14410,92,9,1100.27,2011-02-07 09:36:00,2011-09-08 15:08:00,122.25,213,1
14411,311,1,1063.0,2011-02-02 10:56:00,2011-02-02 10:56:00,1063.0,0,1
14412,43,2,770.03,2011-09-28 08:48:00,2011-10-28 10:45:00,385.02,30,0
14413,362,1,121.05,2010-12-12 13:37:00,2010-12-12 13:37:00,121.05,0,1
14414,92,7,1496.98,2010-12-16 11:11:00,2011-09-09 12:09:00,213.85,267,1
14415,1,13,5855.57,2010-12-14 13:31:00,2011-12-08 14:38:00,450.43,359,0
14416,22,2,490.22,2011-10-28 15:10:00,2011-11-17 15:22:00,245.11,20,0
14418,4,3,1937.25,2011-08-23 17:18:00,2011-12-06 11:39:00,645.75,104,0
14419,11,6,1051.79,2010-12-10 10:56:00,2011-11-29 11:22:00,175.3,354,0
14420,99,1,387.52,2011-09-01 18:07:00,2011-09-01 18:07:00,387.52,0,1
14421,57,2,813.11,2011-05-12 10:49:00,2011-10-13 13:24:00,406.56,154,0
14422,1,6,4263.64,2011-03-17 17:26:00,2011-12-09 11:26:00,710.61,266,0
14423,218,1,265.2,2011-05-05 15:12:00,2011-05-05 15:12:00,265.2,0,1
14424,18,1,322.08,2011-11-22 11:48:00,2011-11-22 11:48:00,322.08,0,0
14426,24,10,4481.67,2011-01-31 09:51:00,2011-11-16 12:25:00,448.17,289,0
14427,50,2,363.34000000000003,2011-10-07 09:10:00,2011-10-20 14:23:00,181.67,13,0
14428,7,5,1224.06,2011-01-18 16:39:00,2011-12-02 13:17:00,244.81,317,0
14431,303,1,470.36,2011-02-10 10:40:00,2011-02-10 10:40:00,470.36,0,1
14432,10,6,2248.5,2011-09-11 14:09:00,2011-11-30 08:04:00,374.75,79,0
14434,22,6,1372.8,2011-09-28 15:31:00,2011-11-18 08:56:00,228.8,50,0
14436,99,1,89.06,2011-09-02 10:13:00,2011-09-02 10:13:00,89.06,0,1
14437,366,1,63.0,2010-12-09 09:27:00,2010-12-09 09:27:00,63.0,0,1
14438,306,1,131.9,2011-02-06 14:56:00,2011-02-06 14:56:00,131.9,0,1
14440,8,5,2357.68,2010-12-09 12:49:00,2011-12-01 15:42:00,471.54,357,0
14441,1,4,1712.89,2011-03-29 12:01:00,2011-12-09 09:07:00,428.22,254,0
14443,54,4,1420.2,2010-12-06 11:03:00,2011-10-17 10:10:00,355.05,314,0
14446,1,4,1010.35,2011-04-07 12:10:00,2011-12-09 11:34:00,252.59,245,0
14447,19,5,1163.23,2011-03-04 10:49:00,2011-11-21 08:28:00,232.65,261,0
14448,9,2,375.35,2010-12-10 17:26:00,2011-11-30 13:50:00,187.68,354,0
14449,19,4,885.8,2010-12-02 14:09:00,2011-11-21 12:06:00,221.45,353,0
14450,181,3,483.25,2011-01-23 11:53:00,2011-06-12 10:46:00,161.08,139,1
14451,60,2,643.9,2011-05-29 12:35:00,2011-10-10 13:38:00,321.95,134,0
14452,11,2,259.05,2011-09-07 11:32:00,2011-11-29 12:06:00,129.52,83,0
14453,190,1,119.93,2011-06-02 14:15:00,2011-06-02 14:15:00,119.93,0,1
14456,5,9,3017.28,2011-07-20 13:06:00,2011-12-04 13:59:00,335.25,137,0
14457,311,1,113.64,2011-02-02 09:39:00,2011-02-02 09:39:00,113.64,0,1
14459,155,1,1837.92,2011-07-07 13:35:00,2011-07-07 13:35:00,1837.92,0,1
14460,110,3,434.34,2011-02-02 11:55:00,2011-08-21 14:19:00,144.78,200,1
14461,148,3,2103.06,2011-03-23 12:15:00,2011-07-14 17:11:00,701.02,113,1
14462,66,11,1980.57,2011-01-04 12:45:00,2011-10-04 15:55:00,180.05,273,0
14463,98,3,529.62,2011-05-18 14:42:00,2011-09-02 15:20:00,176.54,107,1
14465,247,3,1038.44,2011-02-10 12:13:00,2011-04-07 12:38:00,346.15,56,1
14466,29,7,2272.4,2010-12-02 13:36:00,2011-11-10 14:07:00,324.63,343,0
14467,18,4,596.26,2011-01-31 12:35:00,2011-11-22 12:48:00,149.06,295,0
14470,12,2,461.19,2011-02-25 11:56:00,2011-11-28 10:31:00,230.6,275,0
14472,104,8,1852.67,2010-12-19 14:03:00,2011-08-28 11:01:00,231.58,251,1
14473,74,2,234.34,2011-03-02 13:56:00,2011-09-26 15:10:00,117.17,208,0
14474,46,1,547.66,2011-10-24 13:26:00,2011-10-24 13:26:00,547.66,0,0
14475,72,3,925.85,2011-02-08 10:12:00,2011-09-29 10:46:00,308.62,233,0
14476,257,1,193.0,2011-03-27 15:39:00,2011-03-27 15:39:00,193.0,0,1
14477,20,4,1309.6,2011-02-15 15:44:00,2011-11-20 11:11:00,327.4,277,0
14479,254,2,316.25,2010-12-09 12:59:00,2011-03-31 09:07:00,158.12,111,1
14480,11,1,279.05,2011-11-28 16:35:00,2011-11-28 16:35:00,279.05,0,0
14481,165,2,636.51,2011-02-25 13:53:00,2011-06-28 10:38:00,318.26,122,1
14482,18,6,2022.81,2011-04-14 16:41:00,2011-11-21 13:14:00,337.14,220,0
14483,282,1,137.1,2011-03-03 10:26:00,2011-03-03 10:26:00,137.1,0,1
14484,50,1,321.92,2011-10-20 14:11:00,2011-10-20 14:11:00,321.92,0,0
14485,39,1,162.8,2011-11-01 12:25:00,2011-11-01 12:25:00,162.8,0,0
14487,27,6,1165.48,2010-12-06 13:22:00,2011-11-13 12:17:00,194.25,341,0
14488,68,1,1064.28,2011-10-03 09:30:00,2011-10-03 09:30:00,1064.28,0,0
14489,207,1,463.38,2011-05-16 14:51:00,2011-05-16 14:51:00,463.38,0,1
14491,175,2,340.93,2010-12-02 12:10:00,2011-06-17 15:22:00,170.46,197,1
14493,7,5,2383.2400000000002,2011-07-07 16:59:00,2011-12-02 16:14:00,476.65,147,0
14494,26,1,139.56,2011-11-14 09:21:00,2011-11-14 09:21:00,139.56,0,0
14495,51,2,123.80000000000001,2011-08-10 14:13:00,2011-10-20 12:28:00,61.9,70,0
14496,312,2,538.8100000000001,2010-12-01 15:35:00,2011-02-01 09:01:00,269.41,61,1
14497,309,1,475.37,2011-02-03 17:01:00,2011-02-03 17:01:00,475.37,0,1
14498,43,5,1957.32,2010-12-13 11:29:00,2011-10-28 12:09:00,391.46,319,0
14499,26,3,808.44,2011-03-06 11:55:00,2011-11-13 13:01:00,269.48,252,0
14500,88,3,356.85,2011-06-03 10:08:00,2011-09-12 16:45:00,118.95,101,0
14501,184,2,251.21,2011-01-24 10:43:00,2011-06-09 12:02:00,125.6,136,1
14502,20,11,2429.83,2011-01-30 15:52:00,2011-11-20 11:50:00,220.89,293,0
14503,3,6,3543.26,2011-06-14 10:00:00,2011-12-06 13:30:00,590.54,175,0
14504,47,4,673.26,2011-03-06 14:38:00,2011-10-23 16:00:00,168.32,231,0
14505,17,8,5859.43,2010-12-12 16:14:00,2011-11-22 15:45:00,732.43,344,0
14506,17,5,1960.65,2010-12-05 14:25:00,2011-11-22 13:02:00,392.13,351,0
14507,24,6,1367.88,2011-03-08 17:23:00,2011-11-16 12:21:00,227.98,252,0
14508,22,2,268.05,2011-09-11 11:29:00,2011-11-17 19:48:00,134.02,67,0
14511,11,5,1314.81,2011-07-29 12:13:00,2011-11-28 17:05:00,262.96,122,0
14512,188,2,275.28,2011-04-21 19:05:00,2011-06-05 12:39:00,137.64,44,1
14513,101,3,455.59000000000003,2011-02-24 09:36:00,2011-08-31 11:25:00,151.86,188,1
14514,61,3,990.2,2011-01-12 15:22:00,2011-10-09 16:05:00,330.07,270,0
14515,18,6,2076.89,2011-05-05 12:13:00,2011-11-22 11:37:00,346.15,200,0
14517,33,2,330.45,2011-07-21 11:42:00,2011-11-06 14:20:00,165.22,108,0
14518,64,1,174.37,2011-10-06 14:43:00,2011-10-06 14:43:00,174.37,0,0
14520,2,2,270.6,2011-02-22 09:15:00,2011-12-08 09:46:00,135.3,289,0
14522,24,4,974.54,2011-05-25 16:01:00,2011-11-15 13:24:00,243.64,173,0
14523,108,1,241.09,2011-08-23 13:13:00,2011-08-23 13:13:00,241.09,0,1
14524,32,9,1843.83,2010-12-14 11:01:00,2011-11-08 12:29:00,204.87,329,0
14525,20,9,4215.9,2010-12-13 17:40:00,2011-11-20 11:37:00,468.43,341,0
14527,3,55,8507.13,2010-12-05 13:17:00,2011-12-07 12:19:00,154.68,366,0
14528,37,1,364.21999999999997,2011-11-02 17:09:00,2011-11-02 17:09:00,364.22,0,0
14529,60,3,578.61,2011-08-21 14:10:00,2011-10-10 15:27:00,192.87,50,0
14530,26,6,2862.11,2011-02-16 10:47:00,2011-11-14 10:38:00,477.02,270,0
14532,236,4,932.85,2010-12-22 13:48:00,2011-04-17 13:05:00,233.21,115,1
14533,25,7,1949.72,2010-12-22 11:07:00,2011-11-15 12:05:00,278.53,328,0
14534,3,18,4397.3,2011-01-25 12:33:00,2011-12-07 12:19:00,244.29,315,0
14535,60,3,2854.84,2011-04-05 12:50:00,2011-10-10 15:39:00,951.61,188,0
14536,260,1,170.95,2011-03-25 12:21:00,2011-03-25 12:21:00,170.95,0,1
14537,58,1,355.56,2011-10-13 10:54:00,2011-10-13 10:54:00,355.56,0,0
14538,65,2,388.25,2011-03-28 14:57:00,2011-10-06 10:31:00,194.12,191,0
14539,16,2,537.48,2011-10-26 12:03:00,2011-11-24 09:50:00,268.74,28,0
14540,10,3,952.66,2011-02-03 15:02:00,2011-11-30 10:15:00,317.55,299,0
14541,59,8,1453.35,2011-01-24 14:16:00,2011-10-12 10:08:00,181.67,260,0
14542,186,1,103.25,2011-06-07 08:19:00,2011-06-07 08:19:00,103.25,0,1
14543,29,16,3599.73,2010-12-10 11:51:00,2011-11-11 12:45:00,224.98,336,0
14544,24,2,2004.3,2010-12-13 12:50:00,2011-11-15 15:06:00,1002.15,337,0
14546,5,5,2573.93,2011-04-05 12:37:00,2011-12-04 13:00:00,514.79,243,0
14547,4,8,3974.75,2011-10-16 14:35:00,2011-12-06 11:06:00,496.84,50,0
14548,151,2,652.8,2011-01-26 08:38:00,2011-07-12 12:19:00,326.4,167,1
14549,311,1,289.24,2011-02-01 13:47:00,2011-02-01 13:47:00,289.24,0,1
14550,11,2,757.37,2011-10-26 12:14:00,2011-11-29 12:12:00,378.68,33,0
14551,18,2,186.23,2011-05-19 18:21:00,2011-11-21 13:36:00,93.12,185,0
14552,152,1,164.22,2011-07-11 12:49:00,2011-07-11 12:49:00,164.22,0,1
14553,19,5,859.27,2011-01-04 15:40:00,2011-11-20 13:20:00,171.85,319,0
14554,10,4,2279.4900000000002,2011-10-18 13:04:00,2011-11-29 16:44:00,569.87,42,0
14555,57,2,312.54,2011-02-10 17:19:00,2011-10-13 16:24:00,156.27,244,0
14557,85,1,788.38,2011-09-15 15:48:00,2011-09-15 15:48:00,788.38,0,0
14560,7,22,2237.77,2010-12-17 09:22:00,2011-12-02 15:22:00,101.72,350,0
14561,76,3,1080.76,2011-06-08 13:26:00,2011-09-25 12:39:00,360.25,108,0
14562,4,18,5006.77,2011-02-08 14:45:00,2011-12-06 11:05:00,278.15,300,0
14565,96,4,3099.12,2010-12-13 13:25:00,2011-09-05 09:07:00,774.78,265,1
14567,57,2,1530.3600000000001,2011-08-01 13:48:00,2011-10-14 10:21:00,765.18,73,0
14569,1,1,227.39,2011-12-08 14:58:00,2011-12-08 14:58:00,227.39,0,0
14570,281,2,218.06,2011-03-04 10:39:00,2011-03-04 10:58:00,109.03,0,1
14572,3,7,2804.54,2011-01-19 17:23:00,2011-12-06 14:40:00,400.65,320,0
14573,180,9,1639.82,2010-12-02 19:59:00,2011-06-13 11:15:00,182.2,192,1
14576,372,1,35.400000000000006,2010-12-02 17:51:00,2010-12-02 17:51:00,35.4,0,1
14577,13,4,859.71,2010-12-12 11:26:00,2011-11-27 12:47:00,214.93,350,0
14578,3,1,168.63,2011-12-06 17:18:00,2011-12-06 17:18:00,168.63,0,0
14581,17,1,138.6,2011-11-23 12:39:00,2011-11-23 12:39:00,138.6,0,0
14582,41,1,114.11,2011-10-30 11:56:00,2011-10-30 11:56:00,114.11,0,0
14583,6,5,986.96,2011-05-18 11:28:00,2011-12-04 12:32:00,197.39,200,0
14584,169,4,1033.06,2011-05-25 17:31:00,2011-06-23 18:33:00,258.26,29,1
14585,50,1,157.05,2011-10-20 14:33:00,2011-10-20 14:33:00,157.05,0,0
14586,277,1,237.35999999999999,2011-03-08 10:04:00,2011-03-08 10:04:00,237.36,0,1
14587,19,9,1580.29,2011-01-12 13:16:00,2011-11-21 11:34:00,175.59,312,0
14589,372,1,39.75,2010-12-03 11:42:00,2010-12-03 11:42:00,39.75,0,1
14591,15,4,1320.21,2011-05-10 14:09:00,2011-11-24 13:57:00,330.05,197,0
14592,35,3,557.94,2011-10-06 18:08:00,2011-11-04 16:35:00,185.98,28,0
14593,22,3,617.15,2011-05-25 11:14:00,2011-11-18 12:48:00,205.72,177,0
14594,7,2,363.33,2010-12-01 13:54:00,2011-12-02 13:28:00,181.66,365,0
14595,20,6,1740.6000000000001,2011-01-30 13:36:00,2011-11-20 12:12:00,290.1,293,0
14597,11,2,866.24,2011-06-01 12:33:00,2011-11-28 13:13:00,433.12,180,0
14598,44,1,221.97,2011-10-26 13:19:00,2011-10-26 13:19:00,221.97,0,0
14600,306,1,393.33000000000004,2011-02-07 09:48:00,2011-02-07 09:48:00,393.33,0,1
14601,11,1,213.96,2011-11-29 09:48:00,2011-11-29 09:48:00,213.96,0,0
14603,275,1,660.0,2011-03-10 10:27:00,2011-03-10 10:27:00,660.0,0,1
14606,1,93,12076.15,2010-12-01 16:57:00,2011-12-08 19:28:00,129.85,372,0
14607,16,14,16209.5,2011-03-23 15:22:00,2011-11-24 10:35:00,1157.82,245,0
14608,4,4,1785.15,2010-12-12 14:49:00,2011-12-05 16:52:00,446.29,358,0
14609,72,4,601.56,2011-02-16 12:10:00,2011-09-28 12:54:00,150.39,224,0
14616,243,3,406.08000000000004,2011-01-26 12:42:00,2011-04-11 09:54:00,135.36,74,1
14618,9,3,553.44,2011-01-06 11:59:00,2011-11-30 13:45:00,184.48,328,0
14619,246,1,394.44,2011-04-08 07:37:00,2011-04-08 07:37:00,394.44,0,1
14620,206,2,412.78000000000003,2011-03-01 08:30:00,2011-05-18 11:58:00,206.39,78,1
14621,1,5,1788.3600000000001,2010-12-16 13:00:00,2011-12-08 16:22:00,357.67,357,0
14622,185,1,320.58000000000004,2011-06-08 12:42:00,2011-06-08 12:42:00,320.58,0,1
14623,32,5,886.7,2011-04-18 13:54:00,2011-11-07 13:56:00,177.34,203,0
14624,57,2,225.85,2011-10-11 14:39:00,2011-10-13 13:44:00,112.92,1,0
14625,196,2,899.63,2010-12-13 15:36:00,2011-05-27 15:32:00,449.82,164,1
14626,24,4,2791.27,2011-04-20 13:18:00,2011-11-16 10:37:00,697.82,209,0
14628,91,2,671.96,2011-04-11 14:43:00,2011-09-09 14:58:00,335.98,151,1
14629,4,2,955.26,2011-10-23 16:13:00,2011-12-05 16:55:00,477.63,43,0
14631,51,3,1006.98,2011-02-14 09:31:00,2011-10-20 11:17:00,335.66,248,0
14632,263,1,114.56,2011-03-22 08:49:00,2011-03-22 08:49:00,114.56,0,1
14633,266,1,344.90000000000003,2011-03-18 17:07:00,2011-03-18 17:07:00,344.9,0,1
14636,36,2,609.85,2011-03-16 09:52:00,2011-11-03 16:12:00,304.92,232,0
14638,51,1,443.6,2011-10-20 10:10:00,2011-10-20 10:10:00,443.6,0,0
14639,52,6,2984.4900000000002,2010-12-13 13:50:00,2011-10-18 15:06:00,497.42,309,0
14640,24,6,2107.38,2011-04-26 12:31:00,2011-11-15 13:07:00,351.23,203,0
14641,22,1,110.46000000000001,2011-11-18 10:42:00,2011-11-18 10:42:00,110.46,0,0
14642,59,1,96.12,2011-10-12 11:08:00,2011-10-12 11:08:00,96.12,0,0
14643,170,2,693.8100000000001,2010-12-16 17:53:00,2011-06-22 14:41:00,346.9,187,1
14644,68,2,830.76,2011-02-14 14:14:00,2011-10-03 08:30:00,415.38,230,0
14645,157,2,597.09,2011-03-09 09:52:00,2011-07-06 09:15:00,298.54,118,1
14647,201,1,236.04000000000002,2011-05-22 13:40:00,2011-05-22 13:40:00,236.04,0,1
14649,5,4,1402.59,2011-05-11 14:37:00,2011-12-05 12:30:00,350.65,207,0
14651,67,2,653.75,2011-05-12 16:29:00,2011-10-03 15:52:00,326.88,143,0
14652,77,1,114.18,2011-09-23 14:21:00,2011-09-23 14:21:00,114.18,0,0
14653,1,7,1926.65,2011-01-05 13:40:00,2011-12-08 13:45:00,275.24,337,0
14655,8,4,1932.23,2011-05-01 14:59:00,2011-12-01 16:28:00,483.06,214,0
14656,169,2,291.05,2011-03-01 13:19:00,2011-06-23 13:51:00,145.52,114,1
14657,18,4,848.22,2011-01-17 15:19:00,2011-11-22 12:47:00,212.06,308,0
14658,5,2,247.15,2011-08-14 15:42:00,2011-12-04 15:35:00,123.58,111,0
14659,9,9,2529.93,2011-01-28 12:43:00,2011-12-01 12:17:00,281.1,306,0
14660,87,2,285.74,2011-08-31 10:40:00,2011-09-14 11:34:00,142.87,14,0
14661,27,1,107.95,2011-11-13 11:51:00,2011-11-13 11:51:00,107.95,0,0
14662,29,4,741.37,2011-01-27 17:41:00,2011-11-11 12:13:00,185.34,287,0
14664,20,2,636.24,2011-11-06 14:56:00,2011-11-20 10:59:00,318.12,13,0
14665,61,5,1835.7,2011-02-02 09:08:00,2011-10-10 09:14:00,367.14,250,0
14666,24,1,195.25,2011-11-15 12:57:00,2011-11-15 12:57:00,195.25,0,0
14667,11,25,9175.04,2010-12-06 13:13:00,2011-11-29 11:30:00,367.0,357,0
14669,242,3,1259.24,2011-01-11 12:30:00,2011-04-12 11:43:00,419.75,90,1
14670,280,2,392.86,2011-03-04 13:58:00,2011-03-04 14:13:00,196.43,0,1
14672,235,2,765.5500000000001,2011-01-07 15:48:00,2011-04-19 10:19:00,382.78,101,1
14673,3,5,1736.4,2010-12-07 12:49:00,2011-12-06 14:31:00,347.28,364,0
14675,16,1,596.36,2011-11-23 12:58:00,2011-11-23 12:58:00,596.36,0,0
14676,31,6,2548.2400000000002,2011-03-01 14:26:00,2011-11-08 13:29:00,424.71,251,0
14680,25,16,28754.11,2010-12-03 12:05:00,2011-11-14 16:59:00,1797.13,346,0
14681,71,3,498.95,2011-05-12 10:45:00,2011-09-29 15:52:00,166.32,140,0
14682,188,2,52.0,2011-05-22 12:51:00,2011-06-05 12:12:00,26.0,13,1
14684,26,5,1201.51,2010-12-12 12:44:00,2011-11-14 11:33:00,240.3,336,0
14687,107,1,628.38,2011-08-25 11:59:00,2011-08-25 11:59:00,628.38,0,1
14688,8,21,5579.1,2010-12-01 09:37:00,2011-12-02 12:26:00,265.67,366,0
14689,209,1,112.80000000000001,2011-05-15 11:22:00,2011-05-15 11:22:00,112.8,0,1
14690,44,2,355.05,2011-07-11 11:58:00,2011-10-26 15:39:00,177.52,107,0
14691,31,5,2114.33,2011-05-11 09:55:00,2011-11-09 12:30:00,422.87,182,0
14692,137,4,591.55,2011-01-21 13:47:00,2011-07-25 15:08:00,147.89,185,1
14693,264,1,172.9,2011-03-20 12:50:00,2011-03-20 12:50:00,172.9,0,1
14696,4,7,2078.95,2010-12-01 15:37:00,2011-12-05 13:43:00,296.99,368,0
14697,218,2,188.61,2011-05-05 15:29:00,2011-05-05 15:39:00,94.3,0,1
14698,2,5,1217.27,2011-10-19 12:54:00,2011-12-08 12:26:00,243.45,49,0
14699,214,1,109.13000000000001,2011-05-09 14:54:00,2011-05-09 14:54:00,109.13,0,1
14700,32,3,2195.1,2011-04-15 13:16:00,2011-11-07 14:40:00,731.7,206,0
14701,11,9,2526.09,2011-01-27 12:40:00,2011-11-29 12:38:00,280.68,305,0
14702,1,17,3251.79,2010-12-09 19:23:00,2011-12-08 19:29:00,191.28,364,0
14703,15,1,318.17,2011-11-25 09:23:00,2011-11-25 09:23:00,318.17,0,0
14704,11,9,1493.96,2011-06-12 13:59:00,2011-11-28 12:51:00,166.0,168,0
14705,199,1,179.0,2011-05-25 12:39:00,2011-05-25 12:39:00,179.0,0,1
14708,3,3,1126.3700000000001,2010-12-06 12:23:00,2011-12-07 08:21:00,375.46,365,0
14709,15,13,4921.04,2010-12-16 13:43:00,2011-11-24 15:41:00,378.54,343,0
14710,14,4,599.48,2011-10-11 13:49:00,2011-11-25 14:53:00,149.87,45,0
14711,10,11,2839.62,2011-03-22 13:32:00,2011-11-29 14:58:00,258.15,252,0
14712,29,3,917.07,2011-08-19 13:33:00,2011-11-10 12:59:00,305.69,82,0
14713,9,11,2662.2,2010-12-09 18:58:00,2011-11-30 16:26:00,242.02,355,0
14714,24,1,160.19,2011-11-15 13:07:00,2011-11-15 13:07:00,160.19,0,0
14715,25,4,867.38,2011-01-12 13:27:00,2011-11-15 12:10:00,216.84,306,0
14716,43,2,307.51,2011-07-14 12:42:00,2011-10-27 17:29:00,153.76,105,0
14719,2,5,1581.84,2011-04-04 14:17:00,2011-12-08 12:43:00,316.37,247,0
14720,6,3,663.81,2011-08-05 12:06:00,2011-12-04 12:02:00,221.27,120,0
14722,147,1,180.42,2011-07-15 14:58:00,2011-07-15 14:58:00,180.42,0,1
14723,10,6,1122.36,2010-12-03 14:18:00,2011-11-29 15:23:00,187.06,361,0
14725,25,1,655.58,2011-11-15 12:42:00,2011-11-15 12:42:00,655.58,0,0
14727,274,1,268.58,2011-03-10 14:45:00,2011-03-10 14:45:00,268.58,0,1
14729,374,1,313.49,2010-12-01 12:43:00,2010-12-01 12:43:00,313.49,0,1
14730,1,8,1897.57,2011-03-08 12:49:00,2011-12-08 14:39:00,237.2,275,0
14731,47,3,380.02,2011-05-11 13:06:00,2011-10-23 15:54:00,126.67,165,0
14732,8,8,2702.4900000000002,2011-01-04 14:40:00,2011-12-01 14:34:00,337.81,330,0
14733,16,12,9585.91,2010-12-07 11:30:00,2011-11-23 15:39:00,798.83,351,0
14735,4,32,6065.6900000000005,2010-12-16 16:05:00,2011-12-06 12:09:00,189.55,354,0
14737,4,3,1164.55,2010-12-21 13:49:00,2011-12-06 10:16:00,388.18,349,0
14738,43,7,1314.45,2011-01-27 14:10:00,2011-10-28 08:56:00,187.78,273,0
14739,4,7,3902.28,2010-12-07 14:58:00,2011-12-05 16:54:00,557.47,363,0
14740,197,3,1448.21,2011-03-01 08:35:00,2011-05-26 18:17:00,482.74,86,1
14741,12,6,1400.3400000000001,2010-12-02 08:43:00,2011-11-28 08:48:00,233.39,361,0
14744,16,7,1099.98,2010-12-08 10:21:00,2011-11-23 12:51:00,157.14,350,0
14745,113,5,1220.26,2011-02-27 15:25:00,2011-08-19 10:05:00,244.05,172,1
14747,249,1,328.2,2011-04-04 14:09:00,2011-04-04 14:09:00,328.2,0,1
14748,29,5,1415.75,2010-12-06 10:19:00,2011-11-10 18:33:00,283.15,339,0
14752,44,1,389.64000000000004,2011-10-27 11:55:00,2011-10-27 11:55:00,389.64,0,0
14753,87,1,563.15,2011-09-13 14:50:00,2011-09-13 14:50:00,563.15,0,0
14754,45,2,638.05,2011-02-17 12:21:00,2011-10-26 12:01:00,319.02,250,0
14755,10,11,5010.28,2011-01-09 14:02:00,2011-11-30 11:24:00,455.48,324,0
14756,15,1,738.96,2011-11-24 18:13:00,2011-11-24 18:13:00,738.96,0,0
14757,75,1,420.5,2011-09-25 14:36:00,2011-09-25 14:36:00,420.5,0,0
14758,145,4,1484.06,2011-03-25 12:10:00,2011-07-18 08:21:00,371.02,114,1
14759,5,3,1625.97,2011-04-21 10:55:00,2011-12-05 12:03:00,541.99,228,0
14760,297,1,89.2,2011-02-15 16:27:00,2011-02-15 16:27:00,89.2,0,1
14761,59,2,255.9,2011-01-09 12:03:00,2011-10-12 12:10:00,127.95,276,0
14762,264,1,300.52,2011-03-21 08:20:00,2011-03-21 08:20:00,300.52,0,1
14764,47,1,278.3,2011-10-24 11:54:00,2011-10-24 11:54:00,278.3,0,0
14765,29,3,254.11,2011-06-16 19:49:00,2011-11-10 19:53:00,84.7,147,0
14766,8,6,2473.37,2010-12-08 15:33:00,2011-12-01 16:05:00,412.23,358,0
14768,17,2,192.60000000000002,2011-08-04 13:25:00,2011-11-22 12:54:00,96.3,109,0
14769,3,8,10416.98,2010-12-17 11:40:00,2011-12-07 10:24:00,1302.12,354,0
14770,232,2,876.4200000000001,2011-01-20 15:00:00,2011-04-21 14:21:00,438.21,90,1
14772,112,1,139.26,2011-08-19 15:04:00,2011-08-19 15:04:00,139.26,0,1
14775,58,3,1011.9,2010-12-02 16:38:00,2011-10-12 15:27:00,337.3,313,0
14776,51,11,2538.2999999999997,2011-01-31 13:17:00,2011-10-19 15:34:00,230.75,261,0
14778,127,2,730.86,2011-02-04 11:43:00,2011-08-04 15:23:00,365.43,181,1
14779,281,3,386.15,2011-01-20 12:04:00,2011-03-04 12:42:00,128.72,43,1
14780,55,2,447.68,2011-09-21 15:15:00,2011-10-16 12:46:00,223.84,24,0
14782,320,1,200.10000000000002,2011-01-24 11:12:00,2011-01-24 11:12:00,200.1,0,1
14784,26,2,289.99,2011-01-20 09:25:00,2011-11-13 13:30:00,145.0,297,0
14785,10,2,77.4,2011-11-24 13:40:00,2011-11-29 13:21:00,38.7,4,0
14788,7,2,679.44,2011-11-13 15:52:00,2011-12-02 17:06:00,339.72,19,0
14789,29,1,197.64,2011-11-11 08:59:00,2011-11-11 08:59:00,197.64,0,0
14790,17,4,745.06,2011-03-31 11:49:00,2011-11-23 09:28:00,186.26,236,0
14792,64,1,6.2,2011-10-07 09:19:00,2011-10-07 09:19:00,6.2,0,0
14793,21,1,228.99,2011-11-18 14:50:00,2011-11-18 14:50:00,228.99,0,0
14794,3,7,1319.91,2011-01-09 16:11:00,2011-12-07 10:11:00,188.56,331,0
14795,166,1,131.45000000000002,2011-06-26 13:04:00,2011-06-26 13:04:00,131.45,0,1
14796,1,17,7975.49,2010-12-08 10:40:00,2011-12-08 15:31:00,469.15,365,0
14798,53,3,173.74,2011-02-02 15:26:00,2011-10-18 10:58:00,57.91,257,0
14799,51,1,157.7,2011-10-19 16:16:00,2011-10-19 16:16:00,157.7,0,0
14800,48,12,4331.79,2010-12-05 11:10:00,2011-10-23 12:46:00,360.98,322,0
14801,61,1,189.34,2011-10-09 15:24:00,2011-10-09 15:24:00,189.34,0,0
14803,162,3,845.5500000000001,2011-02-20 13:21:00,2011-06-30 13:58:00,281.85,130,1
14804,9,1,353.27,2011-12-01 11:20:00,2011-12-01 11:20:00,353.27,0,0
14805,15,4,546.4,2011-01-30 10:43:00,2011-11-24 16:20:00,136.6,298,0
14806,75,1,193.39000000000001,2011-09-25 15:32:00,2011-09-25 15:32:00,193.39,0,0
14808,40,8,2718.6,2011-06-20 12:53:00,2011-10-31 12:21:00,339.82,132,0
14810,41,11,2085.33,2010-12-05 12:08:00,2011-10-30 11:19:00,189.58,328,0
14813,370,2,152.88,2010-12-05 11:54:00,2010-12-05 11:57:00,76.44,0,1
14815,37,2,778.5,2011-10-03 11:36:00,2011-11-03 11:36:00,389.25,31,0
14816,197,1,271.85,2011-05-26 13:16:00,2011-05-26 13:16:00,271.85,0,1
14817,200,2,1110.34,2011-03-07 13:51:00,2011-05-23 13:35:00,555.17,76,1
14818,74,3,657.8,2011-03-31 12:28:00,2011-09-27 11:01:00,219.27,179,0
14819,64,2,272.07,2011-05-31 13:50:00,2011-10-06 13:41:00,136.04,127,0
14820,21,4,507.29,2011-06-19 14:56:00,2011-11-18 15:41:00,126.82,152,0
14821,367,1,48.800000000000004,2010-12-08 08:43:00,2010-12-08 08:43:00,48.8,0,1
14823,180,3,321.43,2011-05-29 12:48:00,2011-06-12 13:12:00,107.14,14,1
14824,10,4,1127.71,2011-09-09 14:12:00,2011-11-29 14:20:00,281.93,81,0
14825,4,12,2221.01,2010-12-06 12:30:00,2011-12-06 11:38:00,185.08,364,0
14828,197,3,2139.76,2011-01-07 09:50:00,2011-05-27 10:16:00,713.25,140,1
14829,29,4,697.55,2010-12-02 16:12:00,2011-11-10 16:16:00,174.39,343,0
14830,53,1,188.88,2011-10-17 14:29:00,2011-10-17 14:29:00,188.88,0,0
14834,18,6,1720.3,2011-04-13 15:00:00,2011-11-22 10:30:00,286.72,222,0
14836,10,3,102.45,2011-11-09 13:26:00,2011-11-29 16:45:00,34.15,20,0
14837,90,4,1649.5,2011-05-22 12:49:00,2011-09-11 10:58:00,412.38,111,0
14840,268,1,62.85,2011-03-17 12:00:00,2011-03-17 12:00:00,62.85,0,1
14841,53,6,3295.76,2010-12-16 10:28:00,2011-10-17 15:03:00,549.29,305,0
14842,44,4,2824.69,2011-02-04 15:32:00,2011-10-27 12:37:00,706.17,264,0
14844,64,4,3189.81,2011-04-12 13:10:00,2011-10-07 10:41:00,797.45,177,0
14847,149,1,309.40000000000003,2011-07-14 10:52:00,2011-07-14 10:52:00,309.4,0,1
14849,22,25,7930.54,2010-12-01 12:22:00,2011-11-18 10:58:00,317.22,351,0
14850,312,1,325.75,2011-02-01 11:21:00,2011-02-01 11:21:00,325.75,0,1
14851,23,2,511.35,2011-03-28 14:59:00,2011-11-16 14:20:00,255.68,232,0
14852,58,6,2836.69,2011-04-01 13:22:00,2011-10-12 13:20:00,472.78,193,0
14853,24,2,475.8,2011-05-12 15:17:00,2011-11-15 16:56:00,237.9,187,0
14854,78,7,2740.03,2011-03-10 12:22:00,2011-09-22 17:00:00,391.43,196,0
14855,119,2,645.65,2011-07-28 12:06:00,2011-08-12 14:02:00,322.82,15,1
14856,36,3,1290.53,2011-10-14 09:35:00,2011-11-03 14:53:00,430.18,20,0
14857,60,2,1173.1200000000001,2011-07-14 15:03:00,2011-10-11 09:23:00,586.56,88,0
14859,13,4,1353.74,2011-05-19 14:42:00,2011-11-27 11:18:00,338.44,191,0
14860,19,1,170.32,2011-11-20 14:17:00,2011-11-20 14:17:00,170.32,0,0
14861,52,1,125.79,2011-10-18 12:54:00,2011-10-18 12:54:00,125.79,0,0
14862,26,2,841.2,2011-07-14 11:20:00,2011-11-14 10:01:00,420.6,122,0
14863,29,1,266.76,2011-11-10 15:04:00,2011-11-10 15:04:00,266.76,0,0
14865,7,2,52.2,2010-12-02 18:23:00,2011-12-02 16:25:00,26.1,364,0
14866,11,12,14389.9,2010-12-08 14:58:00,2011-11-29 11:45:00,1199.16,355,0
14867,186,3,710.28,2011-01-07 16:34:00,2011-06-07 11:39:00,236.76,150,1
14868,3,8,2953.59,2011-04-20 13:36:00,2011-12-06 14:49:00,369.2,230,0
14869,9,2,721.45,2011-08-28 16:09:00,2011-12-01 12:36:00,360.72,94,0
14870,262,1,327.25,2011-03-23 10:51:00,2011-03-23 10:51:00,327.25,0,1
14871,3,4,501.28000000000003,2010-12-14 12:18:00,2011-12-06 13:42:00,125.32,357,0
14873,210,1,519.68,2011-05-13 13:52:00,2011-05-13 13:52:00,519.68,0,1
14875,108,2,1465.32,2011-03-22 11:53:00,2011-08-24 12:20:00,732.66,155,1
14878,13,9,1476.09,2010-12-16 12:11:00,2011-11-27 11:15:00,164.01,345,0
14880,77,3,690.59,2011-02-24 12:27:00,2011-09-23 13:42:00,230.2,211,0
14881,20,1,255.4,2011-11-20 11:06:00,2011-11-20 11:06:00,255.4,0,0
14882,27,2,589.7,2011-11-06 10:15:00,2011-11-13 12:47:00,294.85,7,0
14883,19,6,761.59,2011-05-12 09:49:00,2011-11-21 10:23:00,126.93,193,0
14885,132,1,765.3199999999999,2011-07-31 12:05:00,2011-07-31 12:05:00,765.32,0,1
14886,253,1,364.8,2011-04-01 08:56:00,2011-04-01 08:56:00,364.8,0,1
14887,79,1,1862.0,2011-09-21 15:32:00,2011-09-21 15:32:00,1862.0,0,0
14888,207,1,369.2,2011-05-16 14:58:00,2011-05-16 14:58:00,369.2,0,1
14889,336,1,135.9,2011-01-07 15:19:00,2011-01-07 15:19:00,135.9,0,1
14890,254,1,125.65,2011-03-31 11:57:00,2011-03-31 11:57:00,125.65,0,1
14891,148,2,554.38,2011-06-05 10:58:00,2011-07-14 18:08:00,277.19,39,1
14893,10,2,1237.8500000000001,2011-11-28 10:49:00,2011-11-30 12:31:00,618.93,2,0
14894,85,1,655.75,2011-09-15 13:51:00,2011-09-15 13:51:00,655.75,0,0
14895,8,20,11138.710000000001,2011-02-22 13:08:00,2011-12-02 09:23:00,556.94,282,0
14896,205,2,468.77000000000004,2010-12-09 12:24:00,2011-05-19 10:20:00,234.39,160,1
14897,8,4,1366.38,2011-02-16 08:37:00,2011-12-02 10:32:00,341.6,289,0
14898,23,6,1269.31,2010-12-03 15:25:00,2011-11-16 14:54:00,211.55,347,0
14901,11,9,1421.29,2010-12-02 11:20:00,2011-11-28 17:09:00,157.92,361,0
14902,26,1,332.66,2011-11-14 10:34:00,2011-11-14 10:34:00,332.66,0,0
14903,21,5,2795.33,2011-03-06 11:50:00,2011-11-18 16:07:00,559.07,257,0
14904,2,2,1025.44,2011-11-14 09:13:00,2011-12-07 12:55:00,512.72,23,0
14905,158,2,616.15,2011-04-20 10:48:00,2011-07-05 12:41:00,308.08,76,1
14907,3,7,3501.1,2010-12-07 10:14:00,2011-12-06 14:14:00,500.16,364,0
14908,74,1,277.8,2011-09-26 12:56:00,2011-09-26 12:56:00,277.8,0,0
14910,3,4,434.35,2011-10-16 11:06:00,2011-12-07 10:06:00,108.59,51,0
14913,36,4,1227.43,2010-12-15 14:35:00,2011-11-04 08:29:00,306.86,323,0
14915,91,2,307.48,2011-03-07 09:39:00,2011-09-09 13:34:00,153.74,186,1
14916,71,4,1268.98,2011-01-19 15:30:00,2011-09-30 09:20:00,317.24,253,0
14918,116,2,1610.15,2011-07-08 12:50:00,2011-08-16 11:50:00,805.08,38,1
14920,213,2,977.77,2011-05-11 10:31:00,2011-05-11 10:32:00,488.88,0,1
14921,30,2,1316.07,2011-05-22 12:51:00,2011-11-09 13:17:00,658.04,171,0
14923,51,1,749.1,2011-10-20 11:51:00,2011-10-20 11:51:00,749.1,0,0
14924,246,1,310.05,2011-04-08 09:25:00,2011-04-08 09:25:00,310.05,0,1
14929,32,1,223.88,2011-11-07 17:21:00,2011-11-07 17:21:00,223.88,0,0
14944,30,12,5900.25,2011-02-16 12:47:00,2011-11-10 09:10:00,491.69,266,0
14946,14,1,100.9,2011-11-25 13:33:00,2011-11-25 13:33:00,100.9,0,0
14947,72,2,290.82,2011-08-01 09:31:00,2011-09-28 15:48:00,145.41,58,0
14948,23,6,1101.97,2011-05-04 14:52:00,2011-11-16 17:16:00,183.66,196,0
14950,19,1,371.2,2011-11-20 13:48:00,2011-11-20 13:48:00,371.2,0,0
14951,79,1,311.69,2011-09-21 15:15:00,2011-09-21 15:15:00,311.69,0,0
14952,60,11,8099.49,2010-12-10 12:48:00,2011-10-11 10:33:00,736.32,304,0
14953,25,1,285.67,2011-11-14 14:59:00,2011-11-14 14:59:00,285.67,0,0
14954,12,1,294.85,2011-11-27 14:30:00,2011-11-27 14:30:00,294.85,0,0
14957,253,1,58.49,2011-03-31 17:59:00,2011-03-31 17:59:00,58.49,0,1
14958,147,3,483.73,2011-04-08 11:28:00,2011-07-15 14:20:00,161.24,98,1
14959,64,4,695.42,2011-02-16 13:00:00,2011-10-06 18:23:00,173.86,232,0
14960,8,2,221.27,2011-06-21 13:38:00,2011-12-01 12:54:00,110.64,162,0
14961,11,9,7044.68,2010-12-14 11:38:00,2011-11-29 09:42:00,782.74,349,0
14962,271,1,126.7,2011-03-14 09:42:00,2011-03-14 09:42:00,126.7,0,1
14963,10,5,1472.34,2011-06-09 12:30:00,2011-11-30 12:16:00,294.47,173,0
14964,247,1,206.21,2011-04-06 14:13:00,2011-04-06 14:13:00,206.21,0,1
14965,96,2,596.09,2011-09-04 13:15:00,2011-09-04 13:20:00,298.04,0,1
14966,15,1,183.02,2011-11-25 12:20:00,2011-11-25 12:20:00,183.02,0,0
14967,50,1,463.8,2011-10-21 11:06:00,2011-10-21 11:06:00,463.8,0,0
14968,30,1,147.59,2011-11-09 13:58:00,2011-11-09 13:58:00,147.59,0,0
14970,68,4,1592.06,2011-01-27 12:23:00,2011-10-02 13:44:00,398.02,248,0
14971,35,3,1097.98,2011-10-27 13:33:00,2011-11-04 17:07:00,365.99,8,0
14972,128,1,114.77,2011-08-03 14:54:00,2011-08-03 14:54:00,114.77,0,1
14973,107,3,1314.45,2011-04-28 12:22:00,2011-08-24 15:51:00,438.15,118,1
14974,37,1,89.94,2011-11-02 13:01:00,2011-11-02 13:01:00,89.94,0,0
14975,57,1,279.94,2011-10-13 14:08:00,2011-10-13 14:08:00,279.94,0,0
14976,57,7,790.86,2011-01-17 11:09:00,2011-10-13 16:37:00,112.98,269,0
14978,72,5,1921.3700000000001,2011-01-13 12:03:00,2011-09-28 13:07:00,384.27,258,0
14981,246,1,102.12,2011-04-07 13:45:00,2011-04-07 13:45:00,102.12,0,1
14984,19,2,202.37,2011-06-12 11:04:00,2011-11-20 14:28:00,101.18,161,0
14985,198,2,292.01,2010-12-16 19:51:00,2011-05-25 14:29:00,146.0,159,1
14987,16,2,326.4,2010-12-09 12:13:00,2011-11-24 09:59:00,163.2,349,0
14988,212,1,334.54,2011-05-12 12:05:00,2011-05-12 12:05:00,334.54,0,1
14995,39,2,231.98000000000002,2011-03-04 13:14:00,2011-11-01 11:39:00,115.99,241,0
14997,46,3,546.1999999999999,2011-06-14 16:52:00,2011-10-24 13:28:00,182.07,131,0
14998,170,2,414.87,2011-04-12 16:28:00,2011-06-22 17:30:00,207.44,71,1
15000,48,1,490.52,2011-10-23 11:42:00,2011-10-23 11:42:00,490.52,0,0
15002,116,4,1641.76,2010-12-07 13:16:00,2011-08-16 10:44:00,410.44,251,1
15004,147,1,1220.77,2011-07-15 14:05:00,2011-07-15 14:05:00,1220.77,0,1
15005,16,28,6295.37,2010-12-08 14:36:00,2011-11-24 12:25:00,224.83,350,0
15006,51,1,480.38,2011-10-19 15:08:00,2011-10-19 15:08:00,480.38,0,0
15007,159,1,156.91,2011-07-03 16:00:00,2011-07-03 16:00:00,156.91,0,1
15009,12,3,1259.43,2011-11-14 17:40:00,2011-11-27 13:35:00,419.81,12,0
15010,36,1,308.94,2011-11-04 12:42:00,2011-11-04 12:42:00,308.94,0,0
15012,54,2,405.04,2010-12-01 12:49:00,2011-10-17 12:22:00,202.52,319,0
15014,43,2,257.67,2011-06-16 19:40:00,2011-10-27 20:07:00,128.84,133,0
15016,173,1,170.04,2011-06-20 12:06:00,2011-06-20 12:06:00,170.04,0,1
15017,34,1,125.58,2011-11-06 10:33:00,2011-11-06 10:33:00,125.58,0,0
15018,39,3,496.21,2010-12-07 10:47:00,2011-11-01 12:47:00,165.4,329,0
15019,267,1,252.81,2011-03-18 12:35:00,2011-03-18 12:35:00,252.81,0,1
15021,9,9,1871.77,2010-12-08 12:17:00,2011-12-01 11:53:00,207.97,357,0
15022,12,4,852.39,2011-10-23 15:47:00,2011-11-28 12:35:00,213.1,35,0
15023,3,11,6720.41,2010-12-05 13:49:00,2011-12-06 17:23:00,610.95,366,0
15024,10,10,1636.43,2010-12-07 13:20:00,2011-11-30 12:06:00,163.64,357,0
15025,33,1,361.96,2011-11-06 15:20:00,2011-11-06 15:20:00,361.96,0,0
15026,80,3,469.0,2011-03-07 13:45:00,2011-09-20 13:52:00,156.33,197,0
15027,31,4,1066.15,2011-04-15 14:14:00,2011-11-09 10:16:00,266.54,207,0
15028,8,4,627.13,2010-12-06 12:47:00,2011-12-01 14:06:00,156.78,360,0
15030,72,2,518.28,2011-03-16 15:34:00,2011-09-29 10:50:00,259.14,196,0
15031,4,4,653.19,2011-03-02 14:46:00,2011-12-05 14:19:00,163.3,277,0
15032,256,3,4959.1,2010-12-08 12:57:00,2011-03-28 15:03:00,1653.03,110,1
15033,5,10,2557.18,2011-01-14 13:28:00,2011-12-05 12:40:00,255.72,324,0
15034,16,8,4274.16,2010-12-21 09:47:00,2011-11-24 12:11:00,534.27,338,0
15035,90,1,252.73000000000002,2011-09-11 11:08:00,2011-09-11 11:08:00,252.73,0,0
15036,72,3,429.56,2011-06-13 12:19:00,2011-09-28 15:42:00,143.19,107,0
15038,59,6,685.74,2010-12-05 10:54:00,2011-10-12 11:33:00,114.29,311,0
15039,10,47,19766.59,2010-12-06 11:26:00,2011-11-30 11:31:00,420.57,359,0
15041,170,1,179.93,2011-06-22 16:16:00,2011-06-22 16:16:00,179.93,0,1
15042,199,1,135.93,2011-05-24 16:25:00,2011-05-24 16:25:00,135.93,0,1
15043,31,1,537.0,2011-11-08 14:26:00,2011-11-08 14:26:00,537.0,0,0
15044,19,17,7634.7300000000005,2010-12-12 14:27:00,2011-11-20 13:20:00,449.1,342,0
15045,152,2,735.66,2011-03-27 11:44:00,2011-07-11 11:33:00,367.83,105,1
15046,9,15,5090.42,2011-01-05 15:30:00,2011-11-30 15:50:00,339.36,329,0
15047,270,1,343.62,2011-03-15 10:49:00,2011-03-15 10:49:00,343.62,0,1
15048,65,4,381.0,2010-12-06 12:15:00,2011-10-05 14:55:00,95.25,303,0
15049,274,1,121.17000000000002,2011-03-11 12:13:00,2011-03-11 12:13:00,121.17,0,1
15050,25,3,1737.69,2011-09-29 13:22:00,2011-11-14 16:17:00,579.23,46,0
15051,23,3,1383.36,2011-07-12 15:29:00,2011-11-16 15:38:00,461.12,127,0
15052,319,1,207.73000000000002,2011-01-24 15:52:00,2011-01-24 15:52:00,207.73,0,1
15053,5,3,693.95,2011-03-03 12:06:00,2011-12-05 12:08:00,231.32,277,0
15054,12,2,302.1,2011-10-30 14:33:00,2011-11-27 15:02:00,151.05,28,0
15057,275,2,1489.5,2011-01-28 09:09:00,2011-03-09 15:17:00,744.75,40,1
15058,25,11,2102.54,2011-01-31 15:35:00,2011-11-14 14:57:00,191.14,286,0
15059,41,9,1337.72,2011-01-09 11:54:00,2011-10-30 11:35:00,148.64,293,0
15060,8,4,294.25,2011-11-30 14:03:00,2011-12-01 13:47:00,73.56,0,0
15061,4,48,54534.14,2010-12-02 15:19:00,2011-12-06 12:06:00,1136.13,368,0
15062,71,4,987.86,2010-12-15 15:37:00,2011-09-29 16:51:00,246.96,288,0
15063,213,1,370.79999999999995,2011-05-10 13:25:00,2011-05-10 13:25:00,370.8,0,1
15065,38,4,3158.13,2011-02-21 12:54:00,2011-11-02 09:45:00,789.53,253,0
15066,53,1,893.59,2011-10-17 13:25:00,2011-10-17 13:25:00,893.59,0,0
15067,78,3,1744.76,2011-03-02 12:10:00,2011-09-22 13:20:00,581.59,204,0
15068,46,2,553.36,2011-03-28 14:27:00,2011-10-24 14:47:00,276.68,210,0
15069,179,1,1109.53,2011-06-13 14:16:00,2011-06-13 14:16:00,1109.53,0,1
15070,373,1,106.2,2010-12-02 11:23:00,2010-12-02 11:23:00,106.2,0,1
15071,94,2,982.07,2011-03-09 10:19:00,2011-09-07 11:43:00,491.04,182,1
15073,10,3,1043.41,2011-06-06 09:59:00,2011-11-30 10:44:00,347.8,177,0
15074,105,1,735.67,2011-08-26 14:45:00,2011-08-26 14:45:00,735.67,0,1
15075,78,1,773.03,2011-09-23 12:27:00,2011-09-23 12:27:00,773.03,0,0
15076,173,1,880.85,2011-06-20 08:23:00,2011-06-20 08:23:00,880.85,0,1
15078,7,32,9743.11,2010-12-06 12:38:00,2011-12-02 15:41:00,304.47,361,0
15079,213,4,895.61,2010-12-09 09:25:00,2011-05-11 12:45:00,223.9,153,1
15081,22,5,504.8,2010-12-07 16:20:00,2011-11-17 17:08:00,100.96,345,0
15083,257,1,88.2,2011-03-28 12:18:00,2011-03-28 12:18:00,88.2,0,1
15087,282,1,306.94,2011-03-03 10:34:00,2011-03-03 10:34:00,306.94,0,1
15088,21,2,1160.07,2011-10-03 14:05:00,2011-11-18 13:14:00,580.04,45,0
15089,10,6,2420.84,2011-08-03 14:14:00,2011-11-29 16:31:00,403.47,118,0
15090,308,1,381.32,2011-02-04 14:03:00,2011-02-04 14:03:00,381.32,0,1
15091,68,1,480.71,2011-10-03 12:47:00,2011-10-03 12:47:00,480.71,0,0
15092,215,2,457.81,2011-03-01 12:24:00,2011-05-08 14:10:00,228.9,68,1
15093,18,6,4597.02,2010-12-02 18:25:00,2011-11-21 13:09:00,766.17,353,0
15095,104,4,1370.6000000000001,2011-05-20 14:27:00,2011-08-28 12:01:00,342.65,99,1
15096,43,1,219.39000000000001,2011-10-28 10:27:00,2011-10-28 10:27:00,219.39,0,0
15097,4,1,248.08,2011-12-05 14:03:00,2011-12-05 14:03:00,248.08,0,0
15098,182,3,39916.5,2011-06-10 15:22:00,2011-06-10 15:33:00,13305.5,0,1
15099,84,1,410.48,2011-09-16 13:13:00,2011-09-16 13:13:00,410.48,0,0
15100,334,3,876.0,2010-12-01 09:09:00,2011-01-10 10:35:00,292.0,40,1
15101,9,2,317.53000000000003,2010-12-15 12:54:00,2011-12-01 10:18:00,158.77,350,0
15103,31,2,703.36,2011-09-14 13:54:00,2011-11-08 14:53:00,351.68,55,0
15104,197,2,993.54,2011-03-02 14:16:00,2011-05-27 12:29:00,496.77,85,1
15105,18,7,2298.93,2011-07-28 10:09:00,2011-11-21 16:54:00,328.42,116,0
15106,18,5,1422.52,2011-03-15 12:52:00,2011-11-22 09:16:00,284.5,251,0
15107,311,6,319.5,2010-12-02 13:45:00,2011-02-01 14:46:00,53.25,61,1
15109,246,1,484.95,2011-04-08 09:58:00,2011-04-08 09:58:00,484.95,0,1
15110,24,4,996.1,2011-01-25 11:41:00,2011-11-16 11:16:00,249.02,294,0
15111,29,3,1567.48,2010-12-02 11:45:00,2011-11-10 16:58:00,522.49,343,0
15113,10,3,3509.43,2011-10-16 15:27:00,2011-11-30 08:23:00,1169.81,44,0
15114,30,10,2760.56,2011-02-11 08:45:00,2011-11-09 15:05:00,276.06,271,0
15115,18,1,340.11,2011-11-21 14:59:00,2011-11-21 14:59:00,340.11,0,0
15116,18,4,1352.75,2011-05-19 08:50:00,2011-11-22 12:25:00,338.19,187,0
15117,15,5,1551.78,2011-05-08 12:38:00,2011-11-25 08:12:00,310.36,200,0
15118,134,1,244.8,2011-07-28 14:54:00,2011-07-28 14:54:00,244.8,0,1
15119,246,1,266.4,2011-04-08 09:08:00,2011-04-08 09:08:00,266.4,0,1
15120,134,1,358.82,2011-07-29 09:48:00,2011-07-29 09:48:00,358.82,0,1
15121,50,2,457.72,2011-02-24 12:41:00,2011-10-20 14:51:00,228.86,238,0
15122,114,3,1633.78,2011-02-15 09:59:00,2011-08-17 16:48:00,544.59,183,1
15123,7,2,2199.31,2011-05-17 14:57:00,2011-12-02 13:12:00,1099.66,198,0
15124,23,2,184.19,2011-06-01 09:06:00,2011-11-17 10:09:00,92.1,169,0
15125,25,15,11528.48,2011-03-14 09:59:00,2011-11-14 13:57:00,768.57,245,0
15127,66,1,406.53000000000003,2011-10-05 10:30:00,2011-10-05 10:30:00,406.53,0,0
15128,60,4,1471.0,2011-05-04 12:32:00,2011-10-10 13:54:00,367.75,159,0
15129,50,11,3447.4,2011-02-21 09:09:00,2011-10-20 14:40:00,313.4,241,0
15130,170,1,330.11,2011-06-23 10:15:00,2011-06-23 10:15:00,330.11,0,1
15132,18,5,977.9300000000001,2011-03-22 12:02:00,2011-11-21 17:10:00,195.59,244,0
15133,128,3,982.42,2011-02-11 10:38:00,2011-08-04 10:44:00,327.47,174,1
15134,15,8,1387.99,2011-04-13 11:05:00,2011-11-25 08:55:00,173.5,225,0
15135,239,1,139.05,2011-04-14 19:16:00,2011-04-14 19:16:00,139.05,0,1
15136,3,4,1286.7,2011-09-04 16:05:00,2011-12-07 12:26:00,321.68,93,0
15139,240,2,178.96,2011-01-07 12:44:00,2011-04-14 11:39:00,89.48,96,1
15140,52,7,2354.25,2011-03-20 14:37:00,2011-10-18 14:07:00,336.32,211,0
15142,46,1,498.74,2011-10-24 12:51:00,2011-10-24 12:51:00,498.74,0,0
15143,226,1,259.45,2011-04-28 12:03:00,2011-04-28 12:03:00,259.45,0,1
15144,8,17,6580.4400000000005,2011-01-31 13:17:00,2011-12-01 15:12:00,387.08,304,0
15145,4,4,1194.73,2011-04-05 15:20:00,2011-12-05 17:21:00,298.68,244,0
15146,165,2,1327.16,2011-02-21 13:07:00,2011-06-28 12:09:00,663.58,126,1
15147,240,1,623.5,2011-04-13 15:57:00,2011-04-13 15:57:00,623.5,0,1
15148,11,1,301.29,2011-11-29 08:21:00,2011-11-29 08:21:00,301.29,0,0
15149,134,1,520.8000000000001,2011-07-29 10:58:00,2011-07-29 10:58:00,520.8,0,1
15150,17,10,5291.33,2011-03-15 14:21:00,2011-11-22 12:52:00,529.13,251,0
15152,10,13,4745.69,2011-06-05 15:36:00,2011-11-30 12:32:00,365.05,177,0
15153,31,1,329.25,2011-11-08 17:09:00,2011-11-08 17:09:00,329.25,0,0
15154,75,1,254.28,2011-09-25 16:05:00,2011-09-25 16:05:00,254.28,0,0
15156,1,3,961.49,2011-11-06 12:41:00,2011-12-08 18:22:00,320.5,32,0
15157,4,3,1936.07,2010-12-16 13:44:00,2011-12-06 11:28:00,645.36,354,0
15158,45,1,401.40000000000003,2011-10-25 13:53:00,2011-10-25 13:53:00,401.4,0,0
15159,2,30,18641.010000000002,2010-12-13 15:44:00,2011-12-08 12:05:00,621.37,359,0
15160,357,1,158.16,2010-12-17 14:15:00,2010-12-17 14:15:00,158.16,0,1
15163,18,2,304.47,2011-05-31 15:22:00,2011-11-21 13:10:00,152.24,173,0
15164,69,3,824.58,2011-01-04 14:21:00,2011-10-02 12:05:00,274.86,270,0
15165,373,1,487.75,2010-12-01 14:03:00,2010-12-01 14:03:00,487.75,0,1
15167,321,1,158.8,2011-01-23 12:41:00,2011-01-23 12:41:00,158.8,0,1
15168,26,1,106.56,2011-11-14 11:26:00,2011-11-14 11:26:00,106.56,0,0
15171,331,1,1289.5,2011-01-12 15:36:00,2011-01-12 15:36:00,1289.5,0,1
15172,9,5,1624.05,2011-04-17 11:56:00,2011-12-01 11:51:00,324.81,227,0
15174,323,1,135.75,2011-01-21 09:06:00,2011-01-21 09:06:00,135.75,0,1
15175,72,1,224.14,2011-09-29 11:31:00,2011-09-29 11:31:00,224.14,0,0
15178,260,1,40.5,2011-03-24 15:12:00,2011-03-24 15:12:00,40.5,0,1
15179,18,5,2206.9500000000003,2011-01-24 13:48:00,2011-11-21 12:53:00,441.39,300,0
15180,367,1,87.5,2010-12-07 14:57:00,2010-12-07 14:57:00,87.5,0,1
15181,66,3,689.48,2011-03-15 12:03:00,2011-10-04 13:58:00,229.83,203,0
15182,154,2,622.85,2011-03-16 12:42:00,2011-07-08 13:37:00,311.42,114,1
15184,29,2,402.2,2011-06-02 12:06:00,2011-11-10 13:41:00,201.1,161,0
15185,70,1,310.62,2011-09-30 14:06:00,2011-09-30 14:06:00,310.62,0,0
15186,14,2,411.41,2011-06-24 14:54:00,2011-11-25 14:58:00,205.7,154,0
15187,2,16,4777.18,2011-05-11 13:49:00,2011-12-08 11:56:00,298.57,210,0
15189,1,41,16225.39,2011-01-11 12:29:00,2011-12-08 13:22:00,395.74,331,0
15192,120,3,1044.32,2010-12-09 14:56:00,2011-08-12 11:41:00,348.11,245,1
15193,61,1,499.32,2011-10-10 08:23:00,2011-10-10 08:23:00,499.32,0,0
15194,3,15,7616.53,2010-12-06 15:00:00,2011-12-06 15:10:00,507.77,365,0
15195,3,1,3861.0,2011-12-07 12:20:00,2011-12-07 12:20:00,3861.0,0,0
15197,11,3,1079.61,2010-12-16 18:01:00,2011-11-29 10:00:00,359.87,347,0
15198,92,2,193.64,2011-08-07 15:16:00,2011-09-08 14:42:00,96.82,31,1
15199,59,4,1268.7,2011-02-04 14:04:00,2011-10-11 15:12:00,317.18,249,0
15201,87,5,1236.54,2011-04-06 14:02:00,2011-09-13 14:53:00,247.31,160,0
15203,26,6,1827.8,2011-02-01 12:29:00,2011-11-14 08:16:00,304.63,285,0
15204,357,1,316.58,2010-12-17 13:49:00,2010-12-17 13:49:00,316.58,0,1
15205,85,2,653.24,2011-08-04 16:07:00,2011-09-15 19:36:00,326.62,42,0
15206,10,4,420.3,2011-03-09 08:59:00,2011-11-29 13:41:00,105.08,265,0
15208,1,5,870.12,2010-12-21 13:03:00,2011-12-08 17:24:00,174.02,352,0
15210,225,1,331.18,2011-04-28 16:11:00,2011-04-28 16:11:00,331.18,0,1
15211,60,2,894.4100000000001,2010-12-09 16:08:00,2011-10-10 13:31:00,447.21,304,0
15212,241,1,101.8,2011-04-12 13:45:00,2011-04-12 13:45:00,101.8,0,1
15213,319,2,328.35,2011-01-14 11:05:00,2011-01-25 12:21:00,164.18,11,1
15214,2,8,1661.44,2011-04-11 09:46:00,2011-12-08 12:07:00,207.68,241,0
15215,47,3,734.94,2011-09-04 12:24:00,2011-10-24 11:41:00,244.98,49,0
15216,88,1,96.6,2011-09-13 11:41:00,2011-09-13 11:41:00,96.6,0,0
15218,11,11,5756.89,2011-01-25 11:20:00,2011-11-29 11:48:00,523.35,308,0
15219,176,1,305.75,2011-06-16 16:57:00,2011-06-16 16:57:00,305.75,0,1
15220,52,6,1778.96,2011-03-04 10:24:00,2011-10-19 12:39:00,296.49,229,0
15221,366,1,403.25,2010-12-08 13:08:00,2010-12-08 13:08:00,403.25,0,1
15222,319,1,585.0,2011-01-25 08:03:00,2011-01-25 08:03:00,585.0,0,1
15223,226,2,755.75,2011-04-04 12:17:00,2011-04-28 11:31:00,377.88,23,1
15224,358,2,322.08,2010-12-12 12:34:00,2010-12-16 15:02:00,161.04,4,1
15225,234,1,409.40000000000003,2011-04-19 14:51:00,2011-04-19 14:51:00,409.4,0,1
15226,311,1,154.41,2011-02-02 11:41:00,2011-02-02 11:41:00,154.41,0,1
15227,37,5,1219.4,2011-01-26 15:31:00,2011-11-03 11:59:00,243.88,280,0
15228,66,4,3386.71,2011-02-18 09:04:00,2011-10-04 13:56:00,846.68,228,0
15230,239,2,429.6,2011-04-13 11:04:00,2011-04-14 14:39:00,214.8,1,1
15232,113,2,612.06,2011-07-22 12:21:00,2011-08-18 16:27:00,306.03,27,1
15234,277,1,197.0,2011-03-08 08:53:00,2011-03-08 08:53:00,197.0,0,1
15235,218,12,2247.51,2010-12-01 17:22:00,2011-05-06 09:44:00,187.29,155,1
15236,299,1,321.05,2011-02-14 10:52:00,2011-02-14 10:52:00,321.05,0,1
15237,2,4,1412.32,2011-04-26 15:04:00,2011-12-08 09:46:00,353.08,225,0
15238,29,3,1071.99,2011-06-08 16:00:00,2011-11-10 14:28:00,357.33,154,0
15239,10,2,780.59,2011-09-22 09:53:00,2011-11-29 14:14:00,390.3,68,0
15240,45,5,1706.57,2011-02-01 08:23:00,2011-10-26 09:50:00,341.31,267,0
15241,67,8,1756.44,2011-03-01 11:02:00,2011-10-04 09:05:00,219.56,216,0
15243,74,1,316.68,2011-09-26 14:12:00,2011-09-26 14:12:00,316.68,0,0
15244,65,2,631.57,2011-04-05 15:12:00,2011-10-05 13:19:00,315.79,182,0
15245,134,3,2515.84,2011-03-23 13:42:00,2011-07-28 18:56:00,838.61,127,1
15246,238,2,514.15,2010-12-16 09:46:00,2011-04-15 14:45:00,257.08,120,1
15247,122,1,356.0,2011-08-09 12:52:00,2011-08-09 12:52:00,356.0,0,1
15249,32,13,6688.46,2011-03-28 12:49:00,2011-11-08 11:45:00,514.5,224,0
15251,9,11,10484.99,2011-04-12 10:38:00,2011-11-30 15:02:00,953.18,232,0
15252,36,2,740.78,2011-06-09 14:15:00,2011-11-03 13:30:00,370.39,146,0
15253,16,5,918.2,2011-06-23 12:19:00,2011-11-23 16:22:00,183.64,153,0
15254,127,1,300.36,2011-08-04 15:04:00,2011-08-04 15:04:00,300.36,0,1
15255,67,1,890.85,2011-10-04 12:43:00,2011-10-04 12:43:00,890.85,0,0
15256,149,1,98.45,2011-07-14 11:47:00,2011-07-14 11:47:00,98.45,0,1
15257,283,1,317.15,2011-03-01 12:58:00,2011-03-01 12:58:00,317.15,0,1
15258,169,2,623.16,2011-05-06 14:16:00,2011-06-24 12:30:00,311.58,48,1
15260,100,7,1810.77,2010-12-02 12:09:00,2011-08-31 13:55:00,258.68,272,1
15261,135,1,254.82,2011-07-27 15:20:00,2011-07-27 15:20:00,254.82,0,1
15262,324,1,178.95000000000002,2011-01-20 12:16:00,2011-01-20 12:16:00,178.95,0,1
15263,107,1,156.51,2011-08-25 10:26:00,2011-08-25 10:26:00,156.51,0,1
15264,64,1,393.74,2011-10-06 13:49:00,2011-10-06 13:49:00,393.74,0,0
15265,151,2,1506.1200000000001,2011-04-18 12:16:00,2011-07-11 14:46:00,753.06,84,1
15266,338,1,119.3,2011-01-05 13:40:00,2011-01-05 13:40:00,119.3,0,1
15267,22,5,1717.36,2011-06-10 10:24:00,2011-11-17 15:59:00,343.47,160,0
15269,24,1,408.8,2011-11-16 09:32:00,2011-11-16 09:32:00,408.8,0,0
15270,16,7,2379.49,2011-02-02 13:25:00,2011-11-24 09:24:00,339.93,294,0
15271,7,15,2493.34,2010-12-09 13:47:00,2011-12-02 14:11:00,166.22,358,0
15272,57,2,721.94,2011-09-14 16:36:00,2011-10-13 12:59:00,360.97,28,0
15274,4,2,716.57,2011-11-21 14:17:00,2011-12-05 16:57:00,358.28,14,0
15275,38,1,615.14,2011-11-02 11:20:00,2011-11-02 11:20:00,615.14,0,0
15276,66,1,128.63,2011-10-04 16:39:00,2011-10-04 16:39:00,128.63,0,0
15277,47,1,255.89999999999998,2011-10-24 10:08:00,2011-10-24 10:08:00,255.9,0,0
15279,355,1,290.51,2010-12-20 10:48:00,2010-12-20 10:48:00,290.51,0,1
15280,172,1,113.12,2011-06-20 17:14:00,2011-06-20 17:14:00,113.12,0,1
15281,59,9,2332.15,2011-01-10 15:51:00,2011-10-12 09:10:00,259.13,274,0
15286,50,1,240.55,2011-10-21 11:08:00,2011-10-21 11:08:00,240.55,0,0
15287,22,2,486.69,2011-09-30 12:30:00,2011-11-17 15:34:00,243.34,48,0
15288,43,5,2306.52,2010-12-09 13:59:00,2011-10-27 16:58:00,461.3,322,0
15289,29,3,939.78,2011-04-04 12:44:00,2011-11-10 13:49:00,313.26,220,0
15290,5,18,7943.22,2010-12-15 16:03:00,2011-12-05 11:39:00,441.29,354,0
15291,26,15,4668.3,2010-12-01 09:32:00,2011-11-14 11:02:00,311.22,348,0
15292,201,1,178.39,2011-05-22 15:00:00,2011-05-22 15:00:00,178.39,0,1
15296,51,6,3672.86,2011-01-17 11:57:00,2011-10-20 11:47:00,612.14,275,0
15297,10,3,641.94,2011-10-07 09:42:00,2011-11-29 16:32:00,213.98,53,0
15298,2,12,4799.9,2010-12-08 13:55:00,2011-12-07 17:17:00,399.99,364,0
15299,67,7,4507.01,2010-12-02 16:48:00,2011-10-03 14:19:00,643.86,304,0
15300,64,1,496.44,2011-10-06 17:08:00,2011-10-06 17:08:00,496.44,0,0
15301,51,12,5049.95,2010-12-06 12:21:00,2011-10-20 09:57:00,420.83,317,0
15303,290,1,574.02,2011-02-22 13:59:00,2011-02-22 13:59:00,574.02,0,1
15304,61,8,694.4,2010-12-06 11:42:00,2011-10-10 10:23:00,86.8,307,0
15306,64,3,1174.3500000000001,2011-07-14 15:22:00,2011-10-06 12:56:00,391.45,83,0
15307,96,1,205.3,2011-09-05 11:38:00,2011-09-05 11:38:00,205.3,0,1
15308,274,1,310.47,2011-03-10 13:08:00,2011-03-10 13:08:00,310.47,0,1
15311,1,91,60632.75,2010-12-01 09:41:00,2011-12-09 12:00:00,666.29,373,0
15312,75,4,924.85,2010-12-20 12:51:00,2011-09-25 13:10:00,231.21,279,0
15313,110,1,52.0,2011-08-21 16:02:00,2011-08-21 16:02:00,52.0,0,1
15314,199,1,327.97,2011-05-24 14:39:00,2011-05-24 14:39:00,327.97,0,1
15315,64,2,570.5,2011-08-15 15:17:00,2011-10-06 12:51:00,285.25,51,0
15316,327,1,165.0,2011-01-17 11:34:00,2011-01-17 11:34:00,165.0,0,1
15318,4,1,312.62,2011-12-06 11:30:00,2011-12-06 11:30:00,312.62,0,0
15319,284,1,204.5,2011-03-01 12:48:00,2011-03-01 12:48:00,204.5,0,1
15320,44,1,267.13,2011-10-26 13:27:00,2011-10-26 13:27:00,267.13,0,0
15321,71,3,2748.31,2011-02-21 11:10:00,2011-09-30 09:40:00,916.1,220,0
15322,86,1,679.68,2011-09-15 09:34:00,2011-09-15 09:34:00,679.68,0,0
15325,104,1,161.74,2011-08-28 11:55:00,2011-08-28 11:55:00,161.74,0,1
15326,334,1,311.71,2011-01-10 11:38:00,2011-01-10 11:38:00,311.71,0,1
15327,53,1,208.75,2011-10-18 11:55:00,2011-10-18 11:55:00,208.75,0,0
15329,39,3,1049.7,2011-06-21 10:37:00,2011-10-31 15:36:00,349.9,132,0
15330,32,2,714.9599999999999,2011-10-10 12:30:00,2011-11-07 17:50:00,357.48,28,0
15333,208,1,1028.56,2011-05-15 13:27:00,2011-05-15 13:27:00,1028.56,0,1
15334,157,3,350.82,2011-06-19 13:51:00,2011-07-06 11:22:00,116.94,16,1
15335,53,1,170.22,2011-10-17 12:50:00,2011-10-17 12:50:00,170.22,0,0
15339,66,2,574.07,2011-01-25 13:15:00,2011-10-04 12:51:00,287.04,251,0
15341,81,1,2020.52,2011-09-20 09:40:00,2011-09-20 09:40:00,2020.52,0,0
15342,130,1,406.09000000000003,2011-08-02 10:19:00,2011-08-02 10:19:00,406.09,0,1
15343,87,1,364.5,2011-09-13 13:55:00,2011-09-13 13:55:00,364.5,0,0
15344,1,3,563.94,2011-09-26 14:48:00,2011-12-09 10:45:00,187.98,73,0
15345,46,1,393.54,2011-10-25 11:28:00,2011-10-25 11:28:00,393.54,0,0
15346,333,1,252.42000000000002,2011-01-11 11:18:00,2011-01-11 11:18:00,252.42,0,1
15347,366,1,201.60000000000002,2010-12-08 15:25:00,2010-12-08 15:25:00,201.6,0,1
15348,72,1,158.04,2011-09-28 13:17:00,2011-09-28 13:17:00,158.04,0,0
15349,158,2,463.91,2011-06-05 15:46:00,2011-07-04 16:06:00,231.96,29,1
15350,373,1,115.65,2010-12-01 13:33:00,2010-12-01 13:33:00,115.65,0,1
15351,12,7,1934.66,2010-12-05 11:49:00,2011-11-27 12:52:00,276.38,357,0
15353,255,2,770.12,2010-12-07 11:49:00,2011-03-30 12:15:00,385.06,113,1
15355,29,2,277.05,2011-10-17 15:22:00,2011-11-10 13:44:00,138.52,23,0
15356,31,10,2718.03,2010-12-06 14:05:00,2011-11-08 13:11:00,271.8,336,0
15358,5,22,8347.2,2010-12-09 10:04:00,2011-12-05 09:04:00,379.42,360,0
15360,40,1,427.93,2011-10-31 09:35:00,2011-10-31 09:35:00,427.93,0,0
15361,362,1,418.92,2010-12-13 09:52:00,2010-12-13 09:52:00,418.92,0,1
15363,373,1,326.0,2010-12-02 12:28:00,2010-12-02 12:28:00,326.0,0,1
15364,96,2,913.19,2011-03-30 13:39:00,2011-09-05 09:46:00,456.6,158,1
15365,26,7,2314.32,2011-01-28 13:08:00,2011-11-14 08:29:00,330.62,289,0
15366,75,2,602.51,2010-12-16 15:59:00,2011-09-25 15:01:00,301.26,282,0
15367,57,4,1877.5900000000001,2011-03-09 13:53:00,2011-10-13 14:13:00,469.4,218,0
15368,21,1,446.94000000000005,2011-11-18 14:42:00,2011-11-18 14:42:00,446.94,0,0
15370,41,7,2386.05,2011-01-11 11:32:00,2011-10-30 10:58:00,340.86,291,0
15372,137,1,2007.4,2011-07-25 16:39:00,2011-07-25 16:39:00,2007.4,0,1
15373,8,12,2415.91,2010-12-03 14:40:00,2011-12-01 15:05:00,201.33,363,0
15374,129,1,168.0,2011-08-03 09:59:00,2011-08-03 09:59:00,168.0,0,1
15376,40,3,1221.56,2011-05-01 13:45:00,2011-10-30 15:04:00,407.19,182,0
15379,169,7,3703.29,2010-12-16 13:02:00,2011-06-23 13:13:00,529.04,189,1
15380,9,5,1690.26,2010-12-09 15:01:00,2011-12-01 12:13:00,338.05,356,0
15381,214,2,596.85,2011-03-16 13:44:00,2011-05-10 11:55:00,298.42,54,1
15382,15,6,5955.71,2011-02-17 12:01:00,2011-11-25 10:58:00,992.62,280,0
15384,170,2,642.41,2010-12-15 11:34:00,2011-06-23 10:57:00,321.2,189,1
15385,40,1,316.88,2011-10-30 15:11:00,2011-10-30 15:11:00,316.88,0,0
15386,186,1,394.14,2011-06-06 13:47:00,2011-06-06 13:47:00,394.14,0,1
15389,172,1,500.0,2011-06-20 16:18:00,2011-06-20 16:18:00,500.0,0,1
15392,5,4,1535.53,2010-12-14 15:50:00,2011-12-05 11:01:00,383.88,355,0
15393,16,2,231.86,2011-03-03 16:58:00,2011-11-23 16:48:00,115.93,264,0
15394,10,4,2183.54,2010-12-16 12:46:00,2011-11-30 11:49:00,545.88,348,0
15395,326,1,107.45,2011-01-18 12:40:00,2011-01-18 12:40:00,107.45,0,1
15396,113,1,288.18,2011-08-19 10:56:00,2011-08-19 10:56:00,288.18,0,1
15397,290,1,94.0,2011-02-23 09:25:00,2011-02-23 09:25:00,94.0,0,1
15398,16,2,1345.53,2011-09-22 14:56:00,2011-11-23 16:47:00,672.76,62,0
15399,1,3,815.77,2011-09-21 15:57:00,2011-12-08 13:04:00,271.92,77,0
15400,92,5,716.2,2011-03-06 11:27:00,2011-09-08 13:57:00,143.24,186,1
15402,149,2,626.77,2011-05-27 13:32:00,2011-07-14 12:17:00,313.38,47,1
15405,189,1,349.1,2011-06-03 14:44:00,2011-06-03 14:44:00,349.1,0,1
15406,31,2,510.71000000000004,2011-02-11 16:19:00,2011-11-08 13:22:00,255.36,269,0
15407,34,4,1046.74,2011-02-07 13:18:00,2011-11-06 11:55:00,261.68,271,0
15408,264,1,267.18,2011-03-20 15:02:00,2011-03-20 15:02:00,267.18,0,1
15410,84,8,3450.84,2011-03-23 10:15:00,2011-09-16 14:47:00,431.36,177,0
15411,26,4,1348.93,2011-06-10 12:30:00,2011-11-13 15:19:00,337.23,156,0
15412,171,1,190.53,2011-06-21 15:24:00,2011-06-21 15:24:00,190.53,0,1
15414,10,3,774.9000000000001,2011-04-11 13:45:00,2011-11-30 09:50:00,258.3,232,0
15415,313,1,559.61,2011-01-30 14:13:00,2011-01-30 14:13:00,559.61,0,1
15416,65,4,3984.32,2011-03-02 08:41:00,2011-10-06 09:38:00,996.08,218,0
15417,85,1,508.8,2011-09-15 15:26:00,2011-09-15 15:26:00,508.8,0,0
15419,25,1,135.86,2011-11-15 09:23:00,2011-11-15 09:23:00,135.86,0,0
15421,59,4,950.36,2011-02-02 14:36:00,2011-10-12 09:20:00,237.59,251,0
15422,323,2,97.7,2011-01-20 14:17:00,2011-01-20 16:17:00,48.85,0,1
15423,38,1,43.5,2011-11-01 14:01:00,2011-11-01 14:01:00,43.5,0,0
15424,254,2,383.34,2011-03-30 13:00:00,2011-03-30 13:02:00,191.67,0,1
15426,19,5,1404.07,2010-12-05 13:55:00,2011-11-20 15:36:00,280.81,350,0
15427,33,3,1430.54,2011-10-23 14:47:00,2011-11-06 14:29:00,476.85,13,0
15428,15,1,93.78,2011-11-24 16:54:00,2011-11-24 16:54:00,93.78,0,0
15429,27,2,397.35,2011-09-25 13:42:00,2011-11-13 12:28:00,198.68,48,0
15432,23,1,171.19000000000003,2011-11-16 16:30:00,2011-11-16 16:30:00,171.19,0,0
15433,214,2,533.3,2011-03-17 14:12:00,2011-05-10 10:45:00,266.65,53,1
15434,8,5,1041.48,2011-05-23 14:18:00,2011-12-01 13:33:00,208.3,191,0
15435,22,1,149.29,2011-11-17 16:39:00,2011-11-17 16:39:00,149.29,0,0
15436,12,3,1067.75,2011-04-19 16:52:00,2011-11-27 16:05:00,355.92,221,0
15437,262,1,200.16,2011-03-22 13:11:00,2011-03-22 13:11:00,200.16,0,1
15438,131,1,156.57999999999998,2011-07-31 14:19:00,2011-07-31 14:19:00,156.58,0,1
15440,55,3,383.68,2011-05-15 11:30:00,2011-10-16 12:16:00,127.89,154,0
15442,249,1,594.0,2011-04-05 12:24:00,2011-04-05 12:24:00,594.0,0,1
15443,2,7,3213.59,2011-01-23 13:25:00,2011-12-08 10:40:00,459.08,318,0
15444,9,2,1411.21,2011-10-30 16:12:00,2011-11-30 17:37:00,705.6,31,0
15445,264,1,113.5,2011-03-20 15:06:00,2011-03-20 15:06:00,113.5,0,1
15447,331,1,155.17000000000002,2011-01-13 11:26:00,2011-01-13 11:26:00,155.17,0,1
15448,313,1,494.64,2011-01-31 10:42:00,2011-01-31 10:42:00,494.64,0,1
15449,26,3,974.52,2011-03-23 10:43:00,2011-11-13 15:02:00,324.84,235,0
15450,30,1,429.84,2011-11-09 17:11:00,2011-11-09 17:11:00,429.84,0,0
15452,30,3,528.48,2011-03-20 15:21:00,2011-11-10 12:13:00,176.16,234,0
15453,2,7,1371.77,2011-06-05 12:37:00,2011-12-08 10:59:00,195.97,185,0
15454,362,1,179.1,2010-12-12 14:21:00,2010-12-12 14:21:00,179.1,0,1
15456,283,3,434.59,2010-12-15 15:34:00,2011-03-01 13:51:00,144.86,75,1
15457,262,1,237.07,2011-03-22 15:31:00,2011-03-22 15:31:00,237.07,0,1
15458,25,1,161.64,2011-11-14 13:08:00,2011-11-14 13:08:00,161.64,0,0
15460,354,1,214.26,2010-12-20 16:08:00,2010-12-20 16:08:00,214.26,0,1
15462,94,3,234.6,2011-06-05 15:36:00,2011-09-06 13:11:00,78.2,92,1
15463,29,1,126.14,2011-11-10 12:57:00,2011-11-10 12:57:00,126.14,0,0
15464,338,1,1044.65,2011-01-05 15:56:00,2011-01-05 15:56:00,1044.65,0,1
15465,20,18,7354.62,2010-12-05 10:12:00,2011-11-20 10:11:00,408.59,349,0
15466,85,1,334.53,2011-09-15 14:08:00,2011-09-15 14:08:00,334.53,0,0
15467,9,3,524.88,2011-07-10 14:42:00,2011-11-30 14:17:00,174.96,142,0
15468,51,2,467.51,2011-10-19 13:38:00,2011-10-19 13:49:00,233.76,0,0
15469,50,2,538.55,2011-08-11 16:54:00,2011-10-20 16:21:00,269.27,69,0
15471,2,1,454.48,2011-12-07 14:12:00,2011-12-07 14:12:00,454.48,0,0
15472,113,1,371.56,2011-08-18 15:17:00,2011-08-18 15:17:00,371.56,0,1
15473,14,7,1771.2,2011-10-10 11:12:00,2011-11-25 15:15:00,253.03,46,0
15475,77,1,454.11,2011-09-23 15:20:00,2011-09-23 15:20:00,454.11,0,0
15478,40,2,1399.92,2011-10-14 11:09:00,2011-10-30 14:19:00,699.96,16,0
15482,16,12,10879.76,2010-12-16 10:08:00,2011-11-24 10:46:00,906.65,343,0
15483,161,4,225.26,2011-03-18 12:26:00,2011-07-01 13:07:00,56.32,105,1
15484,1,4,3590.41,2011-09-22 13:31:00,2011-12-08 15:03:00,897.6,77,0
15485,30,3,2564.5,2010-12-01 13:23:00,2011-11-09 14:31:00,854.83,343,0
15488,93,1,91.32000000000001,2011-09-08 10:11:00,2011-09-08 10:11:00,91.32,0,1
15489,23,3,1134.28,2011-05-12 12:54:00,2011-11-17 08:53:00,378.09,188,0
15491,95,6,3100.09,2011-04-18 10:04:00,2011-09-05 15:56:00,516.68,140,1
15492,28,2,659.46,2011-09-26 14:02:00,2011-11-11 14:53:00,329.73,46,0
15493,33,5,1953.41,2011-03-14 11:44:00,2011-11-07 12:04:00,390.68,238,0
15494,21,2,1280.58,2011-08-10 15:29:00,2011-11-18 14:51:00,640.29,99,0
15497,18,2,1262.2,2011-01-24 10:01:00,2011-11-22 11:51:00,631.1,302,0
15498,3,27,13316.4,2010-12-08 12:29:00,2011-12-07 12:48:00,493.2,364,0
15500,8,4,1131.56,2011-09-19 13:47:00,2011-12-01 13:47:00,282.89,73,0
15502,16,12,10384.93,2010-12-05 15:40:00,2011-11-24 12:48:00,865.41,353,0
15503,363,1,141.04,2010-12-12 10:57:00,2010-12-12 10:57:00,141.04,0,1
15504,81,1,52.83,2011-09-19 13:45:00,2011-09-19 13:45:00,52.83,0,0
15505,53,5,3610.96,2011-07-07 13:33:00,2011-10-18 07:56:00,722.19,102,0
15506,23,3,972.08,2011-07-24 11:45:00,2011-11-17 12:11:00,324.03,116,0
15507,172,1,475.86,2011-06-21 11:19:00,2011-06-21 11:19:00,475.86,0,1
15508,189,6,1000.27,2011-04-18 15:31:00,2011-06-03 15:43:00,166.71,46,1
15510,331,1,250.0,2011-01-13 12:10:00,2011-01-13 12:10:00,250.0,0,1
15511,12,5,900.53,2011-09-15 15:05:00,2011-11-28 09:43:00,180.11,73,0
15512,156,2,121.0,2010-12-15 12:01:00,2011-07-07 10:20:00,60.5,203,1
15513,33,19,14758.22,2010-12-01 11:22:00,2011-11-06 14:36:00,776.75,340,0
15514,12,11,4023.7200000000003,2010-12-10 13:50:00,2011-11-27 14:40:00,365.79,352,0
15516,45,3,62.43,2011-10-24 11:33:00,2011-10-26 10:51:00,20.81,1,0
15517,233,1,267.03,2011-04-20 14:02:00,2011-04-20 14:02:00,267.03,0,1
15518,64,8,1921.55,2011-01-11 12:55:00,2011-10-06 13:05:00,240.19,268,0
15520,2,1,343.5,2011-12-08 10:58:00,2011-12-08 10:58:00,343.5,0,0
15521,40,8,3000.2,2011-03-30 09:15:00,2011-10-30 13:42:00,375.02,214,0
15522,33,2,397.99,2011-09-13 12:26:00,2011-11-07 11:26:00,199.0,54,0
15523,84,1,412.01000000000005,2011-09-16 16:29:00,2011-09-16 16:29:00,412.01,0,0
15524,25,1,440.0,2011-11-15 12:09:00,2011-11-15 12:09:00,440.0,0,0
15525,2,3,734.37,2010-12-01 13:17:00,2011-12-07 14:43:00,244.79,371,0
15526,33,2,148.44,2011-11-06 15:01:00,2011-11-06 15:04:00,74.22,0,0
15527,19,8,2428.53,2010-12-20 14:15:00,2011-11-21 12:17:00,303.57,335,0
15528,254,1,229.33,2011-03-30 16:14:00,2011-03-30 16:14:00,229.33,0,1
15529,23,11,3962.6,2010-12-08 12:24:00,2011-11-17 11:29:00,360.24,343,0
15530,22,4,1497.31,2011-04-07 11:16:00,2011-11-18 12:25:00,374.33,225,0
15531,8,2,1972.39,2011-11-09 17:47:00,2011-12-01 18:43:00,986.2,22,0
15532,25,4,1564.73,2010-12-16 16:45:00,2011-11-14 14:51:00,391.18,332,0
15533,19,3,807.57,2011-09-11 15:41:00,2011-11-20 15:35:00,269.19,69,0
15535,173,4,502.9,2011-01-16 12:35:00,2011-06-19 16:02:00,125.72,154,1
15537,163,1,110.92,2011-06-29 13:10:00,2011-06-29 13:10:00,110.92,0,1
15539,7,1,538.46,2011-12-02 13:36:00,2011-12-02 13:36:00,538.46,0,0
15540,11,1,213.3,2011-11-28 13:51:00,2011-11-28 13:51:00,213.3,0,0
15541,114,1,85.13000000000001,2011-08-17 14:58:00,2011-08-17 14:58:00,85.13,0,1
15543,288,1,127.86,2011-02-24 15:26:00,2011-02-24 15:26:00,127.86,0,1
15544,9,9,3546.71,2010-12-02 12:47:00,2011-11-30 16:43:00,394.08,363,0
15545,54,2,288.96999999999997,2010-12-03 17:28:00,2011-10-16 13:24:00,144.48,316,0
15547,7,14,4910.6,2010-12-12 13:26:00,2011-12-02 12:52:00,350.76,354,0
15549,77,3,1681.46,2011-01-27 15:38:00,2011-09-23 16:22:00,560.49,239,0
15550,4,4,575.63,2011-02-11 12:49:00,2011-12-05 15:38:00,143.91,297,0
15551,37,1,436.06,2011-11-03 12:37:00,2011-11-03 12:37:00,436.06,0,0
15552,217,1,90.12,2011-05-06 14:47:00,2011-05-06 14:47:00,90.12,0,1
15553,60,1,428.93,2011-10-10 14:02:00,2011-10-10 14:02:00,428.93,0,0
15554,278,1,217.2,2011-03-07 09:00:00,2011-03-07 09:00:00,217.2,0,1
15555,12,16,4794.86,2010-12-05 14:45:00,2011-11-27 16:19:00,299.68,357,0
15556,24,1,279.77,2011-11-15 16:08:00,2011-11-15 16:08:00,279.77,0,0
15557,29,1,468.91,2011-11-11 12:46:00,2011-11-11 12:46:00,468.91,0,0
15561,12,4,800.5899999999999,2011-05-08 11:38:00,2011-11-28 11:07:00,200.15,203,0
15562,352,1,134.55,2010-12-23 09:55:00,2010-12-23 09:55:00,134.55,0,1
15563,22,4,1400.44,2010-12-16 11:27:00,2011-11-17 14:50:00,350.11,336,0
15565,50,2,173.16000000000003,2011-09-30 10:44:00,2011-10-20 14:33:00,86.58,20,0
15567,19,1,186.01,2011-11-21 10:48:00,2011-11-21 10:48:00,186.01,0,0
15568,3,3,758.29,2011-09-27 14:37:00,2011-12-07 11:27:00,252.76,70,0
15569,104,5,1375.71,2011-01-11 13:26:00,2011-08-28 10:15:00,275.14,228,1
15570,7,12,4148.82,2010-12-05 12:57:00,2011-12-02 14:47:00,345.73,362,0
15571,12,4,650.4300000000001,2011-09-22 13:15:00,2011-11-28 10:02:00,162.61,66,0
15572,5,7,2533.42,2011-03-06 14:44:00,2011-12-05 10:09:00,361.92,273,0
15573,32,2,591.1899999999999,2011-09-15 12:16:00,2011-11-08 11:38:00,295.59,53,0
15574,178,4,675.64,2010-12-02 15:46:00,2011-06-15 12:01:00,168.91,194,1
15576,38,1,921.37,2011-11-02 12:03:00,2011-11-02 12:03:00,921.37,0,0
15577,151,3,258.88,2011-02-07 13:32:00,2011-07-11 17:03:00,86.29,154,1
15578,162,1,127.1,2011-06-30 13:03:00,2011-06-30 13:03:00,127.1,0,1
15579,69,2,327.6,2011-01-30 12:09:00,2011-10-02 12:45:00,163.8,245,0
15581,121,13,3675.77,2010-12-08 14:38:00,2011-08-11 09:38:00,282.75,245,1
15582,25,3,682.9100000000001,2011-05-03 13:36:00,2011-11-15 09:55:00,227.64,195,0
15584,24,4,720.86,2011-06-30 16:39:00,2011-11-16 10:55:00,180.22,138,0
15585,177,1,455.3,2011-06-16 08:38:00,2011-06-16 08:38:00,455.3,0,1
15587,50,4,913.68,2010-12-23 09:59:00,2011-10-20 13:37:00,228.42,301,0
15589,256,3,478.53,2011-02-02 10:46:00,2011-03-29 09:54:00,159.51,54,1
15592,47,1,388.58,2011-10-24 08:59:00,2011-10-24 08:59:00,388.58,0,0
15593,71,1,199.8,2011-09-30 11:46:00,2011-09-30 11:46:00,199.8,0,0
15594,16,5,1771.78,2011-04-19 10:08:00,2011-11-24 08:53:00,354.36,218,0
15596,101,5,1406.59,2010-12-09 16:10:00,2011-08-31 10:55:00,281.32,264,1
15597,35,1,324.57,2011-11-04 13:26:00,2011-11-04 13:26:00,324.57,0,0
15598,53,1,240.68,2011-10-17 16:04:00,2011-10-17 16:04:00,240.68,0,0
15599,27,2,761.74,2011-05-19 13:05:00,2011-11-13 11:44:00,380.87,177,0
15601,11,14,6776.56,2010-12-02 10:39:00,2011-11-28 15:15:00,484.04,361,0
15602,8,9,1297.8700000000001,2010-12-06 15:35:00,2011-12-01 14:14:00,144.21,359,0
15603,79,1,48.480000000000004,2011-09-22 10:04:00,2011-09-22 10:04:00,48.48,0,0
15604,52,1,216.39000000000001,2011-10-18 14:47:00,2011-10-18 14:47:00,216.39,0,0
15605,36,5,1198.23,2010-12-01 13:38:00,2011-11-03 14:17:00,239.65,337,0
15606,61,9,2920.16,2011-01-19 12:07:00,2011-10-09 15:47:00,324.46,263,0
15607,337,1,104.76,2011-01-07 12:44:00,2011-01-07 12:44:00,104.76,0,1
15608,28,4,1093.68,2011-08-11 09:56:00,2011-11-11 13:20:00,273.42,92,0
15609,184,1,298.48,2011-06-08 13:00:00,2011-06-08 13:00:00,298.48,0,1
15610,52,1,112.46000000000001,2011-10-19 10:36:00,2011-10-19 10:36:00,112.46,0,0
15611,10,13,1591.45,2011-01-09 11:32:00,2011-11-30 12:36:00,122.42,325,0
15612,36,2,195.15,2011-10-09 12:49:00,2011-11-03 14:52:00,97.58,25,0
15615,10,23,10399.74,2010-12-15 16:21:00,2011-11-29 14:42:00,452.16,348,0
15618,33,4,776.851,2011-07-26 10:13:00,2011-11-07 08:34:00,194.21,103,0
15619,11,1,336.4,2011-11-29 08:14:00,2011-11-29 08:14:00,336.4,0,0
15620,57,3,1553.18,2010-12-16 14:34:00,2011-10-14 12:41:00,517.73,301,0
15621,4,4,1293.03,2011-11-18 11:49:00,2011-12-05 14:01:00,323.26,17,0
15622,43,9,3709.56,2011-03-02 13:42:00,2011-10-27 16:44:00,412.17,239,0
15623,141,1,301.03000000000003,2011-07-21 17:26:00,2011-07-21 17:26:00,301.03,0,1
15624,117,4,588.13,2011-03-28 13:32:00,2011-08-15 11:38:00,147.03,139,1
15625,104,4,1534.26,2011-04-18 14:01:00,2011-08-28 10:21:00,383.56,131,1
15626,75,2,675.8,2011-01-14 10:10:00,2011-09-26 10:03:00,337.9,254,0
15628,5,9,2870.2400000000002,2010-12-08 09:51:00,2011-12-05 10:24:00,318.92,362,0
15630,45,2,1186.35,2011-05-19 10:16:00,2011-10-25 15:36:00,593.17,159,0
15632,16,8,3285.31,2011-03-10 08:29:00,2011-11-24 09:51:00,410.66,259,0
15634,17,1,243.55,2011-11-22 16:28:00,2011-11-22 16:28:00,243.55,0,0
15636,90,2,724.76,2011-03-02 14:50:00,2011-09-11 11:17:00,362.38,192,0
15637,53,1,223.36,2011-10-18 08:28:00,2011-10-18 08:28:00,223.36,0,0
15639,134,1,425.32,2011-07-28 14:30:00,2011-07-28 14:30:00,425.32,0,1
15640,4,15,12416.11,2010-12-02 15:40:00,2011-12-05 14:35:00,827.74,367,0
15641,105,4,1887.2,2010-12-15 14:45:00,2011-08-26 14:04:00,471.8,253,1
15643,192,3,664.0,2011-03-02 14:34:00,2011-06-01 07:38:00,221.33,90,1
15644,166,4,803.54,2011-03-23 15:37:00,2011-06-26 14:54:00,200.88,94,1
15645,19,1,612.01,2011-11-21 11:55:00,2011-11-21 11:55:00,612.01,0,0
15646,158,3,447.64000000000004,2010-12-02 16:59:00,2011-07-05 09:53:00,149.21,214,1
15648,204,2,639.5,2011-03-17 18:59:00,2011-05-19 15:53:00,319.75,62,1
15649,336,2,816.0,2010-12-07 10:06:00,2011-01-07 13:34:00,408.0,31,1
15651,37,3,646.3,2011-03-24 08:56:00,2011-11-03 08:41:00,215.43,223,0
15652,91,1,337.74,2011-09-09 14:22:00,2011-09-09 14:22:00,337.74,0,1
15653,93,2,877.44,2011-08-16 09:50:00,2011-09-08 10:49:00,438.72,23,1
15654,9,2,922.53,2011-11-13 15:15:00,2011-11-30 13:08:00,461.26,16,0
15655,243,1,560.6700000000001,2011-04-10 15:25:00,2011-04-10 15:25:00,560.67,0,1
15656,45,4,748.5,2011-02-28 15:32:00,2011-10-25 14:56:00,187.12,238,0
15657,23,1,30.0,2011-11-17 12:19:00,2011-11-17 12:19:00,30.0,0,0
15658,190,5,1024.1000000000001,2010-12-02 10:53:00,2011-06-02 15:22:00,204.82,182,1
15659,44,1,306.45,2011-10-27 09:23:00,2011-10-27 09:23:00,306.45,0,0
15660,25,9,1600.86,2010-12-09 09:49:00,2011-11-14 16:58:00,177.87,340,0
15661,317,2,309.8,2011-01-05 12:32:00,2011-01-26 13:56:00,154.9,21,1
15663,106,1,138.14,2011-08-25 15:50:00,2011-08-25 15:50:00,138.14,0,1
15664,51,1,386.43,2011-10-20 10:57:00,2011-10-20 10:57:00,386.43,0,0
15665,168,2,2222.21,2011-04-10 15:09:00,2011-06-24 14:57:00,1111.1,74,1
15667,40,1,301.32000000000005,2011-10-31 10:56:00,2011-10-31 10:56:00,301.32,0,0
15668,218,1,76.32000000000001,2011-05-06 10:39:00,2011-05-06 10:39:00,76.32,0,1
15669,40,4,684.34,2011-03-21 09:13:00,2011-10-30 16:03:00,171.08,223,0
15670,297,1,173.05,2011-02-16 10:50:00,2011-02-16 10:50:00,173.05,0,1
15671,19,7,2657.13,2011-03-14 09:37:00,2011-11-21 12:43:00,379.59,252,0
15673,88,4,2726.23,2011-01-16 16:25:00,2011-09-12 16:12:00,681.56,238,0
15674,73,5,2446.6,2011-03-30 09:19:00,2011-09-27 15:17:00,489.32,181,0
15675,81,3,323.69,2011-03-04 14:21:00,2011-09-19 13:48:00,107.9,198,0
15676,19,3,3435.76,2011-03-01 10:19:00,2011-11-21 12:40:00,1145.25,265,0
15677,49,1,657.23,2011-10-21 15:36:00,2011-10-21 15:36:00,657.23,0,0
15678,53,1,352.7,2011-10-18 09:25:00,2011-10-18 09:25:00,352.7,0,0
15679,24,4,781.28,2011-06-10 08:24:00,2011-11-15 16:19:00,195.32,158,0
15680,9,3,1333.68,2010-12-08 14:43:00,2011-11-30 13:46:00,444.56,356,0
15681,25,5,1426.16,2011-03-04 13:46:00,2011-11-14 16:30:00,285.23,255,0
15683,117,1,193.75,2011-08-14 12:56:00,2011-08-14 12:56:00,193.75,0,1
15687,9,9,2993.1,2011-01-13 15:13:00,2011-12-01 08:33:00,332.57,321,0
15689,120,2,254.1,2010-12-13 09:57:00,2011-08-12 09:37:00,127.05,241,1
15690,4,2,239.76,2011-08-31 11:40:00,2011-12-05 15:59:00,119.88,96,0
15691,252,1,136.8,2011-04-01 15:13:00,2011-04-01 15:13:00,136.8,0,1
15692,28,1,191.04,2011-11-11 14:12:00,2011-11-11 14:12:00,191.04,0,0
15694,1,14,6479.4,2010-12-02 07:49:00,2011-12-09 09:44:00,462.81,372,0
15695,267,2,409.98,2011-03-18 08:31:00,2011-03-18 08:32:00,204.99,0,1
15696,33,8,2711.11,2011-01-17 11:24:00,2011-11-06 14:02:00,338.89,293,0
15699,18,1,309.65,2011-11-22 08:26:00,2011-11-22 08:26:00,309.65,0,0
15700,172,2,696.68,2011-06-19 15:36:00,2011-06-20 16:53:00,348.34,1,1
15701,2,4,1529.0,2011-08-21 12:36:00,2011-12-07 14:39:00,382.25,108,0
15703,265,1,211.5,2011-03-20 10:51:00,2011-03-20 10:51:00,211.5,0,1
15704,140,4,2293.62,2011-05-08 12:42:00,2011-07-22 13:35:00,573.4,75,1
15705,201,1,143.1,2011-05-22 15:37:00,2011-05-22 15:37:00,143.1,0,1
15706,64,4,1060.56,2011-08-15 14:32:00,2011-10-07 10:09:00,265.14,52,0
15707,35,4,916.98,2011-09-14 14:19:00,2011-11-04 14:35:00,229.24,51,0
15708,41,7,3235.25,2010-12-05 11:12:00,2011-10-30 10:54:00,462.18,328,0
15709,284,1,133.25,2011-03-01 10:38:00,2011-03-01 10:38:00,133.25,0,1
15712,9,5,1072.3600000000001,2011-02-25 11:32:00,2011-11-30 14:09:00,214.47,278,0
15713,143,2,356.7,2010-12-08 15:16:00,2011-07-19 13:34:00,178.35,222,1
15714,12,2,330.03000000000003,2011-09-23 11:25:00,2011-11-28 11:26:00,165.02,66,0
15716,146,4,1101.11,2010-12-05 12:26:00,2011-07-17 11:59:00,275.28,223,1
15717,234,1,150.3,2011-04-19 13:21:00,2011-04-19 13:21:00,150.3,0,1
15719,33,13,5030.07,2011-01-06 12:31:00,2011-11-07 12:29:00,386.93,304,0
15720,24,1,598.73,2011-11-15 14:48:00,2011-11-15 14:48:00,598.73,0,0
15721,12,1,471.40000000000003,2011-11-28 12:14:00,2011-11-28 12:14:00,471.4,0,0
15722,36,5,2211.21,2011-02-22 12:24:00,2011-11-04 11:43:00,442.24,254,0
15723,365,1,190.70000000000002,2010-12-10 11:12:00,2010-12-10 11:12:00,190.7,0,1
15724,201,2,218.25,2011-02-28 10:40:00,2011-05-22 14:40:00,109.12,83,1
15725,15,1,415.25,2011-11-24 14:51:00,2011-11-24 14:51:00,415.25,0,0
15727,17,7,5159.06,2010-12-15 15:47:00,2011-11-23 12:36:00,737.01,342,0
15729,213,1,85.0,2011-05-11 12:36:00,2011-05-11 12:36:00,85.0,0,1
15730,66,3,1120.88,2011-05-17 12:43:00,2011-10-05 12:31:00,373.63,140,0
15732,212,2,294.12,2010-12-02 15:00:00,2011-05-11 14:24:00,147.06,159,1
15733,283,1,162.3,2011-03-02 09:05:00,2011-03-02 09:05:00,162.3,0,1
15734,115,2,1339.45,2011-05-23 14:59:00,2011-08-17 10:50:00,669.72,85,1
15737,15,8,1188.1200000000001,2011-04-11 10:01:00,2011-11-25 11:21:00,148.52,228,0
15738,19,16,4812.42,2010-12-02 12:50:00,2011-11-21 08:26:00,300.78,353,0
15739,66,1,449.12,2011-10-04 13:42:00,2011-10-04 13:42:00,449.12,0,0
15740,49,1,154.88,2011-10-21 14:29:00,2011-10-21 14:29:00,154.88,0,0
15743,16,4,775.96,2011-06-08 10:14:00,2011-11-23 17:19:00,193.99,168,0
15744,78,1,34.8,2011-09-23 09:52:00,2011-09-23 09:52:00,34.8,0,0
15745,19,4,1094.5900000000001,2011-04-17 13:04:00,2011-11-20 13:45:00,273.65,217,0
15746,134,1,196.88,2011-07-28 15:21:00,2011-07-28 15:21:00,196.88,0,1
15747,13,3,946.64,2011-06-20 11:30:00,2011-11-27 12:26:00,315.55,160,0
15748,40,1,144.36,2011-10-30 12:51:00,2011-10-30 12:51:00,144.36,0,0
15749,235,3,44534.3,2011-01-11 12:55:00,2011-04-18 13:20:00,14844.77,97,1
15750,3,8,2463.05,2010-12-08 10:36:00,2011-12-07 12:34:00,307.88,364,0
15752,40,7,2626.6,2010-12-02 09:43:00,2011-10-31 11:37:00,375.23,333,0
15753,305,1,79.2,2011-02-08 12:41:00,2011-02-08 12:41:00,79.2,0,1
15754,51,3,458.57,2011-04-07 12:24:00,2011-10-19 14:40:00,152.86,195,0
15755,10,6,2364.25,2011-02-18 11:53:00,2011-11-29 14:57:00,394.04,284,0
15756,61,4,528.01,2011-04-04 14:00:00,2011-10-09 13:30:00,132.0,187,0
15757,66,2,714.42,2011-05-06 11:40:00,2011-10-05 12:14:00,357.21,152,0
15758,25,1,205.25,2011-11-15 10:48:00,2011-11-15 10:48:00,205.25,0,0
15759,218,3,253.04000000000002,2010-12-16 15:29:00,2011-05-05 15:13:00,84.35,139,1
15762,65,2,583.75,2011-09-23 15:17:00,2011-10-05 16:15:00,291.88,12,0
15763,32,2,1086.92,2011-09-23 12:10:00,2011-11-08 09:44:00,543.46,45,0
15764,88,6,3279.9700000000003,2011-03-08 09:23:00,2011-09-12 17:58:00,546.66,188,0
15766,64,1,315.06,2011-10-06 17:03:00,2011-10-06 17:03:00,315.06,0,0
15768,116,3,621.83,2011-04-28 09:20:00,2011-08-16 10:48:00,207.28,110,1
15769,7,26,56252.72,2010-12-03 15:16:00,2011-12-02 13:52:00,2163.57,363,0
15773,6,1,635.6800000000001,2011-12-04 12:48:00,2011-12-04 12:48:00,635.68,0,0
15774,69,1,270.8,2011-10-02 12:04:00,2011-10-02 12:04:00,270.8,0,0
15775,245,1,104.9,2011-04-08 12:56:00,2011-04-08 12:56:00,104.9,0,1
15776,133,1,241.62,2011-07-29 13:46:00,2011-07-29 13:46:00,241.62,0,1
15777,241,4,1047.1100000000001,2010-12-13 16:38:00,2011-04-12 16:43:00,261.78,120,1
15780,184,3,475.28000000000003,2010-12-17 11:43:00,2011-06-09 12:01:00,158.43,174,1
15781,25,3,345.46000000000004,2011-02-07 09:15:00,2011-11-14 14:57:00,115.15,280,0
15782,10,3,2614.74,2011-09-11 14:29:00,2011-11-30 10:49:00,871.58,79,0
15783,11,1,246.3,2011-11-29 09:50:00,2011-11-29 09:50:00,246.3,0,0
15785,33,5,2328.9700000000003,2011-02-17 14:17:00,2011-11-07 11:33:00,465.79,262,0
15786,46,3,4919.0,2011-08-17 13:33:00,2011-10-24 14:13:00,1639.67,68,0
15787,26,3,933.26,2011-10-09 13:11:00,2011-11-13 14:55:00,311.09,35,0
15789,358,1,351.3,2010-12-16 14:35:00,2010-12-16 14:35:00,351.3,0,1
15790,10,1,218.75,2011-11-29 14:53:00,2011-11-29 14:53:00,218.75,0,0
15791,44,2,1612.69,2011-05-19 15:15:00,2011-10-27 10:14:00,806.34,160,0
15793,15,3,965.61,2011-03-16 10:45:00,2011-11-25 09:31:00,321.87,253,0
15795,150,1,610.01,2011-07-13 10:43:00,2011-07-13 10:43:00,610.01,0,1
15796,1,8,2708.61,2011-02-10 15:40:00,2011-12-08 19:55:00,338.58,301,0
15797,113,4,2207.4,2011-01-24 15:47:00,2011-08-18 17:04:00,551.85,206,1
15799,76,3,884.14,2011-01-09 15:13:00,2011-09-25 12:46:00,294.71,258,0
15800,107,2,696.89,2011-04-07 12:39:00,2011-08-24 14:23:00,348.44,139,1
15801,46,3,1063.95,2011-08-22 09:53:00,2011-10-24 13:52:00,354.65,63,0
15802,143,1,451.42,2011-07-20 11:38:00,2011-07-20 11:38:00,451.42,0,1
15803,51,1,415.82000000000005,2011-10-19 14:56:00,2011-10-19 14:56:00,415.82,0,0
15804,1,13,4206.39,2011-05-25 10:12:00,2011-12-09 12:31:00,323.57,198,0
15805,23,17,5488.18,2010-12-10 09:33:00,2011-11-16 16:32:00,322.83,341,0
15806,46,3,784.58,2011-03-08 09:24:00,2011-10-24 14:35:00,261.53,230,0
15807,50,3,903.9,2011-09-23 14:43:00,2011-10-20 14:10:00,301.3,26,0
15808,306,4,3651.27,2010-12-05 13:05:00,2011-02-06 14:33:00,912.82,63,1
15809,36,5,515.77,2011-02-10 11:16:00,2011-11-03 16:40:00,103.15,266,0
15810,79,4,1391.98,2011-02-16 09:11:00,2011-09-22 09:38:00,348.0,218,0
15811,22,6,2218.62,2010-12-09 15:29:00,2011-11-17 15:31:00,369.77,343,0
15812,107,5,1801.14,2011-01-26 12:12:00,2011-08-24 14:19:00,360.23,210,1
15813,208,2,1303.9099999999999,2011-04-14 09:09:00,2011-05-16 08:13:00,651.95,31,1
15814,17,4,1945.3300000000002,2011-10-20 09:04:00,2011-11-23 08:17:00,486.33,33,0
15815,64,5,2100.6,2011-03-25 08:43:00,2011-10-07 12:42:00,420.12,196,0
15819,49,4,1905.45,2011-03-08 09:45:00,2011-10-21 14:50:00,476.36,227,0
15820,320,1,206.98,2011-01-24 12:00:00,2011-01-24 12:00:00,206.98,0,1
15821,44,2,570.96,2011-10-09 13:28:00,2011-10-26 15:48:00,285.48,17,0
15822,3,2,885.47,2010-12-15 13:38:00,2011-12-06 14:50:00,442.74,356,0
15823,372,1,15.0,2010-12-02 15:08:00,2010-12-02 15:08:00,15.0,0,1
15825,172,1,532.94,2011-06-20 13:27:00,2011-06-20 13:27:00,532.94,0,1
15826,56,3,1654.31,2011-05-13 10:44:00,2011-10-14 16:05:00,551.44,154,0
15827,73,14,1836.09,2010-12-02 13:06:00,2011-09-27 15:35:00,131.15,299,0
15829,99,2,636.14,2011-07-22 10:23:00,2011-09-01 16:45:00,318.07,41,1
15830,38,1,576.0,2011-11-02 10:40:00,2011-11-02 10:40:00,576.0,0,0
15831,58,3,794.64,2011-01-19 14:52:00,2011-10-12 13:14:00,264.88,265,0
15832,254,1,836.79,2011-03-30 15:29:00,2011-03-30 15:29:00,836.79,0,1
15834,70,4,2225.15,2011-03-07 17:52:00,2011-09-30 14:41:00,556.29,206,0
15835,44,4,954.09,2011-01-13 10:35:00,2011-10-26 15:47:00,238.52,286,0
15836,50,1,137.37,2011-10-20 17:13:00,2011-10-20 17:13:00,137.37,0,0
15837,65,1,391.98,2011-10-06 09:01:00,2011-10-06 09:01:00,391.98,0,0
15838,11,19,33643.08,2010-12-07 11:26:00,2011-11-28 14:00:00,1770.69,356,0
15839,33,3,1048.49,2011-07-14 16:35:00,2011-11-06 13:54:00,349.5,114,0
15840,59,2,355.56,2011-06-20 11:42:00,2011-10-12 09:08:00,177.78,113,0
15841,73,4,1224.06,2011-01-05 11:25:00,2011-09-28 12:15:00,306.02,266,0
15843,304,1,118.95,2011-02-09 10:19:00,2011-02-09 10:19:00,118.95,0,1
15844,46,1,130.73999999999998,2011-10-24 15:19:00,2011-10-24 15:19:00,130.74,0,0
15845,18,8,3711.77,2011-01-06 17:19:00,2011-11-22 09:42:00,463.97,319,0
15847,38,2,389.27,2011-02-24 16:46:00,2011-11-01 14:41:00,194.64,249,0
15850,19,2,234.88,2011-06-24 14:16:00,2011-11-20 14:14:00,117.44,148,0
15852,187,2,160.71,2011-05-26 13:26:00,2011-06-06 11:22:00,80.36,10,1
15853,52,1,110.8,2011-10-19 10:38:00,2011-10-19 10:38:00,110.8,0,0
15854,4,12,2969.12,2010-12-13 11:47:00,2011-12-05 13:39:00,247.43,357,0
15855,137,5,712.24,2011-03-21 12:32:00,2011-07-26 10:20:00,142.45,126,1
15856,4,27,16143.64,2010-12-09 13:34:00,2011-12-05 17:09:00,597.91,361,0
15857,19,1,297.0,2011-11-21 12:18:00,2011-11-21 12:18:00,297.0,0,0
15858,16,5,1427.57,2010-12-07 14:31:00,2011-11-24 12:48:00,285.51,351,0
15860,41,8,965.16,2010-12-06 11:38:00,2011-10-30 11:25:00,120.64,327,0
15861,12,8,3146.92,2011-03-17 20:12:00,2011-11-27 15:59:00,393.36,254,0
15862,8,4,832.88,2010-12-01 11:21:00,2011-12-01 13:28:00,208.22,365,0
15863,26,2,68.84,2011-05-31 11:36:00,2011-11-14 12:49:00,34.42,167,0
15864,22,6,1936.32,2011-01-27 16:43:00,2011-11-17 13:32:00,322.72,293,0
15865,41,3,895.13,2011-05-10 11:44:00,2011-10-30 12:43:00,298.38,173,0
15866,101,1,211.89,2011-08-30 14:09:00,2011-08-30 14:09:00,211.89,0,1
15867,5,15,3810.14,2010-12-05 14:17:00,2011-12-04 13:32:00,254.01,363,0
15869,277,2,149.64,2011-03-07 17:19:00,2011-03-07 17:23:00,74.82,0,1
15870,33,1,351.44,2011-11-07 10:58:00,2011-11-07 10:58:00,351.44,0,0
15872,15,2,316.25,2011-11-25 11:54:00,2011-11-25 11:55:00,158.12,0,0
15874,64,7,4405.88,2011-02-28 13:28:00,2011-10-07 12:31:00,629.41,220,0
15877,2,2,490.33,2011-11-22 11:18:00,2011-12-08 11:53:00,245.16,16,0
15880,369,1,329.03,2010-12-05 13:00:00,2010-12-05 13:00:00,329.03,0,1
15881,312,5,501.39,2010-12-10 13:32:00,2011-01-31 16:59:00,100.28,52,1
15882,199,4,516.36,2010-12-06 13:01:00,2011-05-25 11:35:00,129.09,169,1
15883,2,2,396.48,2011-11-06 14:50:00,2011-12-07 17:05:00,198.24,31,0
15885,93,3,379.35,2011-02-03 15:28:00,2011-09-08 10:43:00,126.45,216,1
15886,60,1,181.09,2011-10-10 14:25:00,2011-10-10 14:25:00,181.09,0,0
15888,81,1,168.31,2011-09-20 12:30:00,2011-09-20 12:30:00,168.31,0,0
15889,157,2,420.07,2010-12-05 15:12:00,2011-07-06 11:10:00,210.04,212,1
15891,227,1,511.68,2011-04-27 12:35:00,2011-04-27 12:35:00,511.68,0,1
15894,253,2,258.25,2010-12-05 14:06:00,2011-03-31 13:50:00,129.12,115,1
15895,150,1,179.17,2011-07-13 10:27:00,2011-07-13 10:27:00,179.17,0,1
15897,194,2,208.59,2011-05-29 13:32:00,2011-05-29 13:50:00,104.3,0,1
15898,1,5,1383.83,2010-12-06 11:01:00,2011-12-08 15:23:00,276.77,367,0
15899,369,1,56.25,2010-12-06 10:36:00,2010-12-06 10:36:00,56.25,0,1
15900,24,1,337.28000000000003,2011-11-16 12:19:00,2011-11-16 12:19:00,337.28,0,0
15901,17,3,351.73,2011-07-08 12:18:00,2011-11-23 12:43:00,117.24,138,0
15903,10,7,5126.76,2011-02-17 14:04:00,2011-11-30 08:08:00,732.39,285,0
15904,8,1,164.68,2011-12-01 14:50:00,2011-12-01 14:50:00,164.68,0,0
15906,20,7,1567.69,2011-03-29 13:28:00,2011-11-20 12:24:00,223.96,235,0
15907,4,3,882.72,2011-05-13 13:01:00,2011-12-06 12:21:00,294.24,206,0
15909,174,1,191.94,2011-06-19 10:38:00,2011-06-19 10:38:00,191.94,0,1
15910,1,8,1228.88,2011-01-27 11:55:00,2011-12-09 10:51:00,153.61,315,0
15912,178,2,264.62,2011-04-20 17:10:00,2011-06-14 14:29:00,132.31,54,1
15916,16,8,1502.8600000000001,2010-12-08 13:07:00,2011-11-23 13:46:00,187.86,350,0
15917,248,1,123.1,2011-04-06 10:40:00,2011-04-06 10:40:00,123.1,0,1
15918,191,2,334.23,2011-03-13 15:55:00,2011-06-02 11:42:00,167.12,80,1
15919,20,2,525.69,2010-12-06 11:26:00,2011-11-20 11:28:00,262.85,349,0
15920,154,4,167.5,2011-07-08 15:16:00,2011-07-08 15:31:00,41.88,0,1
15921,173,1,323.03000000000003,2011-06-20 11:03:00,2011-06-20 11:03:00,323.03,0,1
15922,373,1,369.5,2010-12-01 13:51:00,2010-12-01 13:51:00,369.5,0,1
15923,373,1,127.08,2010-12-02 12:16:00,2010-12-02 12:16:00,127.08,0,1
15925,194,1,207.15,2011-05-29 15:35:00,2011-05-29 15:35:00,207.15,0,1
15930,67,1,426.63,2011-10-03 14:52:00,2011-10-03 14:52:00,426.63,0,0
15932,4,8,2495.87,2011-02-23 14:50:00,2011-12-05 17:13:00,311.98,285,0
15933,21,3,1107.46,2011-09-14 12:05:00,2011-11-18 13:14:00,369.15,65,0
15935,239,2,416.86,2011-04-12 09:35:00,2011-04-14 13:27:00,208.43,2,1
15937,64,1,145.35000000000002,2011-10-06 15:48:00,2011-10-06 15:48:00,145.35,0,0
15938,112,5,404.58000000000004,2011-01-20 10:11:00,2011-08-19 12:56:00,80.92,211,1
15939,90,15,6115.01,2011-01-12 12:43:00,2011-09-11 11:30:00,407.67,241,0
15940,311,1,35.8,2011-02-01 16:18:00,2011-02-01 16:18:00,35.8,0,1
15942,134,1,337.44,2011-07-29 09:01:00,2011-07-29 09:01:00,337.44,0,1
15944,277,1,325.1,2011-03-08 10:33:00,2011-03-08 10:33:00,325.1,0,1
15945,365,1,181.0,2010-12-09 13:14:00,2010-12-09 13:14:00,181.0,0,1
15947,83,1,1708.24,2011-09-18 10:46:00,2011-09-18 10:46:00,1708.24,0,0
15948,8,2,955.24,2011-10-27 08:35:00,2011-12-01 15:32:00,477.62,35,0
15949,17,2,364.72,2011-09-29 17:34:00,2011-11-23 09:09:00,182.36,54,0
15950,32,4,1744.71,2010-12-15 11:56:00,2011-11-08 11:09:00,436.18,327,0
15951,9,2,708.22,2011-02-27 11:57:00,2011-12-01 08:34:00,354.11,276,0
15952,34,4,781.91,2011-04-28 12:55:00,2011-11-06 11:18:00,195.48,191,0
15953,15,8,1657.28,2010-12-05 15:15:00,2011-11-24 15:32:00,207.16,354,0
15955,24,14,4416.26,2010-12-02 11:22:00,2011-11-15 14:15:00,315.45,348,0
15957,32,1,428.89,2011-11-08 12:14:00,2011-11-08 12:14:00,428.89,0,0
15958,74,1,104.35,2011-09-26 13:41:00,2011-09-26 13:41:00,104.35,0,0
15963,20,2,470.76,2011-10-25 13:05:00,2011-11-20 11:33:00,235.38,25,0
15965,17,4,808.87,2010-12-07 13:18:00,2011-11-22 16:44:00,202.22,350,0
15967,23,2,397.68,2011-01-25 11:57:00,2011-11-16 15:41:00,198.84,295,0
15969,3,3,666.1,2011-06-07 12:19:00,2011-12-07 11:06:00,222.03,182,0
15970,304,1,314.09999999999997,2011-02-09 12:08:00,2011-02-09 12:08:00,314.1,0,1
15971,17,12,4199.85,2011-02-01 16:47:00,2011-11-22 12:50:00,349.99,293,0
15973,367,1,307.82000000000005,2010-12-08 11:42:00,2010-12-08 11:42:00,307.82,0,1
15974,39,7,3442.15,2011-02-24 10:10:00,2011-10-31 13:13:00,491.74,249,0
15975,84,1,371.01,2011-09-16 13:33:00,2011-09-16 13:33:00,371.01,0,0
15976,165,2,427.64,2011-05-03 17:12:00,2011-06-27 13:00:00,213.82,54,1
15977,17,2,1054.73,2011-10-31 16:24:00,2011-11-22 13:29:00,527.36,21,0
15978,77,1,1098.78,2011-09-23 15:21:00,2011-09-23 15:21:00,1098.78,0,0
15980,89,3,2398.86,2011-03-30 15:05:00,2011-09-12 09:41:00,799.62,165,0
15981,25,8,3408.48,2011-02-01 13:50:00,2011-11-15 08:00:00,426.06,286,0
15983,22,4,1465.12,2010-12-01 12:15:00,2011-11-17 17:34:00,366.28,351,0
15984,3,10,2780.63,2010-12-06 13:21:00,2011-12-07 12:16:00,278.06,365,0
15985,123,2,1142.42,2011-04-17 11:04:00,2011-08-08 16:31:00,571.21,113,1
15986,30,1,168.12,2011-11-09 15:17:00,2011-11-09 15:17:00,168.12,0,0
15987,12,7,1432.77,2010-12-06 08:34:00,2011-11-27 15:38:00,204.68,356,0
15988,19,1,156.78,2011-11-20 13:23:00,2011-11-20 13:23:00,156.78,0,0
15990,44,2,792.11,2011-02-25 15:35:00,2011-10-26 15:58:00,396.06,243,0
15992,4,1,41.989999999999995,2011-12-06 11:00:00,2011-12-06 11:00:00,41.99,0,0
15993,9,7,2777.67,2011-10-26 16:21:00,2011-12-01 10:45:00,396.81,35,0
15994,55,1,414.27,2011-10-16 12:28:00,2011-10-16 12:28:00,414.27,0,0
15996,88,6,1032.58,2010-12-08 15:59:00,2011-09-12 15:14:00,172.1,277,0
15998,37,5,3080.22,2010-12-12 13:32:00,2011-11-03 12:45:00,616.04,325,0
16000,3,3,12393.7,2011-12-07 12:14:00,2011-12-07 12:17:00,4131.23,0,0
16003,30,5,2735.37,2010-12-15 12:09:00,2011-11-10 09:57:00,547.07,329,0
16005,12,4,578.71,2011-03-14 11:46:00,2011-11-27 13:47:00,144.68,258,0
16006,211,1,101.4,2011-05-12 13:12:00,2011-05-12 13:12:00,101.4,0,1
16007,48,4,1693.81,2011-05-08 13:32:00,2011-10-23 11:05:00,423.45,167,0
16008,24,3,478.78,2011-05-19 10:54:00,2011-11-16 10:32:00,159.59,180,0
16009,22,4,972.11,2011-07-03 11:26:00,2011-11-17 16:51:00,243.03,137,0
16010,246,3,392.4,2010-12-12 12:18:00,2011-04-08 10:14:00,130.8,116,1
16011,8,16,3352.96,2010-12-08 16:34:00,2011-12-01 16:31:00,209.56,357,0
16012,35,3,1415.29,2011-07-07 18:02:00,2011-11-04 13:25:00,471.76,119,0
16013,4,47,37130.6,2010-12-03 13:09:00,2011-12-06 10:36:00,790.01,367,0
16014,38,3,646.83,2011-02-21 17:42:00,2011-11-02 12:04:00,215.61,253,0
16015,4,3,704.55,2011-10-21 12:56:00,2011-12-06 10:58:00,234.85,45,0
16016,3,8,1465.51,2010-12-08 12:36:00,2011-12-06 14:35:00,183.19,363,0
16017,47,1,211.88,2011-10-23 12:56:00,2011-10-23 12:56:00,211.88,0,0
16018,39,2,408.9,2011-06-12 13:52:00,2011-10-31 14:13:00,204.45,141,0
16019,47,9,3786.24,2010-12-10 12:29:00,2011-10-24 11:51:00,420.69,317,0
16020,17,3,851.01,2011-10-05 13:54:00,2011-11-23 11:18:00,283.67,48,0
16022,260,1,602.63,2011-03-24 13:16:00,2011-03-24 13:16:00,602.63,0,1
16023,46,3,719.81,2011-03-18 13:32:00,2011-10-24 16:34:00,239.94,220,0
16024,12,1,251.03,2011-11-27 13:26:00,2011-11-27 13:26:00,251.03,0,0
16025,30,1,439.65999999999997,2011-11-10 11:45:00,2011-11-10 11:45:00,439.66,0,0
16026,43,1,236.09,2011-10-27 13:53:00,2011-10-27 13:53:00,236.09,0,0
16027,92,6,934.62,2011-02-10 12:19:00,2011-09-09 10:47:00,155.77,210,1
16029,39,63,80850.84,2010-12-01 09:57:00,2011-11-01 10:27:00,1283.35,335,0
16030,310,1,331.24,2011-02-03 11:28:00,2011-02-03 11:28:00,331.24,0,1
16031,92,2,547.9,2011-04-06 14:23:00,2011-09-08 13:07:00,273.95,154,1
16033,6,20,8778.82,2010-12-05 10:36:00,2011-12-04 12:44:00,438.94,364,0
16034,196,3,437.70000000000005,2011-01-11 11:54:00,2011-05-27 16:17:00,145.9,136,1
16036,87,2,758.9200000000001,2011-03-21 13:01:00,2011-09-13 14:53:00,379.46,176,0
16037,270,3,855.02,2010-12-16 10:18:00,2011-03-15 09:13:00,285.01,88,1
16038,8,3,471.78,2011-05-22 11:29:00,2011-12-02 12:40:00,157.26,194,0
16040,65,3,1313.55,2011-03-16 09:58:00,2011-10-05 13:47:00,437.85,203,0
16041,31,3,3166.4,2011-07-21 16:27:00,2011-11-09 12:25:00,1055.47,110,0
16042,22,5,1177.47,2011-01-11 13:25:00,2011-11-17 17:50:00,235.49,310,0
16043,37,4,773.99,2011-01-26 11:14:00,2011-11-02 12:50:00,193.5,280,0
16045,120,4,1340.7,2011-02-22 14:55:00,2011-08-12 12:41:00,335.18,170,1
16048,373,2,256.44,2010-12-01 15:27:00,2010-12-01 15:28:00,128.22,0,1
16049,40,3,1074.81,2011-09-25 14:33:00,2011-10-30 13:19:00,358.27,34,0
16050,174,1,137.9,2011-06-19 11:44:00,2011-06-19 11:44:00,137.9,0,1
16052,54,1,362.06,2011-10-16 15:13:00,2011-10-16 15:13:00,362.06,0,0
16053,33,2,1511.95,2011-08-09 14:57:00,2011-11-07 11:21:00,755.98,89,0
16054,145,1,783.9,2011-07-17 13:08:00,2011-07-17 13:08:00,783.9,0,1
16055,221,1,134.8,2011-05-03 09:26:00,2011-05-03 09:26:00,134.8,0,1
16056,45,1,650.75,2011-10-25 15:19:00,2011-10-25 15:19:00,650.75,0,0
16057,16,7,2263.12,2011-02-28 10:35:00,2011-11-23 15:23:00,323.3,268,0
16059,66,6,1453.16,2010-12-07 10:36:00,2011-10-05 09:56:00,242.19,301,0
16062,10,4,1153.62,2010-12-10 12:00:00,2011-11-30 12:15:00,288.4,355,0
16063,260,1,335.32,2011-03-24 14:55:00,2011-03-24 14:56:00,335.32,0,1
16065,365,1,367.14,2010-12-09 13:03:00,2010-12-09 13:03:00,367.14,0,1
16066,17,5,1521.04,2011-08-07 14:33:00,2011-11-23 11:54:00,304.21,107,0
16070,22,2,852.15,2011-11-07 16:36:00,2011-11-17 15:50:00,426.08,9,0
16071,45,1,326.24,2011-10-26 11:14:00,2011-10-26 11:14:00,326.24,0,0
16072,288,1,584.3199999999999,2011-02-24 14:32:00,2011-02-24 14:32:00,584.32,0,1
16073,297,1,122.4,2011-02-15 15:41:00,2011-02-15 15:41:00,122.4,0,1
16076,3,10,2234.73,2011-05-15 12:31:00,2011-12-06 14:59:00,223.47,205,0
16078,284,1,79.2,2011-03-01 09:47:00,2011-03-01 09:47:00,79.2,0,1
16079,17,3,1352.0,2011-10-30 13:06:00,2011-11-23 12:48:00,450.67,23,0
16080,82,2,217.16,2011-03-10 14:44:00,2011-09-19 10:42:00,108.58,192,0
16081,56,5,2799.42,2010-12-08 11:16:00,2011-10-14 13:06:00,559.88,310,0
16083,101,2,1317.62,2010-12-14 11:51:00,2011-08-31 10:47:00,658.81,259,1
16084,299,1,436.18,2011-02-13 16:05:00,2011-02-13 16:05:00,436.18,0,1
16085,23,5,981.51,2011-01-23 12:07:00,2011-11-16 13:24:00,196.3,297,0
16086,59,5,1121.39,2010-12-07 13:45:00,2011-10-11 13:09:00,224.28,307,0
16091,155,2,315.06,2011-05-25 09:18:00,2011-07-08 08:45:00,157.53,43,1
16092,115,3,817.86,2011-03-30 15:38:00,2011-08-17 10:46:00,272.62,139,1
16093,107,1,17.0,2011-08-25 11:09:00,2011-08-25 11:09:00,17.0,0,1
16094,12,4,1078.23,2011-05-04 13:57:00,2011-11-28 12:45:00,269.56,207,0
16096,264,1,320.62,2011-03-20 13:38:00,2011-03-20 13:38:00,320.62,0,1
16097,240,1,185.04999999999998,2011-04-13 13:47:00,2011-04-13 13:47:00,185.05,0,1
16098,88,7,2005.63,2010-12-01 09:45:00,2011-09-13 09:59:00,286.52,286,0
16099,50,3,731.9,2011-04-28 08:34:00,2011-10-20 13:13:00,243.97,175,0
16101,71,1,1290.7,2011-09-30 10:18:00,2011-09-30 10:18:00,1290.7,0,0
16102,42,3,1842.14,2011-08-03 12:50:00,2011-10-28 13:19:00,614.05,86,0
16103,7,6,1429.64,2011-04-20 12:28:00,2011-12-02 14:16:00,238.27,226,0
16104,62,1,298.21,2011-10-09 10:23:00,2011-10-09 10:23:00,298.21,0,0
16105,249,1,336.96,2011-04-05 10:13:00,2011-04-05 10:13:00,336.96,0,1
16106,66,1,108.38,2011-10-05 10:37:00,2011-10-05 10:37:00,108.38,0,0
16107,18,7,3204.1600000000003,2011-06-09 18:42:00,2011-11-22 09:40:00,457.74,165,0
16108,85,1,842.5,2011-09-16 11:48:00,2011-09-16 11:48:00,842.5,0,0
16109,219,2,611.88,2011-02-04 12:37:00,2011-05-05 09:17:00,305.94,89,1
16110,45,3,1320.95,2011-02-01 14:01:00,2011-10-25 14:35:00,440.32,266,0
16112,143,4,195.74,2011-01-05 11:47:00,2011-07-19 14:28:00,48.94,195,1
16113,183,1,161.38,2011-06-09 16:16:00,2011-06-09 16:16:00,161.38,0,1
16114,171,1,135.75000000000003,2011-06-22 10:13:00,2011-06-22 10:13:00,135.75,0,1
16115,10,8,1660.8799999999999,2011-02-20 12:14:00,2011-11-30 11:32:00,207.61,282,0
16116,212,1,612.78,2011-05-12 12:01:00,2011-05-12 12:01:00,612.78,0,1
16117,190,1,232.21,2011-06-03 11:42:00,2011-06-03 11:42:00,232.21,0,1
16119,8,2,423.36,2011-09-28 10:15:00,2011-12-01 15:11:00,211.68,64,0
16120,59,4,1309.14,2011-10-11 14:10:00,2011-10-11 14:22:00,327.29,0,0
16121,57,2,854.66,2011-05-08 11:52:00,2011-10-13 12:59:00,427.33,158,0
16122,73,4,684.42,2010-12-08 11:41:00,2011-09-27 15:34:00,171.1,293,0
16123,52,1,307.78000000000003,2011-10-19 09:18:00,2011-10-19 09:18:00,307.78,0,0
16124,317,1,249.0,2011-01-26 14:45:00,2011-01-26 14:45:00,249.0,0,1
16125,367,1,289.35,2010-12-07 15:48:00,2010-12-07 15:48:00,289.35,0,1
16126,29,4,6287.77,2011-02-16 11:18:00,2011-11-10 16:03:00,1571.94,267,0
16127,39,1,656.25,2011-10-31 13:58:00,2011-10-31 13:58:00,656.25,0,0
16128,18,5,1880.22,2011-03-02 12:21:00,2011-11-22 11:14:00,376.04,264,0
16131,52,6,3506.54,2011-04-14 08:32:00,2011-10-19 11:53:00,584.42,188,0
16133,4,33,14589.04,2011-01-25 15:55:00,2011-12-06 11:24:00,442.09,314,0
16134,22,2,618.09,2010-12-15 14:00:00,2011-11-18 10:05:00,309.04,337,0
16135,263,1,517.55,2011-03-22 12:30:00,2011-03-22 12:30:00,517.55,0,1
16136,60,3,709.38,2011-03-07 09:52:00,2011-10-11 09:10:00,236.46,217,0
16139,19,3,635.4100000000001,2011-05-17 10:23:00,2011-11-21 08:37:00,211.8,187,0
16140,66,2,725.1800000000001,2010-12-03 14:40:00,2011-10-05 12:15:00,362.59,305,0
16141,88,1,620.4,2011-09-12 13:11:00,2011-09-12 13:11:00,620.4,0,0
16142,250,1,535.34,2011-04-04 10:16:00,2011-04-04 10:16:00,535.34,0,1
16143,3,6,2424.94,2010-12-05 15:18:00,2011-12-06 14:13:00,404.16,365,0
16144,247,1,175.2,2011-04-07 10:09:00,2011-04-07 10:09:00,175.2,0,1
16145,9,11,3799.4900000000002,2010-12-15 09:09:00,2011-12-01 10:33:00,345.41,351,0
16146,157,3,734.13,2011-04-21 15:25:00,2011-07-05 14:20:00,244.71,74,1
16147,134,1,375.0,2011-07-29 09:57:00,2011-07-29 09:57:00,375.0,0,1
16148,296,1,76.32000000000001,2011-02-16 14:01:00,2011-02-16 14:01:00,76.32,0,1
16149,5,2,280.52,2011-07-20 14:54:00,2011-12-05 11:29:00,140.26,137,0
16150,43,5,2053.02,2010-12-02 18:27:00,2011-10-28 12:39:00,410.6,329,0
16152,269,1,1829.04,2011-03-16 09:47:00,2011-03-16 09:47:00,1829.04,0,1
16153,50,5,1824.23,2010-12-20 09:22:00,2011-10-21 10:50:00,364.85,305,0
16156,9,9,3092.04,2011-02-02 12:02:00,2011-12-01 12:42:00,343.56,302,0
16157,16,3,656.69,2011-09-28 11:48:00,2011-11-24 11:41:00,218.9,56,0
16159,282,1,348.2,2011-03-03 12:27:00,2011-03-03 12:27:00,348.2,0,1
16160,65,2,1025.44,2011-09-15 10:53:00,2011-10-05 14:19:00,512.72,20,0
16161,2,19,5533.67,2010-12-06 10:03:00,2011-12-08 12:10:00,291.25,367,0
16162,252,1,37.4,2011-04-01 15:03:00,2011-04-01 15:03:00,37.4,0,1
16163,232,2,856.6,2010-12-09 16:28:00,2011-04-21 15:15:00,428.3,132,1
16164,17,3,822.48,2011-10-28 09:12:00,2011-11-22 15:04:00,274.16,25,0
16168,11,27,3787.6,2010-12-05 11:38:00,2011-11-29 12:45:00,140.28,359,0
16169,8,4,1822.97,2011-09-25 11:33:00,2011-12-01 15:28:00,455.74,67,0
16170,51,6,1885.05,2011-04-05 13:42:00,2011-10-20 08:21:00,314.18,197,0
16171,59,1,73.19999999999999,2011-10-11 14:51:00,2011-10-11 14:51:00,73.2,0,0
16172,95,5,1140.21,2011-04-12 12:02:00,2011-09-05 13:22:00,228.04,146,1
16173,16,6,1418.32,2011-09-02 15:23:00,2011-11-24 10:53:00,236.39,82,0
16174,126,3,1009.55,2011-07-11 09:23:00,2011-08-05 13:26:00,336.52,25,1
16175,94,4,1037.5900000000001,2011-04-13 14:38:00,2011-09-06 14:32:00,259.4,145,1
16177,50,1,331.95,2011-10-20 12:57:00,2011-10-20 12:57:00,331.95,0,0
16178,138,1,197.9,2011-07-24 16:05:00,2011-07-24 16:05:00,197.9,0,1
16179,61,1,215.83,2011-10-10 09:41:00,2011-10-10 09:41:00,215.83,0,0
16180,100,8,10254.18,2011-04-01 10:23:00,2011-08-31 16:28:00,1281.77,152,1
16181,73,1,305.54,2011-09-27 13:38:00,2011-09-27 13:38:00,305.54,0,0
16182,72,4,6617.65,2011-02-18 10:11:00,2011-09-28 13:23:00,1654.41,222,0
16183,67,1,338.71000000000004,2011-10-03 14:59:00,2011-10-03 14:59:00,338.71,0,0
16184,64,6,1158.79,2011-05-12 13:33:00,2011-10-06 17:43:00,193.13,147,0
16185,17,2,529.41,2011-04-21 11:59:00,2011-11-23 09:41:00,264.7,215,0
16186,23,12,4006.94,2010-12-02 14:40:00,2011-11-17 12:43:00,333.91,349,0
16187,32,15,6911.4400000000005,2011-02-28 13:34:00,2011-11-08 09:50:00,460.76,252,0
16188,45,4,981.86,2011-04-11 09:44:00,2011-10-26 12:19:00,245.46,198,0
16189,16,2,215.48,2011-09-15 15:21:00,2011-11-24 11:47:00,107.74,69,0
16190,40,1,215.08,2011-10-30 15:59:00,2011-10-30 15:59:00,215.08,0,0
16191,3,13,5180.52,2010-12-14 12:38:00,2011-12-07 11:26:00,398.5,357,0
16193,237,1,314.45,2011-04-17 11:45:00,2011-04-17 11:45:00,314.45,0,1
16198,75,1,400.68100000000004,2011-09-25 14:58:00,2011-09-25 14:58:00,400.68,0,0
16200,4,2,1068.8700000000001,2011-06-28 15:47:00,2011-12-05 14:40:00,534.44,159,0
16201,3,4,1863.47,2011-08-22 10:47:00,2011-12-06 16:02:00,465.87,106,0
16202,361,1,365.27,2010-12-14 10:43:00,2010-12-14 10:43:00,365.27,0,1
16203,59,4,592.9,2010-12-02 15:39:00,2011-10-12 12:31:00,148.22,313,0
16204,23,1,384.18,2011-11-16 13:40:00,2011-11-16 13:40:00,384.18,0,0
16205,31,4,757.63,2011-06-13 11:33:00,2011-11-09 09:32:00,189.41,148,0
16206,55,4,537.0600000000001,2011-01-16 11:07:00,2011-10-16 10:41:00,134.27,272,0
16207,25,1,394.38,2011-11-14 13:51:00,2011-11-14 13:51:00,394.38,0,0
16208,45,2,664.26,2011-02-23 13:37:00,2011-10-26 11:36:00,332.13,244,0
16209,89,5,2262.62,2011-04-07 12:23:00,2011-09-12 11:58:00,452.52,157,0
16210,2,18,21086.3,2010-12-01 12:27:00,2011-12-08 12:36:00,1171.46,372,0
16211,89,1,547.02,2011-09-12 12:11:00,2011-09-12 12:11:00,547.02,0,0
16212,19,2,690.34,2011-03-01 12:51:00,2011-11-20 13:00:00,345.17,264,0
16213,79,1,159.0,2011-09-22 10:03:00,2011-09-22 10:03:00,159.0,0,0
16214,171,3,1062.75,2011-03-15 13:23:00,2011-06-22 11:30:00,354.25,98,1
16215,81,1,242.35,2011-09-20 10:18:00,2011-09-20 10:18:00,242.35,0,0
16216,267,1,914.9300000000001,2011-03-17 15:34:00,2011-03-17 15:34:00,914.93,0,1
16217,235,2,304.25,2011-03-02 15:28:00,2011-04-18 13:31:00,152.12,46,1
16218,30,7,3084.68,2010-12-01 11:29:00,2011-11-10 09:59:00,440.67,343,0
16221,37,3,860.86,2010-12-07 13:13:00,2011-11-03 11:43:00,286.95,330,0
16222,318,1,773.55,2011-01-25 13:38:00,2011-01-25 13:38:00,773.55,0,1
16224,57,4,1295.3,2011-04-04 12:00:00,2011-10-13 17:51:00,323.82,192,0
16225,45,5,1096.32,2011-03-07 12:17:00,2011-10-26 08:30:00,219.26,232,0
16226,203,3,255.12,2011-04-18 12:58:00,2011-05-20 14:41:00,85.04,32,1
16227,225,1,314.22,2011-04-28 13:33:00,2011-04-28 13:33:00,314.22,0,1
16229,87,2,1010.6,2011-05-11 10:18:00,2011-09-13 17:16:00,505.3,125,0
16230,190,2,542.03,2011-05-03 15:12:00,2011-06-03 10:06:00,271.02,30,1
16232,44,4,990.88,2011-05-08 14:05:00,2011-10-27 12:16:00,247.72,171,0
16233,71,3,536.6800000000001,2010-12-08 12:51:00,2011-09-29 17:27:00,178.89,295,0
16235,41,5,867.3100000000001,2011-01-11 15:42:00,2011-10-30 10:56:00,173.46,291,0
16236,78,1,432.2,2011-09-22 14:10:00,2011-09-22 14:10:00,432.2,0,0
16239,57,2,414.2,2011-06-03 09:30:00,2011-10-14 08:29:00,207.1,132,0
16240,24,2,3718.8,2011-09-23 13:44:00,2011-11-15 14:30:00,1859.4,53,0
16241,10,13,2590.31,2010-12-05 11:04:00,2011-11-30 11:08:00,199.25,360,0
16242,8,7,3579.86,2011-03-07 17:04:00,2011-12-01 15:12:00,511.41,268,0
16243,34,2,409.1,2011-10-16 12:09:00,2011-11-06 12:32:00,204.55,21,0
16244,212,2,1522.75,2010-12-02 11:41:00,2011-05-12 10:18:00,761.38,160,1
16245,24,3,1413.66,2011-03-28 09:30:00,2011-11-16 10:14:00,471.22,233,0
16247,170,1,114.56,2011-06-22 14:23:00,2011-06-22 14:23:00,114.56,0,1
16248,62,1,152.94,2011-10-09 11:32:00,2011-10-09 11:32:00,152.94,0,0
16249,53,5,1800.07,2011-04-14 13:50:00,2011-10-18 10:07:00,360.01,186,0
16250,261,2,389.44,2010-12-01 09:59:00,2011-03-23 15:07:00,194.72,112,1
16253,67,2,3683.86,2011-03-29 13:33:00,2011-10-04 09:09:00,1841.93,188,0
16255,17,8,2619.91,2010-12-09 14:25:00,2011-11-23 12:40:00,327.49,348,0
16256,267,1,752.4300000000001,2011-03-18 12:18:00,2011-03-18 12:18:00,752.43,0,1
16257,177,1,46.95,2011-06-16 10:11:00,2011-06-16 10:11:00,46.95,0,1
16258,45,5,5203.51,2011-05-04 14:33:00,2011-10-25 13:30:00,1040.7,173,0
16260,51,1,1035.45,2011-10-20 09:40:00,2011-10-20 09:40:00,1035.45,0,0
16261,17,4,728.54,2011-04-07 19:05:00,2011-11-22 17:23:00,182.14,228,0
16265,9,9,5447.0,2010-12-10 10:21:00,2011-11-30 16:41:00,605.22,355,0
16266,74,7,861.89,2011-05-17 14:50:00,2011-09-27 12:08:00,123.13,132,0
16268,71,2,667.65,2011-09-29 18:30:00,2011-09-29 18:30:00,333.82,0,0
16270,353,1,1141.24,2010-12-21 14:26:00,2010-12-21 14:26:00,1141.24,0,1
16271,3,5,1404.64,2010-12-16 16:36:00,2011-12-07 12:45:00,280.93,355,0
16272,117,1,411.7,2011-08-15 10:53:00,2011-08-15 10:54:00,411.7,0,1
16274,373,1,351.75,2010-12-01 15:35:00,2010-12-01 15:35:00,351.75,0,1
16275,197,1,559.87,2011-05-27 12:41:00,2011-05-27 12:41:00,559.87,0,1
16276,177,1,810.6,2011-06-16 09:34:00,2011-06-16 09:34:00,810.6,0,1
16278,100,1,566.38,2011-08-31 17:12:00,2011-08-31 17:12:00,566.38,0,1
16279,21,3,1502.78,2011-06-16 11:50:00,2011-11-18 15:00:00,500.93,155,0
16281,72,1,2062.06,2011-09-28 14:57:00,2011-09-28 14:57:00,2062.06,0,0
16282,340,1,168.3,2011-01-04 11:42:00,2011-01-04 11:42:00,168.3,0,1
16283,6,5,1570.81,2011-05-15 13:37:00,2011-12-04 12:08:00,314.16,202,0
16284,31,2,812.68,2011-10-20 13:54:00,2011-11-08 16:12:00,406.34,19,0
16287,170,1,142.5,2011-06-23 09:08:00,2011-06-23 09:08:00,142.5,0,1
16292,122,1,302.25,2011-08-10 12:24:00,2011-08-10 12:24:00,302.25,0,1
16293,22,10,2248.9900000000002,2010-12-07 15:02:00,2011-11-18 09:58:00,224.9,345,0
16295,10,4,1328.55,2011-10-06 10:45:00,2011-11-30 08:17:00,332.14,54,0
16297,269,1,301.9,2011-03-16 08:29:00,2011-03-16 08:29:00,301.9,0,1
16298,23,3,598.2,2011-06-06 10:06:00,2011-11-17 11:59:00,199.4,164,0
16302,127,1,233.22,2011-08-05 09:44:00,2011-08-05 09:44:00,233.22,0,1
16303,26,3,5360.63,2011-01-10 14:16:00,2011-11-14 10:49:00,1786.88,307,0
16305,139,1,361.22,2011-07-24 12:18:00,2011-07-24 12:18:00,361.22,0,1
16306,214,6,632.27,2010-12-07 15:18:00,2011-05-10 12:12:00,105.38,153,1
16308,38,4,2560.0,2011-03-23 14:46:00,2011-11-02 11:24:00,640.0,223,0
16309,106,2,706.57,2011-04-13 11:46:00,2011-08-25 15:35:00,353.28,134,1
16311,18,2,616.26,2011-10-21 13:13:00,2011-11-22 08:54:00,308.13,31,0
16313,3,2,274.15000000000003,2011-10-21 09:04:00,2011-12-06 13:02:00,137.08,46,0
16315,331,1,226.37,2011-01-13 11:57:00,2011-01-13 11:57:00,226.37,0,1
16316,64,8,2938.91,2010-12-16 14:26:00,2011-10-06 13:48:00,367.36,293,0
16317,120,3,1341.65,2011-02-15 14:30:00,2011-08-12 12:46:00,447.22,177,1
16318,35,1,328.15000000000003,2011-11-04 13:05:00,2011-11-04 13:05:00,328.15,0,0
16319,218,1,404.40000000000003,2011-05-06 11:27:00,2011-05-06 11:27:00,404.4,0,1
16322,1,2,326.75,2011-11-03 14:33:00,2011-12-08 15:41:00,163.38,35,0
16323,196,1,207.50000000000003,2011-05-27 14:48:00,2011-05-27 14:48:00,207.5,0,1
16324,128,3,408.59000000000003,2011-06-15 14:26:00,2011-08-03 12:58:00,136.2,48,1
16325,47,3,594.24,2011-04-08 09:20:00,2011-10-24 08:48:00,198.08,198,0
16326,6,14,3039.2200000000003,2011-01-09 12:01:00,2011-12-04 10:11:00,217.09,328,0
16327,14,6,3820.27,2010-12-05 12:43:00,2011-11-25 13:23:00,636.71,355,0
16330,18,3,251.91,2011-08-19 17:08:00,2011-11-22 12:24:00,83.97,94,0
16332,28,7,1582.8,2011-02-07 14:16:00,2011-11-11 14:22:00,226.11,277,0
16333,8,22,26626.8,2011-02-03 10:50:00,2011-12-02 12:19:00,1210.31,302,0
16337,37,1,151.05,2011-11-03 10:03:00,2011-11-03 10:03:00,151.05,0,0
16338,157,1,214.8,2011-07-05 13:56:00,2011-07-05 13:56:00,214.8,0,1
16339,284,1,94.05,2011-02-28 13:41:00,2011-02-28 13:41:00,94.05,0,1
16340,107,1,534.31,2011-08-24 14:53:00,2011-08-24 14:53:00,534.31,0,1
16341,25,4,1971.8700000000001,2011-05-22 13:20:00,2011-11-15 09:12:00,492.97,176,0
16342,75,4,322.41,2011-06-13 10:10:00,2011-09-25 14:36:00,80.6,104,0
16343,16,2,328.58,2011-11-23 17:43:00,2011-11-23 17:45:00,164.29,0,0
16344,158,1,101.10000000000001,2011-07-04 15:50:00,2011-07-04 15:50:00,101.1,0,1
16345,44,1,565.46,2011-10-26 16:03:00,2011-10-26 16:03:00,565.46,0,0
16347,11,2,847.45,2011-11-03 13:01:00,2011-11-28 13:14:00,423.72,25,0
16348,32,7,1415.65,2011-04-13 15:49:00,2011-11-07 15:44:00,202.24,207,0
16349,291,1,53.5,2011-02-22 12:40:00,2011-02-22 12:40:00,53.5,0,1
16350,21,4,1116.47,2011-01-10 09:44:00,2011-11-18 15:53:00,279.12,312,0
16351,333,1,153.9,2011-01-11 10:26:00,2011-01-11 10:26:00,153.9,0,1
16352,18,2,494.44,2011-11-02 08:44:00,2011-11-22 10:32:00,247.22,20,0
16353,4,23,6675.71,2010-12-05 12:09:00,2011-12-06 12:23:00,290.25,366,0
16354,63,2,395.8,2011-09-27 16:28:00,2011-10-07 14:28:00,197.9,9,0
16356,198,3,211.77,2011-03-07 12:31:00,2011-05-26 11:51:00,70.59,79,1
16357,33,3,658.88,2011-05-10 10:35:00,2011-11-06 16:04:00,219.63,180,0
16358,1,4,2027.5,2011-06-08 15:05:00,2011-12-08 15:09:00,506.88,183,0
16359,7,9,1750.92,2011-01-12 10:49:00,2011-12-02 17:04:00,194.55,324,0
16360,5,6,3450.41,2011-09-12 13:50:00,2011-12-05 12:16:00,575.07,83,0
16361,10,4,891.21,2011-09-29 13:13:00,2011-11-30 12:32:00,222.8,61,0
16362,32,5,709.99,2011-09-09 14:47:00,2011-11-07 13:01:00,142.0,58,0
16363,53,1,109.36000000000001,2011-10-17 14:14:00,2011-10-17 14:14:00,109.36,0,0
16364,12,2,705.79,2011-07-25 14:35:00,2011-11-28 11:27:00,352.9,125,0
16365,18,9,1540.42,2010-12-07 17:19:00,2011-11-22 11:24:00,171.16,349,0
16366,19,1,327.3,2011-11-21 08:19:00,2011-11-21 08:19:00,327.3,0,0
16367,37,2,800.67,2010-12-12 12:01:00,2011-11-02 13:13:00,400.34,325,0
16368,2,2,479.91,2011-11-11 15:08:00,2011-12-07 13:12:00,239.96,25,0
16369,18,3,1545.41,2011-05-27 09:39:00,2011-11-21 16:25:00,515.14,178,0
16370,82,4,1301.91,2011-04-28 16:40:00,2011-09-18 15:55:00,325.48,142,0
16372,33,2,355.73,2011-11-06 12:50:00,2011-11-06 13:08:00,177.86,0,0
16374,66,2,466.73,2011-03-22 13:46:00,2011-10-04 15:21:00,233.36,196,0
16376,9,2,974.96,2011-11-22 16:47:00,2011-12-01 11:38:00,487.48,8,0
16377,267,1,676.2,2011-03-17 15:41:00,2011-03-17 15:41:00,676.2,0,1
16378,247,3,362.95,2011-02-02 12:42:00,2011-04-06 15:07:00,120.98,63,1
16379,4,4,2157.4,2011-09-22 09:33:00,2011-12-05 15:38:00,539.35,74,0
16380,61,1,1743.1499999999999,2011-10-09 15:40:00,2011-10-09 15:40:00,1743.15,0,0
16383,75,2,643.76,2011-03-16 13:00:00,2011-09-26 12:45:00,321.88,193,0
16384,90,2,584.5,2011-03-21 10:13:00,2011-09-11 11:19:00,292.25,174,0
16385,60,3,554.86,2010-12-08 12:56:00,2011-10-10 13:12:00,184.95,306,0
16386,29,2,302.57,2011-03-31 12:19:00,2011-11-11 12:28:00,151.28,225,0
16387,323,1,94.36,2011-01-21 11:34:00,2011-01-21 11:34:00,94.36,0,1
16389,53,4,1382.0700000000002,2011-03-01 15:47:00,2011-10-17 14:41:00,345.52,229,0
16392,270,1,217.89000000000001,2011-03-15 12:11:00,2011-03-15 12:11:00,217.89,0,1
16393,2,13,3040.96,2010-12-05 13:10:00,2011-12-07 12:51:00,233.92,366,0
16394,57,5,1555.34,2011-02-23 10:58:00,2011-10-14 09:48:00,311.07,232,0
16395,60,5,1482.06,2011-01-13 12:10:00,2011-10-10 12:50:00,296.41,270,0
16398,154,2,1705.8,2011-03-31 09:38:00,2011-07-08 15:16:00,852.9,99,1
16399,19,2,408.02,2011-04-18 13:46:00,2011-11-20 16:12:00,204.01,216,0
16400,95,1,303.93,2011-09-06 12:27:00,2011-09-06 12:27:00,303.93,0,1
16401,1,12,4098.32,2011-01-16 10:56:00,2011-12-08 18:15:00,341.53,326,0
16402,265,2,293.45,2010-12-05 13:42:00,2011-03-20 12:25:00,146.72,104,1
16403,312,1,177.5,2011-01-31 13:39:00,2011-01-31 13:39:00,177.5,0,1
16404,70,1,443.05,2011-09-30 14:55:00,2011-09-30 14:55:00,443.05,0,0
16405,302,2,167.25,2011-02-02 17:08:00,2011-02-10 15:24:00,83.62,7,1
16406,19,1,154.35,2011-11-21 11:57:00,2011-11-21 11:57:00,154.35,0,0
16407,13,10,2079.68,2011-01-31 14:02:00,2011-11-27 11:05:00,207.97,299,0
16409,36,5,2022.98,2011-01-26 14:51:00,2011-11-03 16:45:00,404.6,281,0
16411,19,2,211.7,2010-12-05 13:26:00,2011-11-20 13:23:00,105.85,349,0
16412,54,1,135.99,2011-10-17 12:35:00,2011-10-17 12:35:00,135.99,0,0
16413,57,1,262.2,2011-10-14 12:08:00,2011-10-14 12:08:00,262.2,0,0
16414,22,2,126.25,2011-03-04 13:27:00,2011-11-18 09:42:00,63.12,258,0
16415,44,1,200.27,2011-10-26 13:35:00,2011-10-26 13:35:00,200.27,0,0
16416,26,3,1051.4,2011-10-14 13:35:00,2011-11-13 12:50:00,350.47,29,0
16418,45,3,631.12,2011-04-27 16:54:00,2011-10-26 12:39:00,210.37,181,0
16419,113,6,958.71,2011-02-01 12:25:00,2011-08-19 12:33:00,159.78,199,1
16422,17,51,34684.4,2010-12-05 15:35:00,2011-11-22 14:00:00,680.09,351,0
16423,25,1,346.12,2011-11-15 09:21:00,2011-11-15 09:21:00,346.12,0,0
16424,191,1,133.56,2011-06-01 13:40:00,2011-06-01 13:40:00,133.56,0,1
16425,302,1,302.7,2011-02-10 14:30:00,2011-02-10 14:30:00,302.7,0,1
16426,2,10,1863.76,2011-03-08 15:45:00,2011-12-07 14:01:00,186.38,273,0
16427,263,2,241.06,2011-02-28 15:18:00,2011-03-21 17:10:00,120.53,21,1
16429,106,1,284.55,2011-08-25 13:54:00,2011-08-25 13:54:00,284.55,0,1
16430,57,1,300.85,2011-10-13 14:47:00,2011-10-13 14:47:00,300.85,0,0
16431,213,3,623.28,2011-02-15 14:02:00,2011-05-10 14:09:00,207.76,84,1
16432,64,1,287.40000000000003,2011-10-06 13:59:00,2011-10-06 13:59:00,287.4,0,0
16433,28,1,184.26,2011-11-11 14:09:00,2011-11-11 14:09:00,184.26,0,0
16434,29,7,1511.8,2011-02-13 12:17:00,2011-11-10 14:28:00,215.97,270,0
16438,6,5,798.35,2011-09-18 13:31:00,2011-12-04 10:51:00,159.67,76,0
16440,8,5,3640.67,2011-05-09 12:25:00,2011-12-02 12:02:00,728.13,206,0
16441,67,2,381.2,2011-02-21 17:35:00,2011-10-03 17:48:00,190.6,224,0
16442,2,3,609.3,2010-12-14 10:46:00,2011-12-08 11:43:00,203.1,359,0
16444,46,4,654.67,2011-03-20 12:14:00,2011-10-24 13:50:00,163.67,218,0
16445,34,1,230.51,2011-11-06 12:32:00,2011-11-06 12:32:00,230.51,0,0
16446,1,2,168472.5,2011-05-18 09:52:00,2011-12-09 09:15:00,84236.25,204,0
16447,136,1,255.91,2011-07-27 12:45:00,2011-07-27 12:45:00,255.91,0,1
16448,198,1,182.99,2011-05-25 16:28:00,2011-05-25 16:28:00,182.99,0,1
16449,198,2,707.69,2011-03-04 12:15:00,2011-05-26 10:25:00,353.84,82,1
16450,150,1,311.92,2011-07-13 11:47:00,2011-07-13 11:47:00,311.92,0,1
16451,88,1,266.97,2011-09-13 09:17:00,2011-09-13 09:17:00,266.97,0,0
16454,45,2,6.9,2011-10-06 16:57:00,2011-10-26 11:40:00,3.45,19,0
16455,64,7,1841.18,2010-12-03 16:44:00,2011-10-07 12:17:00,263.03,307,0
16456,99,5,2158.18,2010-12-01 14:11:00,2011-09-01 13:50:00,431.64,273,1
16457,218,1,208.36,2011-05-05 13:19:00,2011-05-05 13:19:00,208.36,0,1
16458,3,18,3482.7400000000002,2010-12-14 11:51:00,2011-12-07 09:34:00,193.49,357,0
16460,28,3,811.23,2011-09-19 10:15:00,2011-11-11 13:46:00,270.41,53,0
16461,178,1,142.92,2011-06-15 12:07:00,2011-06-15 12:07:00,142.92,0,1
16462,74,3,136.0,2011-03-01 08:58:00,2011-09-27 10:24:00,45.33,210,0
16463,21,4,1422.4,2011-05-19 14:45:00,2011-11-18 14:01:00,355.6,182,0
16464,20,3,1298.66,2011-07-20 13:53:00,2011-11-20 12:11:00,432.89,122,0
16466,34,7,1595.96,2011-02-20 11:39:00,2011-11-06 11:35:00,227.99,258,0
16468,74,1,74.9,2011-09-26 14:13:00,2011-09-26 14:13:00,74.9,0,0
16469,24,4,625.42,2011-04-07 13:11:00,2011-11-16 12:25:00,156.35,222,0
16470,52,4,752.77,2010-12-16 11:53:00,2011-10-19 12:11:00,188.19,307,0
16471,275,1,223.95000000000002,2011-03-10 09:41:00,2011-03-10 09:41:00,223.95,0,1
16473,165,3,316.11,2011-01-07 10:55:00,2011-06-28 09:10:00,105.37,171,1
16474,7,7,1810.65,2011-07-17 14:51:00,2011-12-02 13:02:00,258.66,137,0
16475,88,4,544.3,2011-03-11 09:39:00,2011-09-12 14:37:00,136.07,185,0
16477,64,7,2494.46,2010-12-03 12:48:00,2011-10-07 09:44:00,356.35,307,0
16478,25,3,331.0,2011-10-05 12:02:00,2011-11-14 15:51:00,110.33,40,0
16479,10,2,300.83,2011-11-29 13:04:00,2011-11-29 13:40:00,150.42,0,0
16480,76,1,769.29,2011-09-25 11:40:00,2011-09-25 11:40:00,769.29,0,0
16482,16,1,220.62,2011-11-24 12:33:00,2011-11-24 12:33:00,220.62,0,0
16483,192,1,139.35,2011-05-31 13:08:00,2011-05-31 13:08:00,139.35,0,1
16484,174,2,404.3,2011-06-02 10:39:00,2011-06-19 12:06:00,202.15,17,1
16485,77,1,363.65,2011-09-23 15:50:00,2011-09-23 15:50:00,363.65,0,0
16488,33,3,498.8,2011-07-14 11:46:00,2011-11-06 13:42:00,166.27,115,0
16491,47,1,731.5,2011-10-24 10:18:00,2011-10-24 10:18:00,731.5,0,0
16493,80,4,1351.63,2011-01-14 08:16:00,2011-09-21 11:10:00,337.91,250,0
16494,297,1,826.53,2011-02-16 12:49:00,2011-02-16 12:49:00,826.53,0,1
16495,3,3,648.26,2011-03-08 16:38:00,2011-12-06 13:20:00,216.09,272,0
16496,9,3,1599.52,2011-01-27 09:42:00,2011-12-01 10:31:00,533.17,308,0
16497,50,6,2965.69,2011-01-10 13:20:00,2011-10-21 10:55:00,494.28,283,0
16498,161,2,100.97,2011-06-30 19:52:00,2011-07-01 15:07:00,50.48,0,1
16499,360,2,365.45,2010-12-10 10:27:00,2010-12-14 13:31:00,182.72,4,1
16500,5,6,400.86,2011-01-13 10:28:00,2011-12-05 12:04:00,66.81,326,0
16503,107,4,1431.93,2010-12-14 13:50:00,2011-08-25 11:46:00,357.98,253,1
16504,25,1,465.88,2011-11-14 15:18:00,2011-11-14 15:18:00,465.88,0,0
16505,32,1,777.6,2011-11-08 12:14:00,2011-11-08 12:14:00,777.6,0,0
16506,20,2,90.30000000000001,2011-10-30 15:50:00,2011-11-20 12:17:00,45.15,20,0
16509,297,1,363.70000000000005,2011-02-16 09:25:00,2011-02-16 09:25:00,363.7,0,1
16510,372,1,248.1,2010-12-02 13:39:00,2010-12-02 13:39:00,248.1,0,1
16511,22,3,918.33,2011-03-18 11:24:00,2011-11-18 10:41:00,306.11,244,0
16513,5,4,874.59,2011-10-27 14:56:00,2011-12-05 10:18:00,218.65,38,0
16515,52,5,1624.14,2011-02-01 13:09:00,2011-10-18 13:10:00,324.83,259,0
16516,30,1,101.69999999999999,2011-11-09 14:59:00,2011-11-09 14:59:00,101.7,0,0
16517,277,1,162.70000000000002,2011-03-07 13:50:00,2011-03-07 13:50:00,162.7,0,1
16518,61,2,484.32,2011-02-28 16:36:00,2011-10-09 15:04:00,242.16,222,0
16519,25,2,215.07999999999998,2010-12-09 14:08:00,2011-11-14 15:41:00,107.54,340,0
16520,186,3,1046.57,2010-12-09 13:08:00,2011-06-06 13:24:00,348.86,179,1
16523,2,21,9418.470000000001,2011-01-28 12:06:00,2011-12-08 09:06:00,448.5,313,0
16525,2,26,13027.45,2010-12-08 11:31:00,2011-12-07 15:07:00,501.06,364,0
16526,172,1,290.36,2011-06-21 12:02:00,2011-06-21 12:02:00,290.36,0,1
16527,81,1,228.06,2011-09-19 16:21:00,2011-09-19 16:21:00,228.06,0,0
16528,4,1,244.41,2011-12-06 12:45:00,2011-12-06 12:45:00,244.41,0,0
16529,190,1,455.25,2011-06-02 17:23:00,2011-06-02 17:23:00,455.25,0,1
16531,22,7,1244.59,2010-12-14 13:19:00,2011-11-17 16:29:00,177.8,338,0
16532,18,3,6748.8,2011-01-05 12:37:00,2011-11-22 11:08:00,2249.6,320,0
16533,19,3,1082.81,2011-10-02 15:07:00,2011-11-20 13:08:00,360.94,48,0
16535,5,1,593.75,2011-12-04 15:18:00,2011-12-04 15:18:00,593.75,0,0
16536,110,1,548.12,2011-08-21 15:54:00,2011-08-21 15:54:00,548.12,0,1
16539,3,4,1388.81,2010-12-01 15:40:00,2011-12-07 08:41:00,347.2,370,0
16542,54,1,119.62,2011-10-17 10:47:00,2011-10-17 10:47:00,119.62,0,0
16545,165,1,339.3,2011-06-28 10:37:00,2011-06-28 10:37:00,339.3,0,1
16546,291,2,787.15,2010-12-02 12:07:00,2011-02-22 11:20:00,393.58,81,1
16549,10,10,4034.9,2011-01-09 14:03:00,2011-11-29 15:06:00,403.49,324,0
16550,109,5,2298.97,2010-12-06 13:53:00,2011-08-23 11:12:00,459.79,259,1
16551,96,3,922.12,2011-01-07 10:24:00,2011-09-05 09:38:00,307.37,240,1
16552,243,2,379.73,2010-12-01 12:36:00,2011-04-11 10:04:00,189.86,130,1
16553,163,12,5719.82,2010-12-14 13:58:00,2011-06-29 15:42:00,476.65,197,1
16554,42,3,837.1,2011-01-12 12:41:00,2011-10-28 14:51:00,279.03,289,0
16555,35,2,285.89,2011-08-22 12:32:00,2011-11-04 14:31:00,142.94,74,0
16556,67,7,3313.79,2010-12-14 13:32:00,2011-10-04 11:36:00,473.4,293,0
16557,24,2,281.85,2011-07-25 13:28:00,2011-11-15 14:04:00,140.93,113,0
16558,1,20,8338.49,2010-12-08 12:01:00,2011-12-09 10:20:00,416.92,365,0
16560,27,2,841.41,2010-12-16 14:36:00,2011-11-13 10:35:00,420.7,331,0
16561,6,2,511.12,2011-10-11 09:53:00,2011-12-04 11:50:00,255.56,54,0
16563,54,1,1077.74,2011-10-17 11:51:00,2011-10-17 11:51:00,1077.74,0,0
16565,364,1,173.7,2010-12-10 15:21:00,2010-12-10 15:21:00,173.7,0,1
16566,15,5,614.66,2011-02-20 10:29:00,2011-11-24 16:34:00,122.93,277,0
16567,194,2,865.6,2011-01-07 09:31:00,2011-05-29 13:57:00,432.8,142,1
16569,3,1,124.2,2011-12-06 15:32:00,2011-12-06 15:32:00,124.2,0,0
16570,15,10,3738.4,2011-02-01 10:37:00,2011-11-24 17:02:00,373.84,296,0
16571,27,3,1421.69,2011-03-03 09:41:00,2011-11-13 11:46:00,473.9,255,0
16572,127,3,1009.6,2011-03-09 12:04:00,2011-08-04 16:34:00,336.53,148,1
16573,85,2,663.61,2011-02-22 15:14:00,2011-09-16 09:13:00,331.8,205,0
16574,71,1,451.44,2011-09-29 13:39:00,2011-09-29 13:39:00,451.44,0,0
16581,183,1,105.84,2011-06-10 10:05:00,2011-06-10 10:05:00,105.84,0,1
16582,113,1,313.62,2011-08-18 17:02:00,2011-08-18 17:02:00,313.62,0,1
16583,374,1,233.45,2010-12-01 12:03:00,2010-12-01 12:03:00,233.45,0,1
16584,80,2,936.08,2011-03-30 13:14:00,2011-09-20 13:45:00,468.04,174,0
16586,249,1,463.95,2011-04-05 09:32:00,2011-04-05 09:32:00,463.95,0,1
16587,232,1,225.15,2011-04-21 15:51:00,2011-04-21 15:51:00,225.15,0,1
16589,71,3,459.24,2011-07-01 13:31:00,2011-09-29 14:50:00,153.08,90,0
16591,69,1,213.5,2011-10-02 10:43:00,2011-10-02 10:43:00,213.5,0,0
16592,4,16,4113.68,2011-02-25 10:19:00,2011-12-05 13:49:00,257.1,283,0
16593,51,3,330.03,2011-01-16 12:11:00,2011-10-20 12:41:00,110.01,277,0
16594,75,1,181.09,2011-09-25 14:08:00,2011-09-25 14:08:00,181.09,0,0
16595,61,1,360.16,2011-10-09 13:15:00,2011-10-09 13:15:00,360.16,0,0
16596,16,2,250.15,2010-12-08 16:18:00,2011-11-24 10:02:00,125.08,350,0
16597,4,1,90.04,2011-12-05 15:44:00,2011-12-05 15:44:00,90.04,0,0
16598,286,1,145.05,2011-02-27 11:42:00,2011-02-27 11:42:00,145.05,0,1
16600,4,6,813.52,2011-01-05 12:13:00,2011-12-05 16:00:00,135.59,334,0
16601,41,1,242.7,2011-10-30 11:09:00,2011-10-30 11:09:00,242.7,0,0
16602,36,1,528.08,2011-11-03 15:54:00,2011-11-03 15:54:00,528.08,0,0
16603,75,2,482.47,2011-09-09 13:02:00,2011-09-26 10:06:00,241.24,16,0
16607,18,14,3347.71,2010-12-16 08:41:00,2011-11-22 10:24:00,239.12,341,0
16609,15,7,5493.46,2011-04-01 10:11:00,2011-11-24 13:32:00,784.78,237,0
16610,219,1,75.66,2011-05-04 13:13:00,2011-05-04 13:13:00,75.66,0,1
16611,186,1,129.49,2011-06-06 15:46:00,2011-06-06 15:46:00,129.49,0,1
16612,33,4,1187.66,2011-02-01 10:38:00,2011-11-07 07:38:00,296.92,278,0
16613,70,1,618.59,2011-09-30 15:52:00,2011-09-30 15:52:00,618.59,0,0
16614,183,1,506.19,2011-06-10 11:36:00,2011-06-10 11:36:00,506.19,0,1
16616,15,2,500.42,2011-07-05 13:38:00,2011-11-24 16:31:00,250.21,142,0
16617,236,1,151.85,2011-04-18 10:35:00,2011-04-18 10:35:00,151.85,0,1
16618,31,5,2647.59,2011-01-21 11:55:00,2011-11-08 13:52:00,529.52,291,0
16619,264,1,226.21,2011-03-21 08:18:00,2011-03-21 08:18:00,226.21,0,1
16620,4,2,178.96,2011-03-24 10:37:00,2011-12-06 12:19:00,89.48,257,0
16621,52,4,813.48,2011-03-07 11:32:00,2011-10-19 11:38:00,203.37,226,0
16623,246,1,129.45000000000002,2011-04-08 10:09:00,2011-04-08 10:09:00,129.45,0,1
16624,81,2,810.57,2011-05-26 14:20:00,2011-09-20 12:39:00,405.28,116,0
16625,274,1,333.08,2011-03-10 12:50:00,2011-03-10 12:50:00,333.08,0,1
16626,1,17,4413.1,2011-03-18 12:27:00,2011-12-09 11:56:00,259.59,265,0
16627,79,1,322.8,2011-09-21 14:38:00,2011-09-21 14:38:00,322.8,0,0
16628,30,5,2188.05,2011-04-19 08:55:00,2011-11-10 12:45:00,437.61,205,0
16629,74,2,408.63,2011-09-04 16:12:00,2011-09-27 10:34:00,204.32,22,0
16633,17,6,2883.1,2011-04-19 14:36:00,2011-11-22 13:41:00,480.52,216,0
16634,223,2,217.9,2010-12-02 17:41:00,2011-05-01 12:09:00,108.95,149,1
16637,32,4,1154.47,2011-04-28 10:20:00,2011-11-07 13:17:00,288.62,193,0
16638,23,10,1680.72,2010-12-06 10:19:00,2011-11-17 11:09:00,168.07,346,0
16639,31,3,1257.51,2011-04-18 09:31:00,2011-11-08 13:20:00,419.17,204,0
16641,106,1,231.1,2011-08-26 12:49:00,2011-08-26 12:49:00,231.1,0,1
16642,5,2,688.33,2011-05-16 12:35:00,2011-12-05 11:31:00,344.16,202,0
16643,246,1,487.51,2011-04-08 08:24:00,2011-04-08 08:24:00,487.51,0,1
16644,178,2,833.78,2011-05-11 12:53:00,2011-06-15 12:39:00,416.89,34,1
16647,170,2,214.06,2011-05-19 09:31:00,2011-06-23 11:47:00,107.03,35,1
16648,43,1,290.66,2011-10-28 08:58:00,2011-10-28 08:58:00,290.66,0,0
16650,72,1,518.42,2011-09-29 09:51:00,2011-09-29 09:51:00,518.42,0,0
16652,59,7,6773.97,2011-03-11 13:13:00,2011-10-12 09:38:00,967.71,214,0
16653,16,2,1212.66,2011-09-29 13:38:00,2011-11-23 14:51:00,606.33,55,0
16654,141,4,601.27,2010-12-06 15:09:00,2011-07-21 15:23:00,150.32,227,1
16655,18,6,3789.52,2011-01-12 10:16:00,2011-11-22 11:25:00,631.59,314,0
16656,22,15,8625.8,2010-12-10 11:23:00,2011-11-17 14:43:00,575.05,342,0
16657,10,4,874.43,2011-03-30 12:02:00,2011-11-30 11:48:00,218.61,244,0
16658,368,1,123.24,2010-12-06 13:47:00,2010-12-06 13:47:00,123.24,0,1
16659,189,1,39.12,2011-06-03 15:03:00,2011-06-03 15:03:00,39.12,0,1
16660,16,4,1267.65,2011-01-24 12:44:00,2011-11-23 14:53:00,316.91,303,0
16665,362,1,135.4,2010-12-12 14:03:00,2010-12-12 14:03:00,135.4,0,1
16666,19,1,118.98,2011-11-20 14:01:00,2011-11-20 14:01:00,118.98,0,0
16667,68,2,567.1800000000001,2011-02-28 12:57:00,2011-10-02 15:26:00,283.59,216,0
16668,15,6,306.72,2011-02-28 12:46:00,2011-11-24 17:43:00,51.12,269,0
16669,24,3,1348.88,2011-09-22 14:13:00,2011-11-16 12:26:00,449.63,54,0
16670,17,11,4095.9,2010-12-16 10:30:00,2011-11-23 09:34:00,372.35,341,0
16671,28,3,1692.27,2011-06-28 11:20:00,2011-11-11 13:40:00,564.09,136,0
16672,2,20,8134.9400000000005,2011-03-18 10:15:00,2011-12-07 16:29:00,406.75,264,0
16674,55,2,304.24,2011-09-02 13:59:00,2011-10-16 11:31:00,152.12,43,0
16676,34,4,1592.12,2011-01-06 13:00:00,2011-11-06 12:01:00,398.03,303,0
16678,3,12,3109.99,2011-03-02 09:24:00,2011-12-07 12:17:00,259.17,280,0
16679,366,1,129.75,2010-12-08 13:51:00,2010-12-08 13:51:00,129.75,0,1
16680,43,1,183.7,2011-10-27 17:35:00,2011-10-27 17:35:00,183.7,0,0
16681,73,6,1770.3400000000001,2011-03-31 13:46:00,2011-09-28 11:11:00,295.06,180,0
16682,5,5,1028.0,2011-06-05 11:02:00,2011-12-05 12:13:00,205.6,183,0
16684,4,28,66653.56,2010-12-16 17:34:00,2011-12-05 14:06:00,2380.48,353,0
16685,61,2,324.24,2011-10-09 13:44:00,2011-10-09 13:58:00,162.12,0,0
16686,47,7,2959.88,2010-12-19 14:41:00,2011-10-23 13:49:00,422.84,307,0
16688,1,4,1260.8600000000001,2011-10-10 12:23:00,2011-12-08 15:24:00,315.22,59,0
16689,76,2,422.6,2011-09-18 13:29:00,2011-09-25 11:39:00,211.3,6,0
16690,72,2,225.58,2011-05-22 10:53:00,2011-09-28 15:02:00,112.79,129,0
16692,256,2,1276.0,2011-02-23 15:41:00,2011-03-28 14:46:00,638.0,32,1
16693,69,2,477.86,2011-03-13 11:06:00,2011-10-02 11:10:00,238.93,203,0
16696,135,4,657.9,2011-04-05 15:20:00,2011-07-27 14:23:00,164.48,112,1
16697,241,1,112.75,2011-04-12 17:12:00,2011-04-12 17:12:00,112.75,0,1
16698,227,2,1998.0,2011-03-31 13:33:00,2011-04-27 10:52:00,999.0,26,1
16700,9,13,5076.55,2010-12-08 16:34:00,2011-12-01 11:00:00,390.5,357,0
16701,9,13,5398.3,2010-12-13 11:51:00,2011-12-01 11:10:00,415.25,352,0
16705,1,20,14034.99,2010-12-16 10:51:00,2011-12-09 12:08:00,701.75,358,0
16706,37,3,531.35,2011-08-17 15:53:00,2011-11-02 13:50:00,177.12,76,0
16708,46,1,656.63,2011-10-25 12:20:00,2011-10-25 12:20:00,656.63,0,0
16709,85,5,3029.87,2011-03-03 10:55:00,2011-09-16 10:56:00,605.97,197,0
16710,19,10,2467.9900000000002,2010-12-06 13:13:00,2011-11-20 14:50:00,246.8,349,0
16711,3,5,1651.03,2010-12-17 12:43:00,2011-12-06 16:32:00,330.21,354,0
16712,9,11,3611.31,2011-03-08 15:07:00,2011-11-30 13:48:00,328.3,266,0
16713,19,15,6910.78,2010-12-08 13:01:00,2011-11-21 12:36:00,460.72,347,0
16714,219,3,1129.06,2011-01-26 13:40:00,2011-05-05 11:09:00,376.35,98,1
16715,78,1,301.71999999999997,2011-09-22 18:15:00,2011-09-22 18:15:00,301.72,0,0
16716,267,2,901.2,2011-02-01 15:35:00,2011-03-18 10:03:00,450.6,44,1
16717,24,6,3843.08,2010-12-08 16:48:00,2011-11-16 12:16:00,640.51,342,0
16718,369,1,606.0500000000001,2010-12-05 13:03:00,2010-12-05 13:03:00,606.05,0,1
16719,15,7,1770.22,2010-12-06 12:06:00,2011-11-25 09:27:00,252.89,353,0
16720,26,1,152.95,2011-11-13 16:22:00,2011-11-13 16:22:00,152.95,0,0
16721,262,1,292.47,2011-03-22 16:08:00,2011-03-22 16:08:00,292.47,0,1
16722,17,13,4730.81,2010-12-06 12:59:00,2011-11-22 13:28:00,363.91,351,0
16723,91,2,576.4,2011-08-24 11:31:00,2011-09-09 13:01:00,288.2,16,1
16725,302,7,758.27,2010-12-03 16:02:00,2011-02-10 16:52:00,108.32,69,1
16726,26,5,1358.74,2010-12-13 13:28:00,2011-11-13 14:53:00,271.75,335,0
16727,364,1,256.32,2010-12-10 13:48:00,2010-12-10 13:48:00,256.32,0,1
16728,46,4,1048.28,2011-03-20 13:28:00,2011-10-24 14:36:00,262.07,218,0
16729,38,21,7205.33,2011-04-12 14:22:00,2011-11-01 14:29:00,343.11,203,0
16730,52,3,743.11,2011-01-24 14:01:00,2011-10-18 14:11:00,247.7,267,0
16732,32,1,603.75,2011-11-08 09:54:00,2011-11-08 09:54:00,603.75,0,0
16734,52,3,646.76,2011-08-17 15:00:00,2011-10-18 13:44:00,215.59,61,0
16735,79,5,2247.41,2011-01-09 12:53:00,2011-09-22 11:49:00,449.48,255,0
16737,53,1,417.6,2011-10-17 13:03:00,2011-10-17 13:03:00,417.6,0,0
16738,298,1,3.75,2011-02-15 09:46:00,2011-02-15 09:46:00,3.75,0,1
16739,177,1,323.0,2011-06-16 09:17:00,2011-06-16 09:17:00,323.0,0,1
16742,47,1,464.9,2011-10-24 12:02:00,2011-10-24 12:02:00,464.9,0,0
16743,29,7,2213.13,2010-12-16 12:15:00,2011-11-10 13:13:00,316.16,329,0
16744,11,7,1291.91,2011-06-19 15:13:00,2011-11-28 13:06:00,184.56,161,0
16745,87,17,7180.7,2011-02-01 11:31:00,2011-09-14 11:58:00,422.39,225,0
16746,5,18,6680.11,2010-12-16 11:43:00,2011-12-05 12:33:00,371.12,354,0
16747,38,2,836.0600000000001,2011-10-03 10:18:00,2011-11-02 11:37:00,418.03,30,0
16748,18,5,1515.9,2011-01-09 13:50:00,2011-11-22 10:17:00,303.18,316,0
16750,45,5,623.93,2011-04-21 16:53:00,2011-10-26 12:48:00,124.79,187,0
16751,31,1,1764.72,2011-11-09 10:48:00,2011-11-09 10:48:00,1764.72,0,0
16752,373,1,207.5,2010-12-02 12:18:00,2010-12-02 12:18:00,207.5,0,1
16753,58,1,223.92000000000002,2011-10-12 13:14:00,2011-10-12 13:14:00,223.92,0,0
16754,372,1,2002.4,2010-12-02 17:38:00,2010-12-02 17:38:00,2002.4,0,1
16755,114,3,1475.43,2011-01-28 10:47:00,2011-08-17 13:21:00,491.81,201,1
16756,215,1,239.4,2011-05-09 09:33:00,2011-05-09 09:33:00,239.4,0,1
16757,319,1,106.83000000000001,2011-01-25 11:59:00,2011-01-25 11:59:00,106.83,0,1
16758,65,1,369.34000000000003,2011-10-05 14:47:00,2011-10-05 14:47:00,369.34,0,0
16759,8,3,789.79,2011-11-09 09:06:00,2011-12-02 12:42:00,263.26,23,0
16761,97,1,316.62,2011-09-04 11:15:00,2011-09-04 11:15:00,316.62,0,1
16762,20,3,1207.24,2011-07-18 12:52:00,2011-11-20 11:43:00,402.41,124,0
16763,199,1,611.8499999999999,2011-05-25 11:52:00,2011-05-25 11:52:00,611.85,0,1
16764,4,13,2790.9500000000003,2011-07-19 17:17:00,2011-12-06 11:41:00,214.69,139,0
16765,294,1,34.0,2011-02-18 15:41:00,2011-02-18 15:41:00,34.0,0,1
16766,273,2,1145.6,2011-03-11 13:34:00,2011-03-11 15:22:00,572.8,0,1
16767,31,11,5575.56,2011-01-27 13:38:00,2011-11-09 09:42:00,506.87,285,0
16768,48,3,478.09000000000003,2011-03-13 10:25:00,2011-10-23 10:38:00,159.36,224,0
16769,260,1,361.54,2011-03-24 13:41:00,2011-03-24 13:41:00,361.54,0,1
16770,58,5,757.1,2010-12-02 15:49:00,2011-10-13 12:21:00,151.42,314,0
16771,33,5,2242.61,2011-01-05 13:57:00,2011-11-06 13:28:00,448.52,304,0
16773,57,1,171.59,2011-10-13 14:37:00,2011-10-13 14:37:00,171.59,0,0
16774,68,4,661.52,2011-06-14 12:45:00,2011-10-03 12:41:00,165.38,110,0
16775,10,11,1691.51,2010-12-07 15:15:00,2011-11-29 15:22:00,153.77,357,0
16776,60,1,371.54,2011-10-10 13:04:00,2011-10-10 13:04:00,371.54,0,0
16777,80,2,222.62,2011-03-27 14:34:00,2011-09-20 13:41:00,111.31,176,0
16778,74,2,245.94,2011-03-10 15:21:00,2011-09-26 13:48:00,122.97,199,0
16779,2,22,10611.72,2010-12-08 09:56:00,2011-12-07 14:54:00,482.35,364,0
16780,100,2,422.24,2011-03-25 17:34:00,2011-08-31 16:09:00,211.12,158,1
16781,372,1,311.25,2010-12-02 14:26:00,2010-12-02 14:26:00,311.25,0,1
16782,10,13,2267.9500000000003,2010-12-09 11:28:00,2011-11-29 13:20:00,174.46,355,0
16784,20,1,107.6,2011-11-20 12:20:00,2011-11-20 12:20:00,107.6,0,0
16788,123,2,594.39,2011-03-30 13:05:00,2011-08-08 14:53:00,297.2,131,1
16789,8,1,80.80000000000001,2011-12-01 15:12:00,2011-12-01 15:12:00,80.8,0,0
16790,4,6,1545.6200000000001,2011-11-02 11:23:00,2011-12-06 11:53:00,257.6,34,0
16791,29,7,1705.78,2011-01-11 15:42:00,2011-11-10 19:12:00,243.68,303,0
16792,282,2,110.38,2011-03-02 14:39:00,2011-03-02 14:41:00,55.19,0,1
16793,57,1,243.84,2011-10-13 15:08:00,2011-10-13 15:08:00,243.84,0,0
16794,1,10,1196.5,2011-06-12 14:15:00,2011-12-08 17:54:00,119.65,179,0
16795,365,1,414.88,2010-12-09 14:08:00,2010-12-09 14:08:00,414.88,0,1
16796,89,1,305.62,2011-09-11 14:01:00,2011-09-11 14:01:00,305.62,0,0
16800,11,1,1162.65,2011-11-28 14:06:00,2011-11-28 14:06:00,1162.65,0,0
16801,163,4,1594.23,2011-03-11 13:56:00,2011-06-29 15:33:00,398.56,110,1
16803,65,1,332.3,2011-10-05 14:28:00,2011-10-05 14:28:00,332.3,0,0
16804,23,3,536.99,2011-03-14 15:48:00,2011-11-16 16:43:00,179.0,247,0
16805,174,2,460.59000000000003,2010-12-14 13:35:00,2011-06-19 11:23:00,230.3,186,1
16806,103,4,762.16,2011-04-14 19:59:00,2011-08-28 15:27:00,190.54,135,1
16807,143,3,1121.59,2011-03-14 09:46:00,2011-07-20 12:00:00,373.86,128,1
16808,99,2,288.42,2011-03-10 19:05:00,2011-09-01 19:34:00,144.21,175,1
16809,23,5,914.69,2011-03-22 15:20:00,2011-11-16 15:45:00,182.94,239,0
16810,192,1,309.54,2011-05-31 15:32:00,2011-05-31 15:32:00,309.54,0,1
16811,5,2,547.07,2011-11-22 17:19:00,2011-12-05 11:39:00,273.54,12,0
16812,361,1,479.35,2010-12-14 12:35:00,2010-12-14 12:35:00,479.35,0,1
16813,8,10,1652.18,2011-05-19 13:28:00,2011-12-01 14:03:00,165.22,196,0
16814,14,21,6416.7,2010-12-05 11:45:00,2011-11-25 13:27:00,305.56,355,0
16816,103,4,417.06,2010-12-16 17:01:00,2011-08-28 14:16:00,104.26,254,1
16817,3,9,1604.75,2010-12-06 14:19:00,2011-12-07 11:03:00,178.31,365,0
16818,11,11,3349.57,2011-05-18 11:42:00,2011-11-29 10:41:00,304.51,194,0
16820,96,1,497.61,2011-09-05 12:06:00,2011-09-05 12:06:00,497.61,0,1
16823,227,1,358.38,2011-04-26 15:00:00,2011-04-26 15:00:00,358.38,0,1
16824,16,2,460.64,2011-06-28 13:36:00,2011-11-24 12:38:00,230.32,148,0
16825,39,2,775.18,2011-06-07 09:44:00,2011-11-01 11:51:00,387.59,147,0
16826,51,1,341.7,2011-10-19 14:05:00,2011-10-19 14:05:00,341.7,0,0
16828,93,2,128.5,2011-08-19 13:24:00,2011-09-07 15:10:00,64.25,19,1
16829,157,1,197.22,2011-07-06 10:48:00,2011-07-06 10:48:00,197.22,0,1
16830,39,1,325.91,2011-11-01 11:35:00,2011-11-01 11:35:00,325.91,0,0
16832,184,3,199.15,2011-05-06 14:12:00,2011-06-08 15:36:00,66.38,33,1
16833,1,4,1106.53,2011-01-09 13:02:00,2011-12-08 14:39:00,276.63,333,0
16834,228,1,413.46,2011-04-26 09:37:00,2011-04-26 09:37:00,413.46,0,1
16835,128,2,180.85,2010-12-01 17:15:00,2011-08-03 13:50:00,90.42,244,1
16836,40,2,251.87,2011-08-15 12:38:00,2011-10-31 10:05:00,125.94,76,0
16837,31,11,3170.98,2011-04-08 08:48:00,2011-11-08 14:27:00,288.27,214,0
16838,197,2,588.85,2011-02-24 15:01:00,2011-05-26 13:13:00,294.42,90,1
16839,9,34,16594.35,2010-12-05 11:15:00,2011-12-01 09:03:00,488.07,360,0
16841,37,6,1869.82,2011-02-25 12:40:00,2011-11-03 11:51:00,311.64,250,0
16842,101,3,1264.19,2011-02-10 14:51:00,2011-08-31 10:42:00,421.4,201,1
16843,43,16,10196.57,2011-01-16 16:10:00,2011-10-28 09:06:00,637.29,284,0
16846,50,1,214.32,2011-10-20 13:55:00,2011-10-20 13:55:00,214.32,0,0
16847,43,1,193.44,2011-10-27 13:29:00,2011-10-27 13:29:00,193.44,0,0
16848,53,1,281.42,2011-10-18 08:42:00,2011-10-18 08:42:00,281.42,0,0
16849,187,1,124.57,2011-06-06 09:16:00,2011-06-06 09:16:00,124.57,0,1
16850,334,1,332.41,2011-01-10 11:09:00,2011-01-10 11:09:00,332.41,0,1
16851,4,3,342.45,2011-10-19 09:48:00,2011-12-05 13:32:00,114.15,47,0
16852,10,2,144.91,2011-06-16 15:49:00,2011-11-29 13:22:00,72.46,165,0
16855,24,2,328.40000000000003,2011-10-27 16:31:00,2011-11-16 12:03:00,164.2,19,0
16856,15,1,35.400000000000006,2011-11-25 08:59:00,2011-11-25 08:59:00,35.4,0,0
16858,369,1,375.69000000000005,2010-12-06 09:52:00,2010-12-06 09:52:00,375.69,0,1
16859,145,2,747.81,2011-03-23 13:39:00,2011-07-18 12:19:00,373.9,116,1
16861,60,2,173.76,2011-07-04 15:38:00,2011-10-11 09:05:00,86.88,98,0
16863,31,2,502.8,2010-12-08 08:58:00,2011-11-08 15:26:00,251.4,335,0
16866,141,3,207.74,2011-07-01 12:34:00,2011-07-22 10:06:00,69.25,20,1
16869,23,4,817.12,2011-06-17 13:01:00,2011-11-17 12:02:00,204.28,152,0
16871,22,6,2812.34,2011-03-14 10:31:00,2011-11-17 19:27:00,468.72,248,0
16872,77,3,680.02,2011-06-08 14:32:00,2011-09-23 16:05:00,226.67,107,0
16873,5,6,7123.62,2010-12-10 15:45:00,2011-12-05 12:05:00,1187.27,359,0
16875,67,5,2095.53,2011-01-04 10:37:00,2011-10-03 13:39:00,419.11,272,0
16877,12,6,846.62,2011-05-15 16:13:00,2011-11-27 13:47:00,141.1,195,0
16878,84,1,13.3,2011-09-16 17:39:00,2011-09-16 17:39:00,13.3,0,0
16880,31,7,1491.43,2011-06-03 16:45:00,2011-11-09 11:33:00,213.06,158,0
16881,67,1,432.0,2011-10-04 10:33:00,2011-10-04 10:33:00,432.0,0,0
16882,67,3,705.12,2011-01-26 17:43:00,2011-10-04 10:42:00,235.04,250,0
16883,187,2,272.48,2010-12-03 10:33:00,2011-06-05 12:51:00,136.24,184,1
16884,38,2,429.84,2011-11-02 10:16:00,2011-11-02 11:52:00,214.92,0,0
16885,15,3,450.41,2010-12-17 17:23:00,2011-11-24 13:40:00,150.14,341,0
16887,35,1,192.32999999999998,2011-11-04 14:07:00,2011-11-04 14:07:00,192.33,0,0
16889,195,3,1578.67,2011-01-07 10:47:00,2011-05-29 11:05:00,526.22,142,1
16891,2,5,742.43,2010-12-03 11:35:00,2011-12-08 11:15:00,148.49,369,0
16892,1,5,518.19,2011-06-09 11:35:00,2011-12-08 13:18:00,103.64,182,0
16893,367,1,145.93,2010-12-08 12:06:00,2010-12-08 12:06:00,145.93,0,1
16895,65,1,202.27,2011-10-06 12:15:00,2011-10-06 12:15:00,202.27,0,0
16897,299,2,289.78,2011-01-30 11:52:00,2011-02-13 15:02:00,144.89,14,1
16898,26,3,501.03000000000003,2010-12-06 12:23:00,2011-11-13 15:44:00,167.01,342,0
16899,8,6,1271.06,2010-12-14 13:11:00,2011-12-02 12:03:00,211.84,352,0
16900,17,3,887.11,2011-10-07 13:17:00,2011-11-23 10:32:00,295.7,46,0
16902,116,1,1706.88,2011-08-15 14:17:00,2011-08-15 14:17:00,1706.88,0,1
16903,29,1,363.2,2011-11-10 15:32:00,2011-11-10 15:32:00,363.2,0,0
16904,4,16,3653.75,2010-12-07 13:29:00,2011-12-05 13:10:00,228.36,362,0
16905,5,7,3037.6,2010-12-03 10:43:00,2011-12-04 14:01:00,433.94,366,0
16906,82,4,559.59,2011-04-05 12:30:00,2011-09-19 11:49:00,139.9,166,0
16907,29,5,928.76,2010-12-09 16:52:00,2011-11-10 18:04:00,185.75,336,0
16909,72,1,379.14,2011-09-28 16:45:00,2011-09-28 16:45:00,379.14,0,0
16910,4,8,1508.96,2011-09-09 14:14:00,2011-12-05 12:51:00,188.62,86,0
16912,29,11,2555.58,2011-01-20 15:42:00,2011-11-11 12:18:00,232.33,294,0
16913,290,1,113.44,2011-02-22 12:56:00,2011-02-22 12:56:00,113.44,0,1
16914,36,1,183.76,2011-11-03 15:27:00,2011-11-03 15:27:00,183.76,0,0
16915,9,6,621.6800000000001,2011-03-01 09:52:00,2011-11-30 16:39:00,103.61,274,0
16916,24,2,562.41,2010-12-02 13:14:00,2011-11-16 12:08:00,281.2,348,0
16917,277,1,391.52,2011-03-08 11:55:00,2011-03-08 11:55:00,391.52,0,1
16918,49,6,1068.82,2011-01-26 17:37:00,2011-10-21 12:50:00,178.14,267,0
16919,156,11,2592.25,2010-12-06 12:52:00,2011-07-06 13:35:00,235.66,212,1
16921,61,1,154.18,2011-10-09 16:22:00,2011-10-09 16:22:00,154.18,0,0
16923,12,19,7069.08,2010-12-12 11:06:00,2011-11-27 13:00:00,372.06,350,0
16924,21,3,829.89,2011-09-16 12:54:00,2011-11-18 12:53:00,276.63,62,0
16926,371,1,230.25,2010-12-03 13:42:00,2010-12-03 13:42:00,230.25,0,1
16927,116,3,543.05,2010-12-13 11:57:00,2011-08-16 11:10:00,181.02,245,1
16928,80,17,2814.7,2010-12-01 15:21:00,2011-09-20 15:10:00,165.57,292,0
16929,4,7,1295.39,2011-07-07 12:39:00,2011-12-06 08:37:00,185.06,151,0
16930,26,3,378.89,2011-10-02 14:25:00,2011-11-13 16:13:00,126.3,42,0
16931,5,21,4554.87,2010-12-05 11:40:00,2011-12-04 13:15:00,216.9,364,0
16932,53,1,150.23000000000002,2011-10-17 14:12:00,2011-10-17 14:12:00,150.23,0,0
16933,1,2,563.23,2011-04-14 13:33:00,2011-12-08 12:54:00,281.62,237,0
16934,55,2,931.03,2011-10-16 12:25:00,2011-10-16 12:40:00,465.52,0,0
16936,26,1,261.9,2011-11-14 11:04:00,2011-11-14 11:04:00,261.9,0,0
16938,9,4,2711.6800000000003,2011-02-04 09:34:00,2011-12-01 10:20:00,677.92,300,0
16940,52,3,3049.88,2011-02-23 12:27:00,2011-10-18 13:15:00,1016.63,237,0
16942,13,9,1904.99,2011-04-26 11:59:00,2011-11-27 12:40:00,211.67,215,0
16943,212,3,816.73,2011-01-25 14:00:00,2011-05-12 11:57:00,272.24,106,1
16945,22,19,4345.5,2010-12-16 17:49:00,2011-11-18 11:39:00,228.71,336,0
16947,236,1,406.48,2011-04-18 09:38:00,2011-04-18 09:38:00,406.48,0,1
16948,139,3,435.02,2011-01-18 10:58:00,2011-07-24 12:46:00,145.01,187,1
16949,4,6,1286.27,2011-01-27 12:11:00,2011-12-06 11:07:00,214.38,312,0
16950,57,3,1178.56,2010-12-07 15:20:00,2011-10-14 09:06:00,392.85,310,0
16951,135,3,1277.75,2011-02-08 14:58:00,2011-07-28 12:05:00,425.92,169,1
16952,109,2,167.61,2011-08-22 12:58:00,2011-08-22 13:03:00,83.8,0,1
16953,30,1,20.8,2011-11-09 15:54:00,2011-11-09 15:54:00,20.8,0,0
16954,1,9,2085.08,2010-12-15 10:41:00,2011-12-09 09:46:00,231.68,358,0
16955,185,4,518.67,2010-12-01 13:31:00,2011-06-08 10:36:00,129.67,188,1
16956,18,1,308.74,2011-11-22 08:56:00,2011-11-22 08:56:00,308.74,0,0
16957,239,2,416.64,2011-03-03 09:25:00,2011-04-14 13:56:00,208.32,42,1
16959,87,1,117.35000000000001,2011-09-13 15:03:00,2011-09-13 15:03:00,117.35,0,0
16960,39,3,507.05,2011-04-01 11:54:00,2011-11-01 11:35:00,169.02,213,0
16961,116,1,234.17000000000002,2011-08-15 13:46:00,2011-08-15 13:46:00,234.17,0,1
16963,187,1,110.55000000000001,2011-06-05 13:48:00,2011-06-05 13:48:00,110.55,0,1
16965,227,1,201.19,2011-04-27 12:08:00,2011-04-27 12:08:00,201.19,0,1
16966,8,7,2154.97,2011-04-13 14:17:00,2011-12-01 13:40:00,307.85,231,0
16967,189,1,319.02,2011-06-03 14:24:00,2011-06-03 14:24:00,319.02,0,1
16968,4,2,439.43,2011-08-24 10:51:00,2011-12-05 15:02:00,219.72,103,0
16969,39,3,650.41,2011-06-01 12:10:00,2011-10-31 13:12:00,216.8,152,0
16971,38,1,357.21,2011-11-01 15:06:00,2011-11-01 15:06:00,357.21,0,0
16976,267,1,251.51999999999998,2011-03-17 16:33:00,2011-03-17 16:33:00,251.52,0,1
16978,77,1,344.33,2011-09-23 12:50:00,2011-09-23 12:50:00,344.33,0,0
16979,4,6,1852.0,2011-02-15 09:20:00,2011-12-06 12:21:00,308.67,294,0
16980,255,2,1028.46,2011-02-21 12:58:00,2011-03-29 16:36:00,514.23,36,1
16982,61,1,384.06,2011-10-10 12:28:00,2011-10-10 12:28:00,384.06,0,0
16983,13,7,1905.87,2010-12-05 12:34:00,2011-11-27 12:10:00,272.27,356,0
16984,88,2,4459.52,2011-08-01 17:37:00,2011-09-12 13:43:00,2229.76,41,0
16985,17,10,5464.12,2010-12-16 10:38:00,2011-11-22 13:33:00,546.41,341,0
16986,30,2,1873.2,2011-11-09 15:52:00,2011-11-10 11:55:00,936.6,0,0
16987,3,7,1616.8,2011-05-18 15:55:00,2011-12-06 17:26:00,230.97,202,0
16988,5,1,126.12,2011-12-04 16:02:00,2011-12-04 16:02:00,126.12,0,0
16989,7,6,1133.25,2011-07-12 09:11:00,2011-12-02 16:39:00,188.88,143,0
16990,219,1,179.0,2011-05-05 08:30:00,2011-05-05 08:30:00,179.0,0,1
16992,11,5,1614.31,2011-02-28 10:37:00,2011-11-29 11:50:00,322.86,274,0
16996,30,6,1456.96,2010-12-21 13:22:00,2011-11-09 16:43:00,242.83,323,0
16997,288,3,702.0,2011-01-18 11:51:00,2011-02-24 17:28:00,234.0,37,1
16998,150,4,295.0,2011-02-08 15:42:00,2011-07-13 09:44:00,73.75,154,1
16999,23,2,484.82,2011-09-26 15:43:00,2011-11-16 13:53:00,242.41,50,0
17001,1,11,3989.57,2010-12-16 09:35:00,2011-12-09 09:38:00,362.69,358,0
17002,86,3,1493.73,2011-02-22 11:46:00,2011-09-15 12:40:00,497.91,205,0
17004,46,2,1312.1399999999999,2011-09-08 12:16:00,2011-10-24 14:25:00,656.07,46,0
17006,5,4,781.78,2011-09-25 12:15:00,2011-12-05 12:09:00,195.44,70,0
17007,51,6,889.9300000000001,2010-12-17 13:57:00,2011-10-20 10:47:00,148.32,306,0
17010,18,1,195.36,2011-11-21 14:49:00,2011-11-21 14:49:00,195.36,0,0
17011,30,1,270.9,2011-11-09 13:30:00,2011-11-09 13:30:00,270.9,0,0
17014,8,3,583.4300000000001,2011-10-04 11:36:00,2011-12-01 14:09:00,194.48,58,0
17015,29,3,1838.61,2011-06-07 13:19:00,2011-11-11 10:45:00,612.87,156,0
17017,3,20,8694.26,2010-12-02 10:17:00,2011-12-07 09:32:00,434.71,369,0
17018,41,2,920.1,2011-01-18 08:46:00,2011-10-30 11:42:00,460.05,285,0
17019,11,4,1258.08,2010-12-06 12:55:00,2011-11-28 13:06:00,314.52,357,0
17022,31,1,71.0,2011-11-08 17:09:00,2011-11-08 17:09:00,71.0,0,0
17024,45,3,95.85,2011-07-05 09:31:00,2011-10-25 13:47:00,31.95,112,0
17025,61,3,357.77,2010-12-01 15:45:00,2011-10-10 09:06:00,119.26,312,0
17026,185,2,154.83,2010-12-05 12:47:00,2011-06-07 14:28:00,77.42,184,1
17027,79,6,877.5600000000001,2011-01-26 14:19:00,2011-09-22 12:24:00,146.26,238,0
17029,111,2,716.0,2011-04-17 10:57:00,2011-08-21 11:06:00,358.0,126,1
17030,64,1,146.87,2011-10-07 08:49:00,2011-10-07 08:49:00,146.87,0,0
17031,12,2,380.35,2011-07-08 09:38:00,2011-11-28 10:23:00,190.18,143,0
17033,86,3,1030.14,2010-12-15 13:21:00,2011-09-14 14:34:00,343.38,273,0
17034,16,3,745.52,2011-02-25 10:10:00,2011-11-23 15:14:00,248.51,271,0
17035,246,2,433.53000000000003,2011-02-01 12:27:00,2011-04-08 11:23:00,216.76,65,1
17037,88,1,1267.32,2011-09-13 12:49:00,2011-09-13 12:49:00,1267.32,0,0
17038,30,1,112.4,2011-11-09 13:50:00,2011-11-09 13:50:00,112.4,0,0
17040,138,1,449.73,2011-07-25 10:19:00,2011-07-25 10:19:00,449.73,0,1
17041,27,3,1071.49,2010-12-14 11:43:00,2011-11-13 11:21:00,357.16,333,0
17042,3,5,1036.58,2011-04-06 14:53:00,2011-12-07 12:26:00,207.32,244,0
17043,32,4,1735.18,2011-03-18 14:53:00,2011-11-07 15:33:00,433.8,234,0
17044,25,1,948.48,2011-11-14 14:28:00,2011-11-14 14:28:00,948.48,0,0
17045,113,3,339.44,2011-04-06 12:08:00,2011-08-18 17:09:00,113.15,134,1
17046,157,1,642.02,2011-07-05 14:24:00,2011-07-05 14:24:00,642.02,0,1
17047,85,3,1100.9,2011-05-18 16:50:00,2011-09-15 13:27:00,366.97,119,0
17048,118,3,925.35,2011-01-12 16:51:00,2011-08-14 11:49:00,308.45,213,1
17049,3,9,5655.03,2011-03-09 08:33:00,2011-12-07 10:48:00,628.34,273,0
17050,96,6,3185.64,2011-02-13 12:41:00,2011-09-04 13:48:00,530.94,203,1
17051,194,1,240.89,2011-05-29 14:13:00,2011-05-29 14:13:00,240.89,0,1
17052,28,1,399.09,2011-11-11 14:50:00,2011-11-11 14:50:00,399.09,0,0
17053,131,1,498.48,2011-08-01 10:23:00,2011-08-01 10:23:00,498.48,0,1
17054,28,5,1356.33,2011-04-08 13:14:00,2011-11-11 12:56:00,271.27,216,0
17058,82,3,1179.89,2011-04-14 09:18:00,2011-09-19 10:13:00,393.3,158,0
17059,30,5,3080.39,2010-12-05 12:35:00,2011-11-10 12:27:00,616.08,339,0
17060,266,1,234.24,2011-03-18 13:27:00,2011-03-18 13:27:00,234.24,0,1
17061,74,11,5232.2300000000005,2011-04-21 13:29:00,2011-09-27 11:24:00,475.66,158,0
17062,314,4,533.33,2010-12-05 11:59:00,2011-01-30 11:01:00,133.33,55,1
17063,21,7,1461.14,2011-02-23 13:44:00,2011-11-18 16:19:00,208.73,268,0
17064,59,3,855.45,2011-01-16 16:10:00,2011-10-12 10:18:00,285.15,268,0
17068,12,21,4552.14,2010-12-06 13:58:00,2011-11-27 13:14:00,216.77,355,0
17069,28,9,2709.7000000000003,2010-12-01 16:49:00,2011-11-11 17:13:00,301.08,345,0
17070,114,1,304.24,2011-08-17 17:01:00,2011-08-17 17:01:00,304.24,0,1
17071,28,9,2429.03,2011-02-03 08:18:00,2011-11-11 16:31:00,269.89,281,0
17073,18,4,1446.09,2011-08-22 14:37:00,2011-11-22 11:47:00,361.52,91,0
17075,18,4,834.12,2011-01-26 13:20:00,2011-11-22 11:58:00,208.53,299,0
17076,36,3,841.0799999999999,2010-12-10 10:08:00,2011-11-03 17:53:00,280.36,328,0
17078,36,2,378.2,2011-11-03 18:49:00,2011-11-03 19:17:00,189.1,0,0
17079,78,1,118.80000000000001,2011-09-22 15:34:00,2011-09-22 15:34:00,118.8,0,0
17080,22,2,287.62,2011-03-15 12:05:00,2011-11-17 12:59:00,143.81,247,0
17081,25,2,288.91,2011-10-24 13:08:00,2011-11-14 12:56:00,144.46,20,0
17082,33,2,2003.8500000000001,2011-01-25 14:36:00,2011-11-06 15:17:00,1001.92,285,0
17083,109,3,1405.78,2011-02-09 11:38:00,2011-08-22 15:43:00,468.59,194,1
17084,35,2,2747.9900000000002,2011-11-04 14:49:00,2011-11-04 14:54:00,1374.0,0,0
17085,123,5,1562.4,2010-12-12 12:24:00,2011-08-08 14:15:00,312.48,239,1
17086,7,6,2050.08,2011-10-07 11:22:00,2011-12-02 13:54:00,341.68,56,0
17088,28,4,1991.01,2011-03-31 09:48:00,2011-11-11 14:23:00,497.75,225,0
17090,4,7,1974.65,2010-12-20 13:52:00,2011-12-05 13:44:00,282.09,349,0
17091,3,9,3827.76,2010-12-07 09:55:00,2011-12-07 10:43:00,425.31,365,0
17092,50,4,1774.03,2011-03-07 14:51:00,2011-10-20 19:51:00,443.51,227,0
17094,322,1,302.0,2011-01-21 13:09:00,2011-01-21 13:09:00,302.0,0,1
17095,23,3,1324.16,2011-01-09 11:05:00,2011-11-17 12:21:00,441.39,312,0
17096,15,4,1022.13,2011-03-23 12:05:00,2011-11-24 15:01:00,255.53,246,0
17100,18,2,971.74,2011-11-21 16:36:00,2011-11-21 16:36:00,485.87,0,0
17101,10,4,1621.73,2011-06-14 14:49:00,2011-11-29 13:57:00,405.43,167,0
17102,262,1,25.5,2011-03-23 10:08:00,2011-03-23 10:08:00,25.5,0,1
17105,159,2,665.78,2011-02-06 14:46:00,2011-07-03 15:53:00,332.89,147,1
17107,33,6,10797.48,2011-03-06 15:17:00,2011-11-06 14:14:00,1799.58,244,0
17109,29,6,881.29,2011-04-21 15:46:00,2011-11-10 16:59:00,146.88,203,0
17110,165,1,163.29999999999998,2011-06-27 12:58:00,2011-06-27 12:58:00,163.3,0,1
17111,47,1,231.61,2011-10-23 15:59:00,2011-10-23 15:59:00,231.61,0,0
17114,6,8,801.12,2011-01-09 11:39:00,2011-12-04 12:17:00,100.14,329,0
17115,8,3,837.5,2011-04-20 14:46:00,2011-12-01 14:30:00,279.17,224,0
17117,288,1,116.2,2011-02-24 13:54:00,2011-02-24 13:54:00,116.2,0,1
17118,318,1,157.02,2011-01-26 12:19:00,2011-01-26 12:19:00,157.02,0,1
17119,3,2,606.91,2011-10-11 11:03:00,2011-12-06 14:40:00,303.46,56,0
17120,233,1,307.46,2011-04-20 15:21:00,2011-04-20 15:21:00,307.46,0,1
17122,119,1,138.32,2011-08-12 14:33:00,2011-08-12 14:33:00,138.32,0,1
17123,162,1,345.3,2011-07-01 10:47:00,2011-07-01 10:47:00,345.3,0,1
17124,185,1,294.24,2011-06-07 14:02:00,2011-06-07 14:02:00,294.24,0,1
17125,50,1,230.5,2011-10-20 14:41:00,2011-10-20 14:41:00,230.5,0,0
17126,152,5,989.45,2010-12-12 11:26:00,2011-07-10 13:52:00,197.89,210,1
17128,335,1,157.09,2011-01-09 12:02:00,2011-01-09 12:02:00,157.09,0,1
17131,5,5,2463.17,2011-09-25 12:42:00,2011-12-04 12:52:00,492.63,70,0
17133,16,7,4892.240000000001,2011-03-18 13:47:00,2011-11-24 12:27:00,698.89,250,0
17134,107,2,413.2,2011-03-20 11:56:00,2011-08-25 09:53:00,206.6,157,1
17135,16,7,1139.73,2010-12-03 09:31:00,2011-11-23 16:48:00,162.82,355,0
17138,276,1,380.5,2011-03-09 11:54:00,2011-03-09 11:54:00,380.5,0,1
17139,16,12,10650.77,2011-02-24 09:32:00,2011-11-24 10:12:00,887.56,273,0
17140,247,1,454.12,2011-04-06 13:33:00,2011-04-06 13:33:00,454.12,0,1
17142,239,1,579.0,2011-04-14 18:22:00,2011-04-14 18:22:00,579.0,0,1
17144,1,2,984.57,2011-09-16 12:50:00,2011-12-08 17:57:00,492.28,83,0
17146,106,3,749.78,2010-12-16 12:20:00,2011-08-26 12:44:00,249.93,253,1
17147,23,4,1714.59,2011-02-01 09:36:00,2011-11-17 12:32:00,428.65,289,0
17148,52,1,124.88,2011-10-19 09:59:00,2011-10-19 09:59:00,124.88,0,0
17152,195,3,1689.5,2011-03-21 16:20:00,2011-05-29 12:19:00,563.17,68,1
17153,24,1,213.78,2011-11-15 13:42:00,2011-11-15 13:42:00,213.78,0,0
17154,75,1,329.34,2011-09-25 13:42:00,2011-09-25 13:42:00,329.34,0,0
17155,18,2,251.7,2011-06-15 10:22:00,2011-11-22 12:38:00,125.85,160,0
17157,8,2,319.0,2011-06-16 15:08:00,2011-12-02 09:10:00,159.5,168,0
17158,32,3,1266.97,2010-12-14 13:03:00,2011-11-07 15:15:00,422.32,328,0
17159,22,3,1538.88,2011-06-21 09:49:00,2011-11-18 10:52:00,512.96,150,0
17160,31,6,3518.03,2011-04-12 12:00:00,2011-11-08 14:05:00,586.34,210,0
17162,29,10,1715.46,2011-02-07 12:27:00,2011-11-11 11:34:00,171.55,276,0
17163,22,2,293.1,2011-09-22 15:54:00,2011-11-18 08:57:00,146.55,56,0
17164,33,7,2467.35,2011-03-11 14:26:00,2011-11-07 09:14:00,352.48,240,0
17165,284,1,158.68,2011-02-28 16:39:00,2011-02-28 16:39:00,158.68,0,1
17166,39,2,206.34,2011-05-20 08:18:00,2011-11-01 09:46:00,103.17,165,0
17169,58,2,835.78,2011-06-09 13:16:00,2011-10-13 10:25:00,417.89,125,0
17171,289,1,224.91,2011-02-23 16:37:00,2011-02-23 16:37:00,224.91,0,1
17172,79,1,317.76,2011-09-22 09:36:00,2011-09-22 09:36:00,317.76,0,0
17173,5,8,3766.6,2011-07-31 15:26:00,2011-12-04 14:40:00,470.82,125,0
17174,218,1,59.9,2011-05-06 11:47:00,2011-05-06 11:47:00,59.9,0,1
17175,44,4,1443.69,2011-02-16 14:56:00,2011-10-26 15:31:00,360.92,252,0
17176,202,1,306.13,2011-05-22 12:41:00,2011-05-22 12:41:00,306.13,0,1
17179,178,3,711.79,2010-12-13 14:24:00,2011-06-14 16:48:00,237.26,183,1
17180,56,4,783.97,2011-01-27 18:05:00,2011-10-14 15:46:00,195.99,259,0
17181,57,2,239.92000000000002,2010-12-01 12:38:00,2011-10-13 14:48:00,119.96,316,0
17183,8,6,3347.31,2011-08-26 15:25:00,2011-12-02 10:07:00,557.88,97,0
17186,47,2,144.0,2011-10-10 12:52:00,2011-10-24 10:20:00,72.0,13,0
17187,227,1,203.95,2011-04-27 12:39:00,2011-04-27 12:39:00,203.95,0,1
17188,11,7,2474.23,2010-12-12 12:56:00,2011-11-28 13:53:00,353.46,351,0
17189,106,2,383.75,2010-12-15 17:28:00,2011-08-25 19:39:00,191.88,253,1
17190,59,2,444.74,2011-05-16 15:29:00,2011-10-12 11:33:00,222.37,148,0
17191,28,7,2093.68,2010-12-06 14:36:00,2011-11-11 16:58:00,299.1,340,0
17193,36,7,1699.3,2011-06-16 10:04:00,2011-11-04 12:47:00,242.76,141,0
17194,274,2,262.62,2010-12-14 12:06:00,2011-03-11 12:05:00,131.31,86,1
17197,30,1,1013.01,2011-11-10 10:32:00,2011-11-10 10:32:00,1013.01,0,0
17198,24,3,692.22,2010-12-03 14:54:00,2011-11-16 10:39:00,230.74,347,0
17201,54,1,289.78000000000003,2011-10-17 11:55:00,2011-10-17 11:55:00,289.78,0,0
17203,36,6,3560.08,2011-10-10 14:37:00,2011-11-04 12:27:00,593.35,24,0
17204,175,4,1564.56,2011-03-21 12:42:00,2011-06-17 14:46:00,391.14,88,1
17205,54,1,384.08,2011-10-17 12:46:00,2011-10-17 12:46:00,384.08,0,0
17206,53,1,204.24,2011-10-17 13:25:00,2011-10-17 13:25:00,204.24,0,0
17211,27,8,2317.2200000000003,2010-12-05 12:44:00,2011-11-13 12:03:00,289.65,342,0
17212,253,1,226.85,2011-03-31 19:42:00,2011-03-31 19:42:00,226.85,0,1
17213,40,7,2781.23,2010-12-08 13:03:00,2011-10-30 14:53:00,397.32,326,0
17214,60,6,1059.1200000000001,2010-12-15 15:14:00,2011-10-10 13:17:00,176.52,298,0
17217,234,1,113.5,2011-04-19 17:19:00,2011-04-19 17:19:00,113.5,0,1
17218,4,10,1951.97,2010-12-06 15:25:00,2011-12-05 13:52:00,195.2,363,0
17219,32,1,114.23,2011-11-08 11:25:00,2011-11-08 11:25:00,114.23,0,0
17220,24,14,3187.55,2010-12-10 14:54:00,2011-11-15 13:47:00,227.68,339,0
17221,7,2,334.48,2011-11-03 17:39:00,2011-12-02 13:35:00,167.24,28,0
17222,65,1,328.65,2011-10-05 13:58:00,2011-10-05 13:58:00,328.65,0,0
17223,310,2,416.89,2010-12-06 14:08:00,2011-02-02 15:57:00,208.44,58,1
17226,309,1,393.49,2011-02-04 11:52:00,2011-02-04 11:52:00,393.49,0,1
17227,19,6,939.32,2010-12-06 11:16:00,2011-11-21 10:51:00,156.55,349,0
17228,16,8,1906.09,2010-12-02 16:00:00,2011-11-24 10:24:00,238.26,356,0
17229,96,2,318.76,2011-07-20 12:38:00,2011-09-04 13:56:00,159.38,46,1
17230,264,8,3638.41,2010-12-15 11:22:00,2011-03-20 16:12:00,454.8,95,1
17231,12,10,3124.72,2010-12-13 14:16:00,2011-11-27 15:18:00,312.47,349,0
17232,3,2,417.77,2011-11-25 12:24:00,2011-12-07 12:21:00,208.88,11,0
17233,35,1,190.88,2011-11-04 14:06:00,2011-11-04 14:06:00,190.88,0,0
17234,183,1,149.89,2011-06-10 11:20:00,2011-06-10 11:20:00,149.89,0,1
17235,25,2,550.0600000000001,2010-12-02 13:38:00,2011-11-14 15:51:00,275.03,347,0
17236,13,6,916.13,2010-12-12 11:49:00,2011-11-27 12:00:00,152.69,350,0
17237,11,2,314.69,2011-11-17 12:55:00,2011-11-28 15:02:00,157.34,11,0
17238,3,17,3719.1,2010-12-03 15:05:00,2011-12-07 11:35:00,218.77,368,0
17239,313,1,382.5,2011-01-31 09:41:00,2011-01-31 09:41:00,382.5,0,1
17242,108,2,1135.04,2011-06-12 13:04:00,2011-08-23 14:55:00,567.52,72,1
17243,1,26,8540.05,2010-12-05 10:03:00,2011-12-08 13:26:00,328.46,368,0
17244,53,1,954.9,2011-10-17 15:19:00,2011-10-17 15:19:00,954.9,0,0
17245,205,1,171.45000000000002,2011-05-19 10:43:00,2011-05-19 10:43:00,171.45,0,1
17247,15,1,280.09000000000003,2011-11-24 15:21:00,2011-11-24 15:21:00,280.09,0,0
17248,120,1,318.65,2011-08-11 13:34:00,2011-08-11 13:34:00,318.65,0,1
17250,4,2,381.97,2011-03-23 16:45:00,2011-12-06 12:15:00,190.98,257,0
17251,363,1,269.83,2010-12-12 11:06:00,2010-12-12 11:06:00,269.83,0,1
17252,117,2,348.90999999999997,2011-06-06 16:41:00,2011-08-15 09:45:00,174.46,69,1
17253,18,1,178.26,2011-11-21 12:59:00,2011-11-21 12:59:00,178.26,0,0
17254,5,2,271.19,2011-11-24 14:09:00,2011-12-05 12:46:00,135.6,10,0
17255,41,2,291.48,2011-02-13 15:18:00,2011-10-30 12:18:00,145.74,258,0
17256,107,2,240.0,2011-01-31 14:53:00,2011-08-24 13:30:00,120.0,204,1
17259,148,2,581.23,2010-12-06 12:55:00,2011-07-14 15:01:00,290.62,220,1
17262,52,5,1253.3600000000001,2010-12-08 13:30:00,2011-10-18 12:56:00,250.67,313,0
17263,208,1,63.440000000000005,2011-05-15 14:32:00,2011-05-15 14:32:00,63.44,0,1
17265,139,2,550.01,2011-06-12 12:00:00,2011-07-24 10:49:00,275.0,41,1
17266,2,3,296.58,2011-07-15 11:57:00,2011-12-07 14:12:00,98.86,145,0
17267,127,2,317.2,2011-08-04 17:19:00,2011-08-04 17:22:00,158.6,0,1
17268,108,4,763.64,2011-04-08 13:20:00,2011-08-24 10:06:00,190.91,137,1
17272,42,4,2148.63,2011-03-22 12:05:00,2011-10-28 16:37:00,537.16,220,0
17274,35,1,107.82,2011-11-04 13:16:00,2011-11-04 13:16:00,107.82,0,0
17277,228,2,1065.3500000000001,2011-01-21 12:37:00,2011-04-26 12:47:00,532.68,95,1
17278,241,1,246.04000000000002,2011-04-12 13:10:00,2011-04-12 13:10:00,246.04,0,1
17279,58,1,187.82999999999998,2011-10-13 11:58:00,2011-10-13 11:58:00,187.83,0,0
17282,130,3,1685.46,2011-02-13 11:36:00,2011-08-01 14:29:00,561.82,169,1
17284,60,6,1647.48,2011-01-07 14:31:00,2011-10-10 14:38:00,274.58,276,0
17286,22,1,151.37,2011-11-18 12:47:00,2011-11-18 12:47:00,151.37,0,0
17287,26,7,1049.06,2010-12-02 12:22:00,2011-11-13 13:27:00,149.87,346,0
17288,9,7,1417.6299999999999,2010-12-16 13:33:00,2011-11-30 16:09:00,202.52,349,0
17289,32,3,931.02,2011-06-12 13:51:00,2011-11-08 12:01:00,310.34,148,0
17290,4,2,513.01,2011-11-23 15:53:00,2011-12-06 12:38:00,256.5,12,0
17291,308,1,550.8000000000001,2011-02-04 13:04:00,2011-02-04 13:04:00,550.8,0,1
17293,8,9,1854.06,2010-12-13 14:55:00,2011-12-01 14:37:00,206.01,352,0
17295,29,3,547.0,2011-10-06 12:22:00,2011-11-11 10:49:00,182.33,35,0
17297,17,1,128.18,2011-11-22 14:43:00,2011-11-22 14:43:00,128.18,0,0
17298,101,2,498.42,2011-08-07 12:21:00,2011-08-30 16:43:00,249.21,23,1
17299,12,4,656.61,2011-06-19 16:04:00,2011-11-28 12:01:00,164.15,161,0
17301,21,1,163.24,2011-11-18 13:43:00,2011-11-18 13:43:00,163.24,0,0
17302,15,5,1135.63,2011-02-07 10:14:00,2011-11-25 09:36:00,227.13,290,0
17303,361,1,250.04,2010-12-13 13:32:00,2010-12-13 13:32:00,250.04,0,1
17306,11,19,8631.31,2010-12-21 13:34:00,2011-11-29 12:14:00,454.28,342,0
17309,95,1,82.75,2011-09-05 15:20:00,2011-09-05 15:20:00,82.75,0,1
17311,78,2,1384.85,2011-01-27 10:56:00,2011-09-22 14:11:00,692.42,238,0
17312,139,3,644.3,2011-07-03 13:12:00,2011-07-24 11:52:00,214.77,20,1
17313,31,1,2328.84,2011-11-08 15:45:00,2011-11-08 15:45:00,2328.84,0,0
17314,25,8,2527.92,2011-01-31 11:25:00,2011-11-15 09:41:00,315.99,287,0
17315,2,38,6281.2300000000005,2010-12-17 12:24:00,2011-12-08 12:15:00,165.3,355,0
17317,46,3,2600.34,2011-09-11 12:45:00,2011-10-24 17:19:00,866.78,43,0
17320,100,3,1200.6200000000001,2010-12-06 15:38:00,2011-08-31 13:31:00,400.21,267,1
17321,8,2,657.16,2011-10-03 11:34:00,2011-12-01 13:41:00,328.58,59,0
17323,15,7,906.52,2011-02-20 14:38:00,2011-11-24 17:29:00,129.5,277,0
17324,18,4,986.48,2010-12-08 12:45:00,2011-11-22 10:34:00,246.62,348,0
17325,280,1,96.8,2011-03-04 13:09:00,2011-03-04 13:09:00,96.8,0,1
17329,14,2,523.11,2011-01-28 15:29:00,2011-11-25 14:24:00,261.56,300,0
17330,23,2,363.9,2011-10-03 11:26:00,2011-11-17 08:56:00,181.95,44,0
17331,124,1,175.2,2011-08-08 11:55:00,2011-08-08 11:55:00,175.2,0,1
17333,86,1,494.25,2011-09-15 10:11:00,2011-09-15 10:11:00,494.25,0,0
17334,302,2,307.02000000000004,2011-02-04 09:03:00,2011-02-10 14:59:00,153.51,6,1
17337,151,4,1981.06,2011-02-02 17:06:00,2011-07-11 14:55:00,495.26,158,1
17338,17,8,6493.54,2010-12-13 12:57:00,2011-11-22 14:23:00,811.69,344,0
17339,94,2,243.36,2010-12-09 14:44:00,2011-09-06 13:29:00,121.68,270,1
17340,30,11,12353.29,2010-12-08 15:56:00,2011-11-10 10:45:00,1123.03,336,0
17341,157,3,682.29,2010-12-08 12:46:00,2011-07-06 12:33:00,227.43,209,1
17343,355,1,193.64,2010-12-19 15:07:00,2010-12-19 15:07:00,193.64,0,1
17344,46,1,157.62,2011-10-24 12:56:00,2011-10-24 12:56:00,157.62,0,0
17345,15,4,519.6899999999999,2011-05-27 12:26:00,2011-11-24 15:03:00,129.92,181,0
17346,4,15,2622.88,2010-12-01 14:34:00,2011-12-06 12:18:00,174.86,369,0
17347,86,1,228.96,2011-09-14 13:12:00,2011-09-14 13:12:00,228.96,0,0
17348,15,5,1156.6,2011-02-15 10:49:00,2011-11-25 11:25:00,231.32,283,0
17349,179,1,98.25,2011-06-13 14:29:00,2011-06-13 14:29:00,98.25,0,1
17350,8,4,1281.32,2011-10-19 16:05:00,2011-12-01 15:47:00,320.33,42,0
17351,36,3,587.15,2011-03-11 16:05:00,2011-11-03 18:45:00,195.72,237,0
17353,129,2,1740.0,2011-07-08 16:17:00,2011-08-02 17:19:00,870.0,25,1
17354,51,1,1393.06,2011-10-20 10:34:00,2011-10-20 10:34:00,1393.06,0,0
17356,312,1,178.22,2011-02-01 11:07:00,2011-02-01 11:07:00,178.22,0,1
17357,24,2,384.39,2011-11-15 16:29:00,2011-11-15 16:30:00,192.2,0,0
17358,303,2,360.81,2010-12-19 14:16:00,2011-02-09 16:57:00,180.4,52,1
17359,11,1,127.86,2011-11-28 14:37:00,2011-11-28 14:37:00,127.86,0,0
17360,17,3,568.24,2011-06-08 17:09:00,2011-11-22 13:11:00,189.41,166,0
17361,49,3,488.2,2011-02-21 09:55:00,2011-10-21 15:43:00,162.73,242,0
17362,239,2,312.23,2011-02-03 10:26:00,2011-04-14 14:43:00,156.12,70,1
17364,1,11,4462.68,2011-01-12 16:57:00,2011-12-09 09:00:00,405.7,330,0
17365,13,8,4767.36,2011-01-11 12:11:00,2011-11-27 12:13:00,595.92,320,0
17367,238,1,167.55,2011-04-15 14:21:00,2011-04-15 14:21:00,167.55,0,1
17368,23,8,1878.87,2011-01-06 11:57:00,2011-11-16 15:26:00,234.86,314,0
17370,73,4,446.18,2011-06-23 11:50:00,2011-09-28 10:14:00,111.54,96,0
17371,17,3,418.4,2010-12-13 15:20:00,2011-11-22 13:30:00,139.47,343,0
17372,41,8,1337.18,2010-12-12 12:00:00,2011-10-30 11:37:00,167.15,321,0
17373,40,4,646.92,2011-01-31 11:46:00,2011-10-30 15:28:00,161.73,272,0
17374,219,2,495.77,2011-03-03 12:53:00,2011-05-05 09:05:00,247.88,62,1
17375,199,3,400.1,2010-12-13 15:16:00,2011-05-24 15:45:00,133.37,162,1
17376,71,2,203.2,2011-02-01 14:12:00,2011-09-30 12:36:00,101.6,240,0
17377,24,20,4058.32,2010-12-01 12:35:00,2011-11-16 11:17:00,202.92,349,0
17379,11,1,389.71999999999997,2011-11-28 13:56:00,2011-11-28 13:56:00,389.72,0,0
17381,9,29,20275.61,2010-12-02 12:58:00,2011-12-01 11:59:00,699.16,363,0
17382,65,1,65.4,2011-10-05 13:05:00,2011-10-05 13:05:00,65.4,0,0
17383,4,1,193.39000000000001,2011-12-05 17:36:00,2011-12-05 17:36:00,193.39,0,0
17384,19,2,336.4,2011-05-04 16:07:00,2011-11-20 15:48:00,168.2,199,0
17385,15,1,256.11,2011-11-25 11:02:00,2011-11-25 11:02:00,256.11,0,0
17386,8,6,2686.42,2011-06-27 12:11:00,2011-12-02 11:28:00,447.74,157,0
17387,20,2,746.81,2011-11-06 11:25:00,2011-11-20 11:00:00,373.4,13,0
17388,78,4,1259.56,2011-02-25 12:28:00,2011-09-23 10:31:00,314.89,209,0
17389,1,34,31833.68,2011-01-12 15:48:00,2011-12-09 09:38:00,936.28,330,0
17391,164,2,508.8,2011-06-28 12:21:00,2011-06-29 09:58:00,254.4,0,1
17392,307,2,417.27,2010-12-16 19:04:00,2011-02-06 12:48:00,208.64,51,1
17394,219,1,203.86999999999998,2011-05-04 13:22:00,2011-05-04 13:22:00,203.87,0,1
17396,39,8,7330.8,2010-12-03 09:45:00,2011-10-31 14:12:00,916.35,332,0
17397,22,2,681.41,2011-11-17 13:58:00,2011-11-17 14:08:00,340.7,0,0
17398,115,3,653.38,2011-03-29 13:04:00,2011-08-17 09:48:00,217.79,140,1
17400,126,5,2097.84,2010-12-21 17:16:00,2011-08-05 15:38:00,419.57,226,1
17402,5,13,2633.85,2010-12-05 13:53:00,2011-12-05 10:15:00,202.6,364,0
17403,36,1,263.92,2011-11-03 15:18:00,2011-11-03 15:18:00,263.92,0,0
17405,1,3,1031.41,2011-07-12 14:17:00,2011-12-08 17:12:00,343.8,149,0
17406,333,3,2184.42,2010-12-08 10:35:00,2011-01-10 15:07:00,728.14,33,1
17408,163,1,32.65,2011-06-29 12:53:00,2011-06-29 12:53:00,32.65,0,1
17409,185,2,771.85,2011-04-05 16:42:00,2011-06-08 10:36:00,385.92,63,1
17410,16,5,1214.72,2011-05-08 15:21:00,2011-11-23 15:46:00,242.94,199,0
17411,12,3,778.94,2011-03-23 13:44:00,2011-11-27 14:25:00,259.65,249,0
17412,3,7,1258.06,2010-12-02 16:29:00,2011-12-07 11:36:00,179.72,369,0
17414,44,2,778.0,2011-06-08 11:43:00,2011-10-27 12:13:00,389.0,141,0
17415,79,1,507.84,2011-09-21 12:50:00,2011-09-21 12:50:00,507.84,0,0
17416,30,7,6893.42,2011-03-03 13:45:00,2011-11-10 12:47:00,984.77,251,0
17418,42,2,463.46000000000004,2011-01-20 11:39:00,2011-10-28 13:00:00,231.73,281,0
17419,11,12,4226.57,2010-12-07 15:03:00,2011-11-28 13:47:00,352.21,355,0
17420,50,3,598.83,2010-12-01 09:56:00,2011-10-20 14:52:00,199.61,323,0
17422,16,6,1979.37,2011-02-16 14:44:00,2011-11-23 13:27:00,329.9,279,0
17423,46,2,698.41,2011-05-06 09:14:00,2011-10-24 13:36:00,349.2,171,0
17425,19,2,759.1700000000001,2011-10-10 11:37:00,2011-11-20 15:30:00,379.58,41,0
17426,8,6,5037.26,2011-03-02 16:34:00,2011-12-01 18:07:00,839.54,274,0
17427,72,1,100.8,2011-09-29 11:29:00,2011-09-29 11:29:00,100.8,0,0
17428,1,28,17256.85,2010-12-06 09:37:00,2011-12-09 09:45:00,616.32,368,0
17429,128,3,524.9200000000001,2011-05-05 09:53:00,2011-08-03 13:22:00,174.97,90,1
17430,33,2,265.76,2010-12-09 13:05:00,2011-11-07 09:24:00,132.88,332,0
17431,313,1,403.3,2011-01-30 14:36:00,2011-01-30 14:36:00,403.3,0,1
17432,18,2,365.76,2011-11-02 17:30:00,2011-11-21 17:33:00,182.88,19,0
17433,88,1,303.16,2011-09-12 14:24:00,2011-09-12 14:24:00,303.16,0,0
17434,2,7,2373.82,2011-09-15 13:54:00,2011-12-07 13:16:00,339.12,82,0
17436,2,2,216.3,2011-04-27 11:33:00,2011-12-08 12:30:00,108.15,225,0
17438,254,1,388.45000000000005,2011-03-31 10:26:00,2011-03-31 10:26:00,388.45,0,1
17440,157,3,186.42000000000002,2011-04-06 12:05:00,2011-07-06 11:54:00,62.14,90,1
17442,37,6,2248.56,2011-02-22 13:02:00,2011-11-03 09:17:00,374.76,253,0
17446,177,2,120.89999999999999,2011-02-02 14:40:00,2011-06-16 10:42:00,60.45,133,1
17447,40,2,541.53,2011-09-29 10:10:00,2011-10-30 14:18:00,270.76,31,0
17449,2,7,2519.21,2010-12-15 10:57:00,2011-12-07 16:56:00,359.89,357,0
17450,8,46,194390.79,2010-12-07 09:23:00,2011-12-01 13:29:00,4225.89,359,0
17451,1,7,1721.4,2011-08-26 11:54:00,2011-12-08 15:02:00,245.91,104,0
17453,18,2,486.72,2011-10-06 17:02:00,2011-11-22 09:42:00,243.36,46,0
17454,192,4,517.53,2010-12-15 10:54:00,2011-05-31 13:58:00,129.38,167,1
17455,204,1,131.7,2011-05-20 12:31:00,2011-05-20 12:31:00,131.7,0,1
17456,365,1,249.86,2010-12-09 15:23:00,2010-12-09 15:23:00,249.86,0,1
17457,127,5,1737.7,2011-01-04 14:33:00,2011-08-05 12:48:00,347.54,212,1
17458,15,1,316.5,2011-11-24 13:01:00,2011-11-24 13:01:00,316.5,0,0
17459,43,2,657.3,2011-10-10 17:00:00,2011-10-27 13:25:00,328.65,16,0
17460,94,6,622.4300000000001,2010-12-01 16:24:00,2011-09-06 15:04:00,103.74,278,1
17461,23,3,735.82,2011-11-10 12:01:00,2011-11-17 10:21:00,245.27,6,0
17462,60,2,675.69,2011-02-28 17:01:00,2011-10-10 13:56:00,337.84,223,0
17463,16,5,1875.8600000000001,2011-01-30 15:48:00,2011-11-23 13:40:00,375.17,296,0
17464,158,1,289.96000000000004,2011-07-04 13:19:00,2011-07-04 13:19:00,289.96,0,1
17466,10,2,763.28,2011-09-22 09:16:00,2011-11-29 13:15:00,381.64,68,0
17468,10,2,137.0,2011-11-25 12:52:00,2011-11-29 15:33:00,68.5,4,0
17469,16,5,1870.97,2011-05-19 08:55:00,2011-11-23 13:15:00,374.19,188,0
17470,45,5,1125.07,2010-12-07 09:57:00,2011-10-26 12:42:00,225.01,323,0
17472,191,3,697.54,2011-02-13 14:40:00,2011-06-01 14:57:00,232.51,108,1
17475,79,1,194.37,2011-09-21 14:55:00,2011-09-21 14:55:00,194.37,0,0
17480,78,1,511.82,2011-09-23 11:39:00,2011-09-23 11:39:00,511.82,0,0
17481,4,4,1255.59,2011-09-07 09:57:00,2011-12-06 12:28:00,313.9,90,0
17483,65,3,414.04,2011-06-09 19:40:00,2011-10-05 13:10:00,138.01,117,0
17486,261,1,396.87,2011-03-23 14:00:00,2011-03-23 14:00:00,396.87,0,1
17489,59,2,376.64,2011-05-11 11:34:00,2011-10-12 08:56:00,188.32,153,0
17490,1,7,2092.32,2011-06-16 09:15:00,2011-12-09 09:08:00,298.9,175,0
17491,1,10,3558.87,2010-12-07 12:18:00,2011-12-08 16:18:00,355.89,366,0
17492,248,1,374.57,2011-04-05 15:21:00,2011-04-05 15:21:00,374.57,0,1
17495,8,2,497.56,2011-11-01 12:06:00,2011-12-02 12:08:00,248.78,31,0
17496,359,1,271.05,2010-12-16 08:39:00,2010-12-16 08:39:00,271.05,0,1
17498,76,1,272.21999999999997,2011-09-25 12:25:00,2011-09-25 12:25:00,272.22,0,0
17499,290,1,622.88,2011-02-23 09:14:00,2011-02-23 09:14:00,622.88,0,1
17500,17,3,1138.0,2011-11-10 09:08:00,2011-11-22 14:25:00,379.33,12,0
17501,221,2,288.6,2011-05-03 09:46:00,2011-05-03 09:47:00,144.3,0,1
17502,9,4,689.1,2011-11-10 16:39:00,2011-11-30 13:13:00,172.28,19,0
17503,3,2,558.96,2011-11-01 11:12:00,2011-12-07 09:18:00,279.48,35,0
17504,206,9,2997.03,2011-01-21 11:09:00,2011-05-17 12:59:00,333.0,116,1
17505,161,2,1145.8400000000001,2011-05-18 09:01:00,2011-07-01 12:50:00,572.92,44,1
17506,76,1,302.2,2011-09-25 11:39:00,2011-09-25 11:39:00,302.2,0,0
17507,262,2,605.58,2011-02-03 18:08:00,2011-03-23 11:48:00,302.79,47,1
17509,58,8,6083.64,2011-10-07 13:14:00,2011-10-13 10:26:00,760.46,5,0
17510,25,1,308.48,2011-11-15 10:00:00,2011-11-15 10:00:00,308.48,0,0
17511,3,31,91062.38,2010-12-01 10:19:00,2011-12-07 10:12:00,2937.5,370,0
17512,29,10,2924.9900000000002,2011-02-11 12:22:00,2011-11-11 12:11:00,292.5,272,0
17513,72,1,513.2,2011-09-28 16:42:00,2011-09-28 16:42:00,513.2,0,0
17514,128,1,208.65,2011-08-03 15:45:00,2011-08-03 15:45:00,208.65,0,1
17515,31,4,639.02,2011-01-25 14:33:00,2011-11-08 14:04:00,159.76,286,0
17516,15,5,764.88,2011-02-27 12:41:00,2011-11-24 16:51:00,152.98,270,0
17517,309,1,153.94,2011-02-04 11:48:00,2011-02-04 11:48:00,153.94,0,1
17519,17,6,1844.02,2010-12-06 15:18:00,2011-11-22 16:43:00,307.34,351,0
17520,54,1,546.81,2011-10-17 12:04:00,2011-10-17 12:04:00,546.81,0,0
17521,30,3,723.21,2011-05-24 15:14:00,2011-11-10 11:22:00,241.07,169,0
17522,2,5,1070.71,2011-05-05 16:31:00,2011-12-08 12:31:00,214.14,216,0
17523,11,4,652.74,2011-11-20 13:40:00,2011-11-28 13:20:00,163.18,7,0
17524,361,1,145.0,2010-12-13 14:32:00,2010-12-13 14:32:00,145.0,0,1
17525,360,1,422.7,2010-12-15 12:05:00,2010-12-15 12:05:00,422.7,0,1
17526,5,4,1195.8999999999999,2010-12-09 12:20:00,2011-12-05 11:05:00,298.97,360,0
17527,54,4,939.37,2011-05-05 13:43:00,2011-10-17 12:32:00,234.84,164,0
17528,1,8,3628.5,2011-09-29 13:04:00,2011-12-08 13:27:00,453.56,70,0
17530,1,10,2367.12,2010-12-09 20:01:00,2011-12-08 18:42:00,236.71,363,0
17531,190,1,296.7,2011-06-02 19:17:00,2011-06-02 19:17:00,296.7,0,1
17534,54,1,223.36,2011-10-17 12:47:00,2011-10-17 12:47:00,223.36,0,0
17535,280,1,164.4,2011-03-04 15:20:00,2011-03-04 15:20:00,164.4,0,1
17536,177,1,76.5,2011-06-15 13:23:00,2011-06-15 13:23:00,76.5,0,1
17537,30,2,887.6700000000001,2011-02-09 13:37:00,2011-11-10 10:56:00,443.84,273,0
17538,26,1,98.42,2011-11-14 12:12:00,2011-11-14 12:12:00,98.42,0,0
17540,25,2,578.9,2011-01-27 14:35:00,2011-11-15 11:56:00,289.45,291,0
17542,270,1,170.75,2011-03-15 11:45:00,2011-03-15 11:45:00,170.75,0,1
17545,43,3,642.32,2011-10-27 13:48:00,2011-10-27 14:04:00,214.11,0,0
17548,234,1,103.3,2011-04-20 12:01:00,2011-04-20 12:01:00,103.3,0,1
17549,24,2,148.86,2011-10-19 10:05:00,2011-11-16 09:59:00,74.43,27,0
17550,197,3,267.16,2011-04-10 15:19:00,2011-05-26 14:09:00,89.05,45,1
17551,359,1,290.34,2010-12-15 14:12:00,2010-12-15 14:12:00,290.34,0,1
17552,60,4,930.41,2010-12-02 18:45:00,2011-10-10 17:00:00,232.6,311,0
17553,130,1,1487.6,2011-08-02 10:00:00,2011-08-02 10:00:00,1487.6,0,1
17554,1,5,1952.45,2011-07-14 20:01:00,2011-12-08 14:15:00,390.49,146,0
17555,20,2,480.31,2011-01-09 12:31:00,2011-11-20 12:22:00,240.16,314,0
17556,206,1,157.9,2011-05-18 10:48:00,2011-05-18 10:48:00,157.9,0,1
17557,14,3,541.46,2011-09-19 14:23:00,2011-11-25 12:57:00,180.49,66,0
17560,95,5,854.95,2011-02-02 11:14:00,2011-09-06 09:18:00,170.99,215,1
17561,19,1,165.12,2011-11-20 12:53:00,2011-11-20 12:53:00,165.12,0,0
17562,14,7,1122.38,2011-06-19 13:06:00,2011-11-25 14:21:00,160.34,159,0
17564,24,3,454.01,2011-09-20 14:00:00,2011-11-15 13:27:00,151.34,55,0
17566,8,2,869.77,2011-11-14 13:42:00,2011-12-01 19:54:00,434.88,17,0
17567,7,8,4331.48,2010-12-02 15:18:00,2011-12-02 15:48:00,541.43,365,0
17569,332,1,344.14,2011-01-11 14:15:00,2011-01-11 14:15:00,344.14,0,1
17571,50,4,1425.67,2011-02-14 15:15:00,2011-10-20 15:57:00,356.42,248,0
17572,71,4,226.75000000000003,2010-12-01 12:51:00,2011-09-29 17:53:00,56.69,302,0
17573,29,3,380.6,2011-09-07 10:36:00,2011-11-10 13:01:00,126.87,64,0
17574,243,1,185.65,2011-04-11 09:47:00,2011-04-11 09:47:00,185.65,0,1
17576,8,19,3564.83,2010-12-09 16:57:00,2011-12-01 17:56:00,187.62,357,0
17578,218,1,143.45999999999998,2011-05-05 18:38:00,2011-05-05 18:38:00,143.46,0,1
17579,5,3,448.90000000000003,2011-06-13 14:12:00,2011-12-05 12:28:00,149.63,174,0
17580,253,3,215.72,2010-12-16 15:27:00,2011-04-01 12:41:00,71.91,105,1
17581,1,25,11025.24,2010-12-02 14:47:00,2011-12-09 12:21:00,441.01,371,0
17582,236,1,175.27,2011-04-17 13:18:00,2011-04-17 13:18:00,175.27,0,1
17584,7,2,1242.3,2011-08-04 14:12:00,2011-12-02 17:12:00,621.15,120,0
17585,109,4,1116.68,2011-01-05 15:09:00,2011-08-22 13:30:00,279.17,228,1
17588,100,3,1240.2,2011-04-21 10:31:00,2011-08-31 13:37:00,413.4,132,1
17589,60,4,2404.17,2011-04-13 13:47:00,2011-10-10 16:58:00,601.04,180,0
17590,2,3,1468.02,2011-10-30 14:05:00,2011-12-07 12:55:00,489.34,37,0
17591,73,7,2203.67,2010-12-07 15:39:00,2011-09-27 13:42:00,314.81,293,0
17593,4,5,3923.86,2010-12-22 10:29:00,2011-12-06 10:30:00,784.77,349,0
17594,85,2,993.1800000000001,2011-03-30 10:32:00,2011-09-15 16:34:00,496.59,169,0
17595,12,2,386.69,2011-11-02 16:19:00,2011-11-27 16:08:00,193.34,24,0
17596,23,7,2806.69,2010-12-06 12:34:00,2011-11-16 14:11:00,400.96,345,0
17597,214,1,2044.3700000000001,2011-05-10 11:54:00,2011-05-10 11:54:00,2044.37,0,1
17600,18,1,161.67000000000002,2011-11-22 09:43:00,2011-11-22 09:43:00,161.67,0,0
17601,239,1,116.00999999999999,2011-04-14 18:02:00,2011-04-14 18:02:00,116.01,0,1
17602,2,6,5054.42,2011-01-19 16:18:00,2011-12-07 13:53:00,842.4,321,0
17603,78,1,394.72,2011-09-22 14:18:00,2011-09-22 14:18:00,394.72,0,0
17604,217,2,309.36,2011-01-31 15:09:00,2011-05-06 13:43:00,154.68,94,1
17608,33,2,191.99,2011-11-06 13:00:00,2011-11-06 13:06:00,96.0,0,0
17609,41,5,1105.78,2011-01-16 16:23:00,2011-10-30 12:28:00,221.16,286,0
17611,7,15,3961.12,2010-12-13 13:52:00,2011-12-02 13:29:00,264.07,353,0
17612,53,6,2048.45,2011-02-15 10:40:00,2011-10-17 14:59:00,341.41,244,0
17613,23,14,4544.55,2011-02-07 11:20:00,2011-11-17 10:51:00,324.61,282,0
17614,57,1,386.32,2011-10-13 16:01:00,2011-10-13 16:01:00,386.32,0,0
17615,130,3,329.6,2011-05-01 15:33:00,2011-08-01 14:06:00,109.87,91,1
17616,174,3,571.1999999999999,2010-12-07 10:04:00,2011-06-19 10:11:00,190.4,194,1
17618,6,3,930.28,2010-12-12 16:05:00,2011-12-04 11:50:00,310.09,356,0
17619,312,1,214.37,2011-01-31 14:18:00,2011-01-31 14:18:00,214.37,0,1
17620,60,1,81.44,2011-10-11 12:08:00,2011-10-11 12:08:00,81.44,0,0
17621,21,3,1379.9,2010-12-20 13:31:00,2011-11-18 17:11:00,459.97,333,0
17623,33,1,527.05,2011-11-07 11:32:00,2011-11-07 11:32:00,527.05,0,0
17624,15,2,843.48,2011-05-05 17:59:00,2011-11-25 10:52:00,421.74,203,0
17625,18,4,2020.4,2011-03-27 12:21:00,2011-11-21 13:36:00,505.1,239,0
17628,81,1,75.75,2011-09-19 15:21:00,2011-09-19 15:21:00,75.75,0,0
17629,6,8,1814.1200000000001,2010-12-15 09:58:00,2011-12-04 10:56:00,226.76,354,0
17630,170,2,503.6,2011-04-21 14:03:00,2011-06-23 11:58:00,251.8,62,1
17631,2,3,528.33,2011-04-21 13:22:00,2011-12-08 09:47:00,176.11,230,0
17633,31,4,1324.84,2011-08-11 15:43:00,2011-11-08 13:25:00,331.21,88,0
17634,36,9,2358.59,2011-01-06 12:45:00,2011-11-03 13:09:00,262.07,301,0
17636,19,1,285.56,2011-11-20 14:40:00,2011-11-20 14:40:00,285.56,0,0
17637,31,2,547.0600000000001,2011-08-16 13:25:00,2011-11-08 12:51:00,273.53,83,0
17639,276,1,108.5,2011-03-08 15:22:00,2011-03-08 15:22:00,108.5,0,1
17640,87,1,621.66,2011-09-14 09:13:00,2011-09-14 09:13:00,621.66,0,0
17642,120,2,712.29,2011-06-16 12:55:00,2011-08-12 09:11:00,356.14,56,1
17643,373,1,101.55,2010-12-01 14:38:00,2010-12-01 14:38:00,101.55,0,1
17644,1,11,2895.64,2011-03-24 09:44:00,2011-12-08 13:43:00,263.24,259,0
17646,219,3,1008.39,2010-12-09 14:28:00,2011-05-04 13:17:00,336.13,145,1
17647,65,1,133.06,2011-10-05 15:38:00,2011-10-05 15:38:00,133.06,0,0
17648,61,4,1797.5,2011-04-04 10:29:00,2011-10-10 09:41:00,449.38,188,0
17649,138,1,868.49,2011-07-24 15:53:00,2011-07-24 15:53:00,868.49,0,1
17650,21,1,166.07999999999998,2011-11-18 14:52:00,2011-11-18 14:52:00,166.08,0,0
17651,12,10,3945.0,2011-06-15 15:57:00,2011-11-28 10:29:00,394.5,165,0
17652,25,12,4867.72,2011-03-03 14:05:00,2011-11-14 12:55:00,405.64,255,0
17653,37,4,1207.56,2011-08-11 15:24:00,2011-11-03 12:46:00,301.89,83,0
17654,277,1,117.55,2011-03-07 13:17:00,2011-03-07 13:17:00,117.55,0,1
17655,11,7,2638.94,2010-12-08 16:45:00,2011-11-29 11:34:00,376.99,355,0
17656,73,5,1674.69,2011-08-03 10:45:00,2011-09-27 13:04:00,334.94,55,0
17658,26,2,595.42,2011-05-12 15:23:00,2011-11-14 12:07:00,297.71,185,0
17659,17,12,2999.46,2010-12-02 16:46:00,2011-11-22 13:29:00,249.96,354,0
17660,141,1,178.75,2011-07-21 13:37:00,2011-07-21 13:37:00,178.75,0,1
17663,26,7,1802.91,2011-02-25 14:11:00,2011-11-14 08:56:00,257.56,261,0
17664,19,2,604.64,2011-05-11 14:17:00,2011-11-21 11:29:00,302.32,193,0
17666,4,2,728.16,2011-10-05 11:06:00,2011-12-06 09:06:00,364.08,61,0
17667,66,5,2055.51,2011-02-14 09:24:00,2011-10-04 14:32:00,411.1,232,0
17668,1,2,347.75,2011-11-01 14:45:00,2011-12-08 13:25:00,173.88,36,0
17669,43,7,3406.7200000000003,2011-04-04 10:11:00,2011-10-28 08:53:00,486.67,206,0
17670,228,1,205.7,2011-04-26 09:12:00,2011-04-26 09:12:00,205.7,0,1
17671,16,4,1572.71,2010-12-09 14:27:00,2011-11-24 12:21:00,393.18,349,0
17672,50,2,3178.17,2011-02-03 13:29:00,2011-10-20 14:18:00,1589.08,259,0
17673,1,6,1594.97,2011-01-23 15:16:00,2011-12-08 12:50:00,265.83,318,0
17674,74,2,551.04,2010-12-06 10:20:00,2011-09-26 13:35:00,275.52,294,0
17675,1,31,20374.28,2010-12-07 13:22:00,2011-12-08 18:03:00,657.23,366,0
17676,4,6,1371.18,2010-12-08 13:49:00,2011-12-05 15:16:00,228.53,362,0
17677,2,30,16345.38,2010-12-06 08:42:00,2011-12-08 09:56:00,544.85,367,0
17678,264,1,298.11,2011-03-21 11:52:00,2011-03-21 11:52:00,298.11,0,1
17679,53,2,1992.1100000000001,2011-09-15 10:35:00,2011-10-18 07:43:00,996.06,32,0
17680,24,1,184.4,2011-11-16 12:42:00,2011-11-16 12:42:00,184.4,0,0
17682,10,6,2474.33,2010-12-06 13:35:00,2011-11-29 15:59:00,412.39,358,0
17684,44,1,239.41,2011-10-27 11:10:00,2011-10-27 11:10:00,239.41,0,0
17685,17,7,3155.83,2010-12-02 14:42:00,2011-11-23 11:36:00,450.83,355,0
17686,7,7,5739.46,2011-02-10 10:18:00,2011-12-02 15:39:00,819.92,295,0
17690,30,15,4726.8,2010-12-01 16:15:00,2011-11-09 15:17:00,315.12,342,0
17691,358,2,290.40000000000003,2010-12-06 11:10:00,2010-12-16 17:20:00,145.2,10,1
17692,127,4,740.94,2010-12-15 13:37:00,2011-08-04 14:01:00,185.24,232,1
17693,137,1,200.47,2011-07-25 15:48:00,2011-07-25 15:48:00,200.47,0,1
17694,142,1,283.12,2011-07-21 12:00:00,2011-07-21 12:00:00,283.12,0,1
17695,132,2,765.34,2011-06-21 12:35:00,2011-07-31 10:40:00,382.67,39,1
17696,38,8,2285.71,2010-12-10 09:51:00,2011-11-01 13:43:00,285.71,326,0
17697,236,1,338.95,2011-04-17 15:40:00,2011-04-17 15:40:00,338.95,0,1
17698,261,1,154.95,2011-03-24 11:34:00,2011-03-24 11:34:00,154.95,0,1
17700,17,4,2534.64,2011-03-03 16:34:00,2011-11-23 11:51:00,633.66,264,0
17701,253,1,417.95,2011-04-01 12:25:00,2011-04-01 12:25:00,417.95,0,1
17702,30,4,1824.37,2011-05-17 16:23:00,2011-11-09 16:03:00,456.09,175,0
17703,35,3,798.74,2011-07-24 13:30:00,2011-11-04 15:51:00,266.25,103,0
17704,169,2,885.19,2011-04-14 09:28:00,2011-06-24 09:40:00,442.6,71,1
17705,3,9,1823.52,2011-02-11 10:57:00,2011-12-06 13:45:00,202.61,298,0
17706,4,17,10504.49,2010-12-08 11:02:00,2011-12-05 13:34:00,617.91,362,0
17707,185,2,152.4,2011-01-07 13:30:00,2011-06-07 15:03:00,76.2,151,1
17708,188,2,263.33,2011-01-19 10:09:00,2011-06-05 10:12:00,131.66,137,1
17709,170,1,137.45,2011-06-23 11:55:00,2011-06-23 11:55:00,137.45,0,1
17711,11,2,385.1,2011-02-23 11:32:00,2011-11-29 11:40:00,192.55,279,0
17712,45,1,522.91,2011-10-26 12:28:00,2011-10-26 12:28:00,522.91,0,0
17714,321,1,153.0,2011-01-23 10:32:00,2011-01-23 10:32:00,153.0,0,1
17715,201,1,326.4,2011-05-23 12:32:00,2011-05-23 12:32:00,326.4,0,1
17716,23,11,5655.99,2011-03-17 10:38:00,2011-11-17 12:00:00,514.18,245,0
17718,232,1,139.35,2011-04-21 13:39:00,2011-04-21 13:39:00,139.35,0,1
17719,38,15,5396.04,2011-03-29 11:29:00,2011-11-02 10:36:00,359.74,217,0
17720,26,4,1195.94,2010-12-07 10:43:00,2011-11-13 15:04:00,298.98,341,0
17722,96,4,2424.04,2010-12-08 12:41:00,2011-09-04 15:22:00,606.01,270,1
17723,127,6,3276.4000000000005,2011-05-09 14:44:00,2011-08-04 18:37:00,546.07,87,1
17724,71,3,1033.0,2011-07-24 13:26:00,2011-09-29 15:26:00,344.33,67,0
17725,16,11,3439.08,2011-03-17 19:47:00,2011-11-23 16:34:00,312.64,250,0
17727,15,1,1060.25,2011-11-24 17:06:00,2011-11-24 17:06:00,1060.25,0,0
17728,4,3,2876.01,2011-09-14 11:39:00,2011-12-06 08:52:00,958.67,82,0
17730,3,13,5298.4800000000005,2011-01-17 14:49:00,2011-12-06 15:43:00,407.58,323,0
17731,79,4,1240.11,2011-06-09 14:18:00,2011-09-21 15:02:00,310.03,104,0
17732,373,1,303.97,2010-12-02 09:29:00,2010-12-02 09:29:00,303.97,0,1
17733,39,2,692.19,2011-03-23 09:54:00,2011-11-01 08:16:00,346.1,222,0
17734,54,3,700.63,2011-04-20 10:04:00,2011-10-17 12:33:00,233.54,180,0
17735,2,19,13110.02,2010-12-07 10:32:00,2011-12-07 16:47:00,690.0,365,0
17736,9,3,377.44,2011-08-18 14:33:00,2011-11-30 15:36:00,125.81,104,0
17737,9,2,168.24,2011-10-12 14:42:00,2011-11-30 15:16:00,84.12,49,0
17738,19,4,1879.05,2011-03-02 16:26:00,2011-11-20 15:05:00,469.76,262,0
17739,12,7,2791.35,2010-12-14 14:26:00,2011-11-28 09:12:00,398.76,348,0
17742,113,2,355.11,2011-01-11 10:04:00,2011-08-18 15:28:00,177.56,219,1
17744,4,6,2322.4,2010-12-16 14:17:00,2011-12-06 12:11:00,387.07,354,0
17746,240,1,110.25,2011-04-13 14:31:00,2011-04-13 14:31:00,110.25,0,1
17747,113,1,71.4,2011-08-19 08:13:00,2011-08-19 08:13:00,71.4,0,1
17749,178,2,674.52,2011-03-28 13:39:00,2011-06-14 15:45:00,337.26,78,1
17750,5,9,1710.45,2011-06-28 15:44:00,2011-12-04 14:09:00,190.05,158,0
17752,359,1,80.64,2010-12-15 16:19:00,2010-12-15 16:19:00,80.64,0,1
17754,1,5,1664.6499999999999,2011-03-24 13:54:00,2011-12-09 11:20:00,332.93,259,0
17757,1,30,5593.39,2010-12-02 17:17:00,2011-12-08 15:31:00,186.45,370,0
17758,19,8,3408.2,2011-04-03 15:22:00,2011-11-20 14:45:00,426.02,230,0
17759,17,3,819.96,2011-06-23 13:35:00,2011-11-22 16:02:00,273.32,152,0
17760,22,2,287.59,2010-12-01 15:08:00,2011-11-18 10:56:00,143.79,351,0
17761,33,1,712.78,2011-11-07 10:23:00,2011-11-07 10:23:00,712.78,0,0
17763,263,1,15.0,2011-03-21 14:25:00,2011-03-21 14:25:00,15.0,0,1
17764,51,2,772.55,2011-05-12 16:11:00,2011-10-20 11:03:00,386.28,160,0
17765,159,3,367.63,2011-03-28 11:58:00,2011-07-04 12:41:00,122.54,98,1
17767,15,1,271.2,2011-11-24 14:42:00,2011-11-24 14:42:00,271.2,0,0
17768,8,3,2081.9,2011-06-26 13:46:00,2011-12-01 13:22:00,693.97,157,0
17769,13,10,3957.43,2011-01-23 11:15:00,2011-11-27 11:18:00,395.74,308,0
17770,199,5,1143.27,2011-03-02 13:35:00,2011-05-25 12:34:00,228.65,83,1
17771,57,2,245.81,2011-01-20 14:13:00,2011-10-14 11:43:00,122.9,266,0
17772,11,2,173.45,2011-11-29 10:57:00,2011-11-29 11:05:00,86.72,0,0
17774,97,4,1213.73,2011-02-07 13:13:00,2011-09-04 12:49:00,303.43,208,1
17775,255,1,56.4,2011-03-30 10:50:00,2011-03-30 10:50:00,56.4,0,1
17777,25,3,647.56,2011-08-31 14:35:00,2011-11-15 12:02:00,215.85,75,0
17779,21,3,650.32,2011-07-19 12:19:00,2011-11-18 14:15:00,216.77,122,0
17781,159,2,188.02,2011-03-31 19:54:00,2011-07-03 16:00:00,94.01,93,1
17783,72,2,283.47,2011-04-06 10:07:00,2011-09-28 16:07:00,141.74,175,0
17785,53,1,131.94,2011-10-17 13:43:00,2011-10-17 13:43:00,131.94,0,0
17786,85,2,266.85,2011-01-26 14:35:00,2011-09-15 12:51:00,133.43,231,0
17787,153,4,1817.54,2010-12-03 13:43:00,2011-07-10 11:24:00,454.38,218,1
17788,74,2,1117.9,2011-08-02 10:38:00,2011-09-27 10:09:00,558.95,55,0
17789,281,1,225.9,2011-03-03 13:14:00,2011-03-03 13:14:00,225.9,0,1
17790,27,14,1964.3,2010-12-10 10:47:00,2011-11-13 11:30:00,140.31,338,0
17791,30,1,106.1,2011-11-10 12:09:00,2011-11-10 12:09:00,106.1,0,0
17793,25,1,300.34,2011-11-14 14:24:00,2011-11-14 14:24:00,300.34,0,0
17795,180,2,342.83,2011-03-20 12:02:00,2011-06-13 12:36:00,171.42,85,1
17796,40,4,690.0,2010-12-05 12:23:00,2011-10-30 15:38:00,172.5,329,0
17797,22,3,780.43,2011-06-10 11:29:00,2011-11-17 13:21:00,260.14,160,0
17799,22,10,3039.17,2010-12-13 13:10:00,2011-11-17 15:16:00,303.92,339,0
17800,37,9,1187.21,2011-01-09 13:50:00,2011-11-02 12:57:00,131.91,296,0
17802,82,3,1285.04,2010-12-02 13:44:00,2011-09-18 14:56:00,428.35,290,0
17805,74,1,512.31,2011-09-27 11:49:00,2011-09-27 11:49:00,512.31,0,0
17806,11,1,546.04,2011-11-28 14:12:00,2011-11-28 14:12:00,546.04,0,0
17809,16,12,5411.91,2010-12-01 09:41:00,2011-11-23 12:59:00,450.99,357,0
17811,4,39,7761.82,2011-01-10 10:58:00,2011-12-05 13:46:00,199.02,329,0
17812,13,4,699.81,2010-12-06 15:27:00,2011-11-27 11:47:00,174.95,355,0
17813,14,5,1698.07,2011-09-29 15:57:00,2011-11-25 16:13:00,339.61,57,0
17816,37,4,36.56,2010-12-09 14:10:00,2011-11-03 11:34:00,9.14,328,0
17817,4,3,387.68,2011-03-07 17:30:00,2011-12-05 14:39:00,129.23,272,0
17819,72,7,3704.87,2010-12-03 14:26:00,2011-09-29 10:52:00,529.27,299,0
17824,51,1,298.4,2011-10-19 14:14:00,2011-10-19 14:14:00,298.4,0,0
17827,5,5,1987.33,2010-12-10 10:18:00,2011-12-04 15:00:00,397.47,359,0
17830,2,3,398.7,2011-02-24 10:15:00,2011-12-08 12:28:00,132.9,287,0
17831,33,1,35.400000000000006,2011-11-06 15:09:00,2011-11-06 15:09:00,35.4,0,0
17832,50,1,155.37,2011-10-21 11:43:00,2011-10-21 11:43:00,155.37,0,0
17835,3,3,342.24,2011-11-16 16:30:00,2011-12-07 11:48:00,114.08,20,0
17836,47,1,110.21000000000001,2011-10-23 16:13:00,2011-10-23 16:13:00,110.21,0,0
17837,42,8,1541.23,2011-06-29 16:44:00,2011-10-28 16:13:00,192.65,120,0
17838,27,5,2720.8,2010-12-02 15:55:00,2011-11-13 11:20:00,544.16,345,0
17839,42,1,318.15,2011-10-28 17:27:00,2011-10-28 17:27:00,318.15,0,0
17841,2,124,40519.84,2010-12-01 14:41:00,2011-12-08 12:07:00,326.77,371,0
17843,303,1,205.48,2011-02-09 15:33:00,2011-02-09 15:33:00,205.48,0,1
17846,85,1,2033.1,2011-09-15 15:20:00,2011-09-15 15:20:00,2033.1,0,0
17848,81,9,901.2,2010-12-16 18:38:00,2011-09-19 16:49:00,100.13,276,0
17849,218,4,605.8000000000001,2011-01-10 11:59:00,2011-05-05 13:46:00,151.45,115,1
17850,372,34,5391.21,2010-12-01 08:26:00,2010-12-02 15:27:00,158.56,1,1
17852,12,2,114.34,2011-11-28 12:31:00,2011-11-28 12:36:00,57.17,0,0
17854,185,2,311.26,2011-04-26 16:53:00,2011-06-07 16:21:00,155.63,41,1
17855,373,1,208.97,2010-12-02 09:44:00,2010-12-02 09:44:00,208.97,0,1
17856,2,4,1418.03,2011-03-03 11:40:00,2011-12-08 09:40:00,354.51,279,0
17857,4,23,26879.04,2010-12-09 11:35:00,2011-12-05 13:13:00,1168.65,361,0
17858,6,12,5140.66,2010-12-05 13:08:00,2011-12-04 11:56:00,428.39,363,0
17859,305,1,141.92,2011-02-08 10:32:00,2011-02-08 10:32:00,141.92,0,1
17860,369,1,226.45000000000002,2010-12-06 12:41:00,2010-12-06 12:41:00,226.45,0,1
17861,3,8,2097.88,2011-01-24 11:34:00,2011-12-06 16:21:00,262.24,316,0
17862,324,1,330.9,2011-01-20 12:23:00,2011-01-20 12:23:00,330.9,0,1
17863,59,6,3160.0,2010-12-05 13:21:00,2011-10-11 13:45:00,526.67,310,0
17864,13,3,554.85,2011-03-09 11:44:00,2011-11-27 11:15:00,184.95,262,0
17865,31,20,10526.32,2010-12-10 14:53:00,2011-11-09 12:08:00,526.32,333,0
17866,143,1,329.65000000000003,2011-07-20 11:07:00,2011-07-20 11:07:00,329.65,0,1
17867,30,6,1157.8700000000001,2011-02-24 12:25:00,2011-11-09 14:15:00,192.98,258,0
17869,107,5,428.18,2010-12-06 17:16:00,2011-08-24 16:16:00,85.64,260,1
17870,2,12,1865.8899999999999,2010-12-08 08:12:00,2011-12-07 15:07:00,155.49,364,0
17871,205,1,155.9,2011-05-19 11:32:00,2011-05-19 11:32:00,155.9,0,1
17873,80,5,1848.96,2010-12-01 14:54:00,2011-09-20 16:41:00,369.79,293,0
17874,185,6,683.46,2011-03-29 11:25:00,2011-06-07 12:54:00,113.91,70,1
17877,170,1,237.61,2011-06-22 13:00:00,2011-06-22 13:00:00,237.61,0,1
17878,44,1,379.45,2011-10-27 11:24:00,2011-10-27 11:24:00,379.45,0,0
17879,174,1,178.52,2011-06-19 12:36:00,2011-06-19 12:36:00,178.52,0,1
17880,365,1,458.92,2010-12-10 10:21:00,2010-12-10 10:21:00,458.92,0,1
17881,304,1,133.35,2011-02-08 17:16:00,2011-02-08 17:16:00,133.35,0,1
17883,3,4,664.34,2011-04-07 19:16:00,2011-12-06 17:49:00,166.08,242,0
17884,4,4,695.07,2010-12-03 12:11:00,2011-12-06 11:33:00,173.77,367,0
17885,12,1,156.34,2011-11-27 14:40:00,2011-11-27 14:40:00,156.34,0,0
17886,32,3,869.28,2011-04-04 12:34:00,2011-11-08 10:09:00,289.76,217,0
17887,129,1,111.35,2011-08-02 17:29:00,2011-08-02 17:29:00,111.35,0,1
17888,21,8,716.0,2010-12-17 13:56:00,2011-11-18 13:45:00,89.5,335,0
17889,212,2,201.37,2011-01-21 17:14:00,2011-05-11 16:26:00,100.68,109,1
17890,323,2,586.89,2010-12-13 15:12:00,2011-01-21 11:19:00,293.44,38,1
17891,162,1,203.85999999999999,2011-06-30 20:08:00,2011-06-30 20:08:00,203.86,0,1
17892,56,3,244.1,2011-07-07 12:56:00,2011-10-14 16:49:00,81.37,99,0
17893,225,1,107.21,2011-04-28 13:50:00,2011-04-28 13:50:00,107.21,0,1
17894,72,8,1118.96,2010-12-08 14:50:00,2011-09-29 09:23:00,139.87,294,0
17895,44,1,95.45,2011-10-26 17:00:00,2011-10-26 17:00:00,95.45,0,0
17896,23,1,256.32,2011-11-16 13:59:00,2011-11-16 13:59:00,256.32,0,0
17897,173,3,541.81,2010-12-01 12:31:00,2011-06-20 11:23:00,180.6,200,1
17898,85,2,152.06,2011-05-16 17:13:00,2011-09-15 14:56:00,76.03,121,0
17899,159,1,154.55,2011-07-03 14:58:00,2011-07-03 14:58:00,154.55,0,1
17900,190,2,112.19999999999999,2011-06-02 14:28:00,2011-06-02 14:38:00,56.1,0,1
17901,29,1,110.38,2011-11-10 17:29:00,2011-11-10 17:29:00,110.38,0,0
17904,21,1,181.07,2011-11-18 12:57:00,2011-11-18 12:57:00,181.07,0,0
17905,71,4,798.99,2010-12-01 13:21:00,2011-09-29 17:33:00,199.75,302,0
17906,247,1,72.9,2011-04-06 17:25:00,2011-04-06 17:25:00,72.9,0,1
17908,374,1,232.03,2010-12-01 11:45:00,2010-12-01 11:45:00,232.03,0,1
17911,9,1,366.23,2011-11-30 14:52:00,2011-11-30 14:52:00,366.23,0,0
17912,310,5,310.06,2010-12-10 11:11:00,2011-02-02 14:25:00,62.01,54,1
17913,59,2,408.65,2010-12-19 11:35:00,2011-10-12 10:45:00,204.32,296,0
17914,4,1,329.36,2011-12-06 11:58:00,2011-12-06 11:58:00,329.36,0,0
17917,45,3,335.03,2010-12-12 12:08:00,2011-10-25 13:20:00,111.68,317,0
17919,88,1,1304.04,2011-09-12 13:41:00,2011-09-12 13:41:00,1304.04,0,0
17920,4,17,4119.5,2010-12-01 11:49:00,2011-12-05 14:29:00,242.32,369,0
17921,64,4,820.23,2011-03-18 13:19:00,2011-10-06 18:56:00,205.06,202,0
17923,282,1,207.50000000000003,2011-03-02 15:15:00,2011-03-02 15:15:00,207.5,0,1
17924,12,7,2962.5,2010-12-01 10:51:00,2011-11-28 09:11:00,423.21,361,0
17925,373,1,244.08,2010-12-02 10:10:00,2010-12-02 10:10:00,244.08,0,1
17926,133,2,397.29,2011-05-20 09:24:00,2011-07-29 14:39:00,198.64,70,1
17928,45,2,212.54,2011-04-07 18:03:00,2011-10-25 13:52:00,106.27,200,0
17929,11,4,843.0,2011-02-04 11:40:00,2011-11-28 16:01:00,210.75,297,0
17930,36,5,1740.48,2011-04-14 15:46:00,2011-11-04 10:23:00,348.1,203,0
17931,134,2,408.36,2011-03-29 12:31:00,2011-07-28 18:33:00,204.18,121,1
17932,29,3,1331.57,2011-05-12 13:58:00,2011-11-10 19:49:00,443.86,182,0
17934,52,2,704.25,2011-10-12 10:50:00,2011-10-19 11:16:00,352.12,7,0
17935,138,2,145.79,2011-07-21 11:23:00,2011-07-24 13:18:00,72.9,3,1
17936,5,1,380.13,2011-12-04 13:32:00,2011-12-04 13:32:00,380.13,0,0
17937,9,7,4301.22,2010-12-12 14:43:00,2011-12-01 11:45:00,614.46,353,0
17939,160,1,99.14,2011-07-03 12:27:00,2011-07-03 12:27:00,99.14,0,1
17940,49,10,4020.04,2011-02-10 09:29:00,2011-10-21 13:27:00,402.0,253,0
17941,131,1,304.56,2011-08-01 08:30:00,2011-08-01 08:30:00,304.56,0,1
17942,8,1,77.50000000000001,2011-12-02 10:45:00,2011-12-02 10:45:00,77.5,0,0
17946,233,2,149.57999999999998,2011-03-25 14:34:00,2011-04-20 17:00:00,74.79,26,1
17947,37,1,176.68,2011-11-02 13:05:00,2011-11-02 13:05:00,176.68,0,0
17948,147,1,358.56000000000006,2011-07-15 12:58:00,2011-07-15 12:58:00,358.56,0,1
17949,1,45,58510.48,2010-12-03 13:12:00,2011-12-08 18:46:00,1300.23,370,0
17950,72,3,482.2,2010-12-09 15:16:00,2011-09-28 15:18:00,160.73,293,0
17951,40,3,1008.5400000000001,2010-12-01 12:40:00,2011-10-31 12:30:00,336.18,333,0
17954,5,12,2314.13,2010-12-03 14:18:00,2011-12-04 14:15:00,192.84,365,0
17955,199,4,557.3,2011-05-04 12:29:00,2011-05-25 12:00:00,139.32,20,1
17956,249,1,12.75,2011-04-04 13:47:00,2011-04-04 13:47:00,12.75,0,1
17957,66,1,111.68,2011-10-04 14:58:00,2011-10-04 14:58:00,111.68,0,0
17958,117,1,508.46000000000004,2011-08-15 12:19:00,2011-08-15 12:19:00,508.46,0,1
17960,171,1,73.78,2011-06-21 14:15:00,2011-06-21 14:15:00,73.78,0,1
17961,21,39,1296.44,2010-12-02 19:18:00,2011-11-18 16:55:00,33.24,350,0
17962,142,1,102.41,2011-07-20 14:16:00,2011-07-20 14:16:00,102.41,0,1
17964,32,2,463.21,2010-12-02 13:32:00,2011-11-08 10:44:00,231.6,340,0
17965,38,14,2599.19,2010-12-05 15:54:00,2011-11-02 09:31:00,185.66,331,0
17966,38,5,1098.43,2011-03-23 17:25:00,2011-11-02 10:26:00,219.69,223,0
17967,372,1,112.27,2010-12-03 11:19:00,2010-12-03 11:19:00,112.27,0,1
17968,374,1,265.1,2010-12-01 12:23:00,2010-12-01 12:23:00,265.1,0,1
17969,166,2,228.2,2010-12-13 15:34:00,2011-06-26 13:00:00,114.1,194,1
17970,211,1,562.79,2011-05-12 20:03:00,2011-05-12 20:03:00,562.79,0,1
17972,242,1,135.19,2011-04-12 12:16:00,2011-04-12 12:16:00,135.19,0,1
17973,52,1,337.04,2011-10-19 10:34:00,2011-10-19 10:34:00,337.04,0,0
17974,25,3,703.99,2011-05-04 11:50:00,2011-11-15 11:37:00,234.66,194,0
17975,15,13,4483.26,2010-12-08 11:38:00,2011-11-24 13:27:00,344.87,351,0
17976,372,1,321.79,2010-12-02 13:49:00,2010-12-02 13:49:00,321.79,0,1
17977,29,1,288.14,2011-11-10 13:28:00,2011-11-10 13:28:00,288.14,0,0
17978,365,1,300.91999999999996,2010-12-09 14:05:00,2010-12-09 14:05:00,300.92,0,1
17979,36,4,732.41,2011-03-25 11:34:00,2011-11-04 12:05:00,183.1,224,0
17980,166,3,811.45,2010-12-15 15:50:00,2011-06-27 12:01:00,270.48,193,1
17984,145,1,152.68,2011-07-17 15:59:00,2011-07-17 15:59:00,152.68,0,1
17985,22,1,631.35,2011-11-17 14:24:00,2011-11-17 14:24:00,631.35,0,0
17986,56,1,20.8,2011-10-14 14:22:00,2011-10-14 14:22:00,20.8,0,0
17987,185,1,198.57,2011-06-07 14:22:00,2011-06-07 14:22:00,198.57,0,1
17988,12,7,201.12,2011-01-17 11:59:00,2011-11-28 11:00:00,28.73,314,0
17990,237,3,630.84,2010-12-13 12:10:00,2011-04-17 11:44:00,210.28,124,1
17991,225,2,93.35,2011-04-27 16:39:00,2011-04-28 15:58:00,46.68,0,1
17994,122,4,674.89,2011-02-22 11:02:00,2011-08-10 11:41:00,168.72,169,1
17995,282,1,76.1,2011-03-03 12:30:00,2011-03-03 12:30:00,76.1,0,1
17997,74,8,1962.46,2011-06-28 17:28:00,2011-09-26 16:13:00,245.31,89,0
17999,37,2,380.39,2010-12-08 15:17:00,2011-11-02 15:56:00,190.2,329,0
18001,12,2,415.13,2011-09-14 11:21:00,2011-11-27 16:02:00,207.56,74,0
18004,362,1,157.92,2010-12-12 13:47:00,2010-12-12 13:47:00,157.92,0,1
18005,4,2,226.47,2011-10-23 14:40:00,2011-12-06 11:51:00,113.24,43,0
18006,23,1,444.68,2011-11-16 16:52:00,2011-11-16 16:52:00,444.68,0,0
18008,70,9,2116.19,2011-01-25 12:26:00,2011-09-30 15:17:00,235.13,248,0
18009,235,1,247.39,2011-04-18 13:36:00,2011-04-18 13:36:00,247.39,0,1
18010,257,1,174.8,2011-03-28 12:27:00,2011-03-28 12:27:00,174.8,0,1
18011,373,1,102.78999999999999,2010-12-01 17:35:00,2010-12-01 17:35:00,102.79,0,1
18013,155,2,187.29,2011-07-07 14:08:00,2011-07-07 14:11:00,93.64,0,1
18014,28,1,162.22,2011-11-11 15:28:00,2011-11-11 15:28:00,162.22,0,0
18015,4,1,120.03,2011-12-05 14:49:00,2011-12-05 14:49:00,120.03,0,0
18016,32,5,1477.66,2010-12-10 17:14:00,2011-11-07 13:25:00,295.53,331,0
18017,81,3,523.0,2011-02-02 13:57:00,2011-09-19 16:15:00,174.33,229,0
18018,108,2,122.14,2011-05-24 13:22:00,2011-08-23 17:37:00,61.07,91,1
18019,52,1,38.45,2011-10-19 12:10:00,2011-10-19 12:10:00,38.45,0,0
18022,36,1,612.72,2011-11-04 12:45:00,2011-11-04 12:45:00,612.72,0,0
18024,153,2,389.78,2011-07-10 12:28:00,2011-07-10 12:40:00,194.89,0,1
18027,99,1,115.31,2011-09-02 10:38:00,2011-09-02 10:38:00,115.31,0,1
18030,4,2,230.64999999999998,2011-10-28 13:55:00,2011-12-05 16:37:00,115.32,38,0
18032,334,1,73.5,2011-01-09 15:32:00,2011-01-09 15:32:00,73.5,0,1
18033,65,1,93.82000000000001,2011-10-05 17:28:00,2011-10-05 17:28:00,93.82,0,0
18034,22,2,418.68,2011-11-18 12:08:00,2011-11-18 12:22:00,209.34,0,0
18035,36,3,713.89,2011-10-27 17:48:00,2011-11-04 12:39:00,237.96,7,0
18036,32,3,403.12,2011-04-08 11:26:00,2011-11-07 14:40:00,134.37,213,0
18037,154,6,70.02,2010-12-12 16:20:00,2011-07-08 13:39:00,11.67,207,1
18040,19,2,357.20000000000005,2011-04-08 08:27:00,2011-11-20 14:20:00,178.6,226,0
18041,12,21,4097.37,2010-12-02 11:21:00,2011-11-28 11:39:00,195.11,361,0
18042,54,1,165.04999999999998,2011-10-17 11:49:00,2011-10-17 11:49:00,165.05,0,0
18043,25,3,529.29,2010-12-08 12:35:00,2011-11-15 12:48:00,176.43,342,0
18044,4,10,2088.6,2010-12-14 12:25:00,2011-12-05 14:26:00,208.86,356,0
18045,45,1,178.34,2011-10-25 13:07:00,2011-10-25 13:07:00,178.34,0,0
18048,203,2,172.29000000000002,2011-05-20 14:54:00,2011-05-20 14:58:00,86.15,0,1
18050,359,1,74.4,2010-12-15 14:25:00,2010-12-15 14:25:00,74.4,0,1
18053,71,1,300.02,2011-09-30 09:05:00,2011-09-30 09:05:00,300.02,0,0
18055,7,10,6761.34,2010-12-05 10:52:00,2011-12-02 14:25:00,676.13,362,0
18056,288,1,363.65,2011-02-24 14:27:00,2011-02-24 14:27:00,363.65,0,1
18058,10,1,170.16,2011-11-30 08:38:00,2011-11-30 08:38:00,170.16,0,0
18059,23,3,306.46,2011-10-03 09:30:00,2011-11-16 16:49:00,102.15,44,0
18061,22,10,2119.41,2010-12-08 13:03:00,2011-11-18 11:20:00,211.94,344,0
18062,173,3,720.52,2011-01-06 10:03:00,2011-06-19 14:47:00,240.17,164,1
18064,133,2,814.0,2011-04-18 15:08:00,2011-07-29 16:39:00,407.0,102,1
18065,6,14,2392.83,2010-12-10 12:44:00,2011-12-04 10:30:00,170.92,358,0
18066,75,1,318.0,2011-09-25 15:30:00,2011-09-25 15:30:00,318.0,0,0
18067,40,1,396.33,2011-10-30 15:58:00,2011-10-30 15:58:00,396.33,0,0
18068,289,1,101.7,2011-02-23 14:50:00,2011-02-23 14:50:00,101.7,0,1
18069,26,5,2009.24,2011-01-16 15:50:00,2011-11-13 16:03:00,401.85,301,0
18071,258,2,453.0,2010-12-09 10:33:00,2011-03-27 11:59:00,226.5,108,1
18072,186,1,247.44,2011-06-07 10:44:00,2011-06-07 10:44:00,247.44,0,1
18073,114,12,3859.82,2011-05-26 19:38:00,2011-08-17 14:02:00,321.65,82,1
18074,374,1,489.6,2010-12-01 09:53:00,2010-12-01 09:53:00,489.6,0,1
18075,23,10,2611.75,2010-12-14 10:48:00,2011-11-16 15:21:00,261.18,337,0
18077,8,11,2584.41,2010-12-08 10:21:00,2011-12-01 13:32:00,234.95,358,0
18078,217,2,336.13,2011-03-25 15:08:00,2011-05-06 14:32:00,168.06,41,1
18079,45,4,3613.15,2011-04-15 12:14:00,2011-10-25 15:27:00,903.29,193,0
18080,19,2,1231.5,2011-04-11 10:10:00,2011-11-21 08:02:00,615.75,223,0
18081,36,3,343.45,2011-07-29 11:56:00,2011-11-03 16:30:00,114.48,97,0
18082,26,1,680.84,2011-11-14 12:45:00,2011-11-14 12:45:00,680.84,0,0
18084,16,1,90.48,2011-11-23 13:57:00,2011-11-23 13:57:00,90.48,0,0
18085,330,2,689.95,2010-12-01 12:08:00,2011-01-13 15:17:00,344.98,43,1
18086,274,1,101.34,2011-03-10 13:34:00,2011-03-10 13:34:00,101.34,0,1
18087,98,2,4055.7200000000003,2011-02-22 10:43:00,2011-09-02 15:12:00,2027.86,192,1
18088,61,1,166.03,2011-10-09 13:41:00,2011-10-09 13:41:00,166.03,0,0
18092,2,11,9068.26,2010-12-09 10:00:00,2011-12-07 13:14:00,824.39,363,0
18093,93,4,2106.52,2011-02-10 12:15:00,2011-09-07 15:43:00,526.63,209,1
18094,82,7,3017.3,2011-02-21 08:50:00,2011-09-19 09:28:00,431.04,210,0
18095,312,2,580.05,2011-01-11 12:37:00,2011-01-31 12:50:00,290.02,20,1
18096,12,3,849.06,2011-10-07 11:55:00,2011-11-28 12:44:00,283.02,52,0
18097,8,6,2662.4,2010-12-20 14:49:00,2011-12-02 11:16:00,443.73,346,0
18099,127,1,168.31,2011-08-04 15:52:00,2011-08-04 15:52:00,168.31,0,1
18101,11,2,222.4,2011-07-19 13:05:00,2011-11-28 13:37:00,111.2,132,0
18102,1,60,259657.3,2010-12-07 16:42:00,2011-12-09 11:50:00,4327.62,366,0
18104,37,1,754.64,2011-11-02 14:07:00,2011-11-02 14:07:00,754.64,0,0
18105,38,1,113.48000000000002,2011-11-02 12:04:00,2011-11-02 12:04:00,113.48,0,0
18106,330,1,421.9,2011-01-14 12:23:00,2011-01-14 12:23:00,421.9,0,1
18108,254,1,271.0,2011-03-30 13:56:00,2011-03-30 13:56:00,271.0,0,1
18109,2,26,8004.92,2010-12-05 10:58:00,2011-12-08 11:36:00,307.88,368,0
18110,20,1,198.8,2011-11-20 12:34:00,2011-11-20 12:34:00,198.8,0,0
18112,12,2,352.69,2011-06-26 13:56:00,2011-11-27 14:43:00,176.34,154,0
18113,369,1,76.32000000000001,2010-12-06 12:31:00,2010-12-06 12:31:00,76.32,0,1
18114,290,1,220.1,2011-02-22 13:20:00,2011-02-22 13:20:00,220.1,0,1
18116,68,8,1403.1100000000001,2010-12-10 12:14:00,2011-10-03 11:00:00,175.39,296,0
18117,26,1,315.65,2011-11-14 12:47:00,2011-11-14 12:47:00,315.65,0,0
18118,11,26,5625.08,2010-12-05 12:13:00,2011-11-29 11:32:00,216.35,358,0
18119,368,1,180.7,2010-12-07 11:59:00,2010-12-07 11:59:00,180.7,0,1
18120,214,1,111.15,2011-05-09 13:45:00,2011-05-09 13:45:00,111.15,0,1
18121,149,2,653.3000000000001,2011-07-08 12:14:00,2011-07-13 12:53:00,326.65,5,1
18122,8,6,1793.06,2011-07-12 11:37:00,2011-12-01 13:08:00,298.84,142,0
18123,24,2,574.4399999999999,2011-11-08 13:31:00,2011-11-15 14:23:00,287.22,7,0
18125,30,4,1131.75,2011-01-27 15:02:00,2011-11-10 12:29:00,282.94,286,0
18126,61,1,200.92,2011-10-10 12:19:00,2011-10-10 12:19:00,200.92,0,0
18127,19,3,347.08,2011-07-29 10:06:00,2011-11-20 14:05:00,115.69,114,0
18129,243,1,112.55000000000001,2011-04-10 14:16:00,2011-04-10 14:16:00,112.55,0,1
18130,15,3,1059.39,2011-10-13 15:58:00,2011-11-24 14:40:00,353.13,41,0
18133,212,1,931.5,2011-05-11 14:14:00,2011-05-11 14:14:00,931.5,0,1
18135,29,5,681.91,2011-06-02 14:04:00,2011-11-10 19:32:00,136.38,161,0
18136,63,3,784.33,2011-01-24 12:08:00,2011-10-07 15:40:00,261.44,256,0
18138,295,1,152.65,2011-02-17 14:51:00,2011-02-17 14:51:00,152.65,0,1
18139,18,6,8438.34,2011-11-21 14:06:00,2011-11-22 10:44:00,1406.39,0,0
18142,157,2,1019.52,2011-05-08 12:31:00,2011-07-05 13:19:00,509.76,58,1
18143,117,2,1000.16,2011-07-21 10:44:00,2011-08-15 12:07:00,500.08,25,1
18144,8,12,2888.75,2010-12-01 13:45:00,2011-12-02 12:46:00,240.73,365,0
18145,13,4,2861.55,2011-01-31 12:10:00,2011-11-27 11:22:00,715.39,299,0
18146,141,2,160.35,2011-05-03 16:35:00,2011-07-22 12:08:00,80.18,79,1
18147,46,2,179.34,2011-08-23 12:22:00,2011-10-25 11:46:00,89.67,62,0
18149,51,3,612.0799999999999,2011-03-11 12:44:00,2011-10-20 12:04:00,204.03,222,0
18150,32,3,566.58,2011-05-22 10:47:00,2011-11-07 16:49:00,188.86,169,0
18151,135,2,653.35,2011-02-23 08:29:00,2011-07-28 11:35:00,326.68,155,1
18154,3,2,399.19,2011-10-27 10:40:00,2011-12-06 16:41:00,199.6,40,0
18155,75,3,371.62,2011-02-21 10:36:00,2011-09-25 13:32:00,123.87,216,0
18156,13,2,675.64,2010-12-05 12:29:00,2011-11-27 12:24:00,337.82,356,0
18158,9,2,453.4,2011-09-12 09:03:00,2011-11-30 16:19:00,226.7,79,0
18159,301,1,530.15,2011-02-11 14:26:00,2011-02-11 14:26:00,530.15,0,1
18160,57,2,638.0600000000001,2011-05-23 13:41:00,2011-10-13 15:50:00,319.03,143,0
18161,15,5,1618.69,2011-01-24 11:56:00,2011-11-24 16:40:00,323.74,304,0
18164,37,1,399.65,2011-11-02 12:56:00,2011-11-02 12:56:00,399.65,0,0
18165,177,1,302.46,2011-06-15 13:23:00,2011-06-15 13:23:00,302.46,0,1
18167,23,3,1384.8600000000001,2011-08-26 11:40:00,2011-11-16 15:56:00,461.62,82,0
18168,176,6,1160.04,2010-12-02 18:08:00,2011-06-16 19:21:00,193.34,196,1
18169,61,1,202.65,2011-10-10 12:18:00,2011-10-10 12:18:00,202.65,0,0
18170,33,3,980.3100000000001,2011-05-06 15:13:00,2011-11-06 14:35:00,326.77,183,0
18171,59,5,1231.31,2011-01-10 09:55:00,2011-10-12 09:13:00,246.26,274,0
18172,15,20,7561.68,2011-02-23 10:44:00,2011-11-25 11:12:00,378.08,275,0
18173,87,4,2106.84,2011-03-10 11:56:00,2011-09-14 11:26:00,526.71,187,0
18174,7,1,104.0,2011-12-02 16:56:00,2011-12-02 16:56:00,104.0,0,0
18176,358,1,476.35,2010-12-16 15:45:00,2010-12-16 15:45:00,476.35,0,1
18177,31,6,1340.8700000000001,2011-03-29 08:46:00,2011-11-08 14:44:00,223.48,224,0
18178,129,4,1590.81,2010-12-10 12:42:00,2011-08-03 09:30:00,397.7,235,1
18179,9,6,1793.17,2011-01-07 14:22:00,2011-11-30 16:23:00,298.86,327,0
18180,5,6,1843.75,2011-07-20 08:59:00,2011-12-05 08:39:00,307.29,137,0
18181,24,1,366.85,2011-11-15 15:08:00,2011-11-15 15:08:00,366.85,0,0
18183,227,2,632.07,2011-03-10 10:08:00,2011-04-26 15:26:00,316.04,47,1
18184,15,1,49.8,2011-11-24 15:28:00,2011-11-24 15:28:00,49.8,0,0
18185,249,1,304.25,2011-04-04 13:42:00,2011-04-04 13:42:00,304.25,0,1
18188,15,3,2001.04,2011-02-22 14:43:00,2011-11-24 16:46:00,667.01,275,0
18189,78,2,1090.24,2011-03-17 09:49:00,2011-09-23 12:40:00,545.12,190,0
18190,192,2,284.46000000000004,2011-01-13 10:35:00,2011-05-31 14:48:00,142.23,138,1
18191,262,1,207.8,2011-03-23 12:08:00,2011-03-23 12:08:00,207.8,0,1
18192,72,1,957.97,2011-09-29 09:53:00,2011-09-29 09:53:00,957.97,0,0
18193,165,1,243.76,2011-06-27 13:58:00,2011-06-27 13:58:00,243.76,0,1
18194,82,1,973.84,2011-09-18 13:29:00,2011-09-18 13:29:00,973.84,0,0
18196,95,2,686.63,2011-02-22 16:13:00,2011-09-05 16:22:00,343.32,195,1
18198,4,17,5425.56,2011-01-07 13:39:00,2011-12-05 14:49:00,319.15,332,0
18200,106,1,150.35,2011-08-25 18:45:00,2011-08-25 18:45:00,150.35,0,1
18202,200,3,1396.99,2011-02-01 13:36:00,2011-05-24 12:12:00,465.66,111,1
18203,157,1,160.42000000000002,2011-07-05 13:07:00,2011-07-05 13:07:00,160.42,0,1
18204,71,3,1975.3500000000001,2011-05-31 15:26:00,2011-09-29 16:44:00,658.45,121,0
18205,36,2,517.36,2011-09-26 12:02:00,2011-11-03 13:22:00,258.68,38,0
18209,29,1,139.10000000000002,2011-11-11 12:07:00,2011-11-11 12:07:00,139.1,0,0
18210,2,6,2621.38,2011-03-17 16:58:00,2011-12-08 11:02:00,436.9,265,0
18211,26,5,600.07,2011-03-06 12:09:00,2011-11-14 08:10:00,120.01,252,0
18212,326,1,216.07,2011-01-17 16:14:00,2011-01-17 16:14:00,216.07,0,1
18213,237,1,232.48000000000002,2011-04-17 10:21:00,2011-04-17 10:21:00,232.48,0,1
18215,89,1,299.34000000000003,2011-09-11 16:05:00,2011-09-11 16:05:00,299.34,0,0
18216,31,1,481.75,2011-11-08 16:55:00,2011-11-08 16:55:00,481.75,0,0
18217,29,2,621.75,2011-09-30 10:44:00,2011-11-10 13:18:00,310.88,41,0
18218,211,2,641.92,2011-03-03 12:24:00,2011-05-12 12:53:00,320.96,70,1
18219,3,10,2069.77,2010-12-06 10:05:00,2011-12-07 11:43:00,206.98,366,0
18220,227,1,305.28,2011-04-27 09:03:00,2011-04-27 09:03:00,305.28,0,1
18221,22,5,1041.61,2011-05-12 14:13:00,2011-11-17 14:40:00,208.32,189,0
18222,93,1,443.0,2011-09-08 10:45:00,2011-09-08 10:45:00,443.0,0,1
18223,5,14,6484.54,2010-12-16 16:42:00,2011-12-05 09:11:00,463.18,353,0
18224,264,1,158.95000000000002,2011-03-21 10:30:00,2011-03-21 10:30:00,158.95,0,1
18225,3,12,5504.96,2010-12-09 15:46:00,2011-12-06 13:27:00,458.75,361,0
18226,44,11,5228.05,2011-01-06 09:00:00,2011-10-26 13:36:00,475.28,293,0
18227,218,1,93.75,2011-05-06 12:23:00,2011-05-06 12:23:00,93.75,0,1
18228,57,2,779.9,2011-09-21 10:48:00,2011-10-14 09:21:00,389.95,22,0
18229,12,20,7276.9,2010-12-01 16:25:00,2011-11-28 09:48:00,363.84,361,0
18230,9,7,2810.2000000000003,2011-02-10 13:06:00,2011-11-30 13:22:00,401.46,293,0
18231,192,5,2071.77,2011-02-24 09:08:00,2011-05-31 14:18:00,414.35,96,1
18232,82,4,592.97,2011-05-26 16:30:00,2011-09-19 11:49:00,148.24,115,0
18233,326,1,440.0,2011-01-18 08:44:00,2011-01-18 08:44:00,440.0,0,1
18235,72,3,1796.48,2011-05-06 13:35:00,2011-09-29 08:27:00,598.83,145,0
18236,30,6,882.24,2011-04-13 09:52:00,2011-11-10 08:06:00,147.04,210,0
18237,3,5,987.1,2011-07-28 13:05:00,2011-12-07 12:49:00,197.42,131,0
18239,219,5,1561.6100000000001,2010-12-02 17:48:00,2011-05-05 12:38:00,312.32,153,1
18240,46,1,422.58,2011-10-24 13:06:00,2011-10-24 13:06:00,422.58,0,0
18241,10,17,2073.09,2011-05-06 09:22:00,2011-11-30 12:10:00,121.95,208,0
18242,72,4,2232.4900000000002,2011-05-10 11:20:00,2011-09-28 13:43:00,558.12,141,0
18245,7,7,2567.06,2010-12-19 14:58:00,2011-12-02 14:48:00,366.72,347,0
18246,24,2,596.1,2011-04-20 13:55:00,2011-11-16 11:49:00,298.05,209,0
18248,123,2,804.02,2011-06-06 13:18:00,2011-08-09 10:19:00,402.01,63,1
18249,17,1,95.34,2011-11-22 15:07:00,2011-11-22 15:07:00,95.34,0,0
18250,310,1,349.27,2011-02-02 13:16:00,2011-02-02 13:16:00,349.27,0,1
18251,87,1,4314.72,2011-09-13 15:03:00,2011-09-13 15:03:00,4314.72,0,0
18252,51,2,518.27,2011-06-21 11:47:00,2011-10-20 12:43:00,259.14,121,0
18255,89,1,103.30000000000001,2011-09-11 13:16:00,2011-09-11 13:16:00,103.3,0,0
18257,39,8,2337.63,2011-02-16 15:13:00,2011-10-31 14:48:00,292.2,256,0
18259,25,3,2338.6,2010-12-08 13:38:00,2011-11-15 12:34:00,779.53,341,0
18260,173,6,2628.35,2010-12-16 18:23:00,2011-06-20 12:37:00,438.06,185,1
18261,43,2,324.24,2011-09-05 09:34:00,2011-10-27 15:36:00,162.12,52,0
18262,140,1,149.48,2011-07-22 16:04:00,2011-07-22 16:04:00,149.48,0,1
18263,26,3,1213.16,2011-04-01 11:48:00,2011-11-14 09:00:00,404.39,226,0
18265,72,2,801.51,2011-07-04 15:26:00,2011-09-28 14:10:00,400.76,85,0
18268,134,1,25.5,2011-07-28 19:13:00,2011-07-28 19:13:00,25.5,0,1
18269,366,1,168.60000000000002,2010-12-08 13:53:00,2010-12-08 13:53:00,168.6,0,1
18270,38,2,283.15000000000003,2011-03-18 12:41:00,2011-11-01 13:57:00,141.58,228,0
18272,3,6,3078.58,2011-04-07 09:35:00,2011-12-07 12:43:00,513.1,244,0
18273,2,3,204.0,2011-03-27 11:22:00,2011-12-07 13:16:00,68.0,255,0
18274,30,1,175.92,2011-11-09 17:03:00,2011-11-09 17:03:00,175.92,0,0
18276,44,1,335.86,2011-10-27 10:54:00,2011-10-27 10:54:00,335.86,0,0
18277,58,1,110.38,2011-10-12 15:22:00,2011-10-12 15:22:00,110.38,0,0
18278,74,1,173.9,2011-09-27 11:58:00,2011-09-27 11:58:00,173.9,0,0
18280,278,1,180.60000000000002,2011-03-07 09:52:00,2011-03-07 09:52:00,180.6,0,1
18281,181,1,80.82,2011-06-12 10:53:00,2011-06-12 10:53:00,80.82,0,1
18282,8,2,178.05,2011-08-05 13:35:00,2011-12-02 11:43:00,89.02,118,0
18283,4,16,2045.53,2011-01-06 14:14:00,2011-12-06 12:02:00,127.85,333,0
18287,43,3,1837.28,2011-05-22 10:39:00,2011-10-28 09:29:00,612.43,158,0
